

================================================================
== Vitis HLS Report for 'arith_encode'
================================================================
* Date:           Sat Aug  1 19:34:10 2026

* Version:        2025.2.1 (Build 6397637 on Mar 18 2026)
* Project:        work_k8_report
* Solution:       hls (Vitis Kernel Flow Target)
* Product family: zynquplus
* Target device:  xck26-sfvc784-2LV-c


================================================================
== Performance Estimates
================================================================
+ Timing: 
    * Summary: 
    +--------+---------+----------+------------+
    |  Clock |  Target | Estimated| Uncertainty|
    +--------+---------+----------+------------+
    |ap_clk  |  5.00 ns|  3.650 ns|     1.35 ns|
    +--------+---------+----------+------------+

+ Latency: 
    * Summary: 
    +---------+---------+----------+----------+-----+-----+---------+
    |  Latency (cycles) |  Latency (absolute) |  Interval | Pipeline|
    |   min   |   max   |    min   |    max   | min | max |   Type  |
    +---------+---------+----------+----------+-----+-----+---------+
    |        ?|        ?|         ?|         ?|    ?|    ?|       no|
    +---------+---------+----------+----------+-----+-----+---------+

    + Detail: 
        * Instance: 
        +--------------------------------------------------+---------------------------------------+---------+-----------+-----------+-----------+-----+-----+-------------------+
        |                                                  |                                       |   Latency (cycles)  |   Latency (absolute)  |  Interval |      Pipeline     |
        |                     Instance                     |                 Module                |   min   |    max    |    min    |    max    | min | max |        Type       |
        +--------------------------------------------------+---------------------------------------+---------+-----------+-----------+-----------+-----+-----+-------------------+
        |grp_encode_chunk_fu_264                           |encode_chunk                           |        ?|          ?|          ?|          ?|    ?|    ?|                 no|
        |grp_encode_chunk_fu_273                           |encode_chunk                           |        ?|          ?|          ?|          ?|    ?|    ?|                 no|
        |grp_encode_chunk_fu_282                           |encode_chunk                           |        ?|          ?|          ?|          ?|    ?|    ?|                 no|
        |grp_encode_chunk_fu_291                           |encode_chunk                           |        ?|          ?|          ?|          ?|    ?|    ?|                 no|
        |grp_encode_chunk_fu_300                           |encode_chunk                           |        ?|          ?|          ?|          ?|    ?|    ?|                 no|
        |grp_encode_chunk_fu_309                           |encode_chunk                           |        ?|          ?|          ?|          ?|    ?|    ?|                 no|
        |grp_encode_chunk_fu_318                           |encode_chunk                           |        ?|          ?|          ?|          ?|    ?|    ?|                 no|
        |grp_encode_chunk_fu_327                           |encode_chunk                           |        ?|          ?|          ?|          ?|    ?|    ?|                 no|
        |grp_arith_encode_Pipeline_VITIS_LOOP_66_1_fu_336  |arith_encode_Pipeline_VITIS_LOOP_66_1  |        2|  268435458|  10.000 ns|  1.342 sec|    0|    0|  loop pipeline stp|
        |grp_arith_encode_Pipeline_Header_fu_361           |arith_encode_Pipeline_Header           |       10|         10|  50.000 ns|  50.000 ns|    0|    0|  loop pipeline stp|
        |grp_arith_encode_Pipeline_VITIS_LOOP_89_2_fu_374  |arith_encode_Pipeline_VITIS_LOOP_89_2  |        ?|          ?|          ?|          ?|    0|    0|  loop pipeline stp|
        +--------------------------------------------------+---------------------------------------+---------+-----------+-----------+-----------+-----+-----+-------------------+

        * Loop: 
        +----------+---------+------------+----------------+-----------+-----------+------+----------+
        |          |   Latency (cycles)   |    Iteration   |  Initiation Interval  | Trip |          |
        | Loop Name|   min   |     max    |     Latency    |  achieved |   target  | Count| Pipelined|
        +----------+---------+------------+----------------+-----------+-----------+------+----------+
        |- Split   |      616|  2147484264|  77 ~ 268435533|          -|          -|     8|        no|
        |- Concat  |        ?|           ?|               ?|          -|          -|     8|        no|
        +----------+---------+------------+----------------+-----------+-----------+------+----------+



================================================================
== Utilization Estimates
================================================================
* Summary: 
+-----------------+---------+------+--------+--------+-----+
|       Name      | BRAM_18K|  DSP |   FF   |   LUT  | URAM|
+-----------------+---------+------+--------+--------+-----+
|DSP              |        -|     -|       -|       -|    -|
|Expression       |        -|     -|       0|     881|    -|
|FIFO             |        -|     -|       -|       -|    -|
|Instance         |       10|    48|   22712|   41081|    0|
|Memory           |       16|     -|       0|       0|    0|
|Multiplexer      |        -|     -|       0|    1609|    -|
|Register         |        -|     -|    1627|       -|    -|
+-----------------+---------+------+--------+--------+-----+
|Total            |       26|    48|   24339|   43571|    0|
+-----------------+---------+------+--------+--------+-----+
|Available        |      288|  1248|  234240|  117120|   64|
+-----------------+---------+------+--------+--------+-----+
|Utilization (%)  |        9|     3|      10|      37|    0|
+-----------------+---------+------+--------+--------+-----+

+ Detail: 
    * Instance: 
    +--------------------------------------------------+---------------------------------------+---------+----+------+------+-----+
    |                     Instance                     |                 Module                | BRAM_18K| DSP|  FF  |  LUT | URAM|
    +--------------------------------------------------+---------------------------------------+---------+----+------+------+-----+
    |grp_arith_encode_Pipeline_Header_fu_361           |arith_encode_Pipeline_Header           |        0|   0|   135|   105|    0|
    |grp_arith_encode_Pipeline_VITIS_LOOP_66_1_fu_336  |arith_encode_Pipeline_VITIS_LOOP_66_1  |        0|   0|    44|   104|    0|
    |grp_arith_encode_Pipeline_VITIS_LOOP_89_2_fu_374  |arith_encode_Pipeline_VITIS_LOOP_89_2  |        0|   0|   380|   758|    0|
    |control_s_axi_U                                   |control_s_axi                          |        0|   0|   246|   424|    0|
    |grp_encode_chunk_fu_264                           |encode_chunk                           |        1|   6|  2561|  4749|    0|
    |grp_encode_chunk_fu_273                           |encode_chunk                           |        1|   6|  2561|  4749|    0|
    |grp_encode_chunk_fu_282                           |encode_chunk                           |        1|   6|  2561|  4749|    0|
    |grp_encode_chunk_fu_291                           |encode_chunk                           |        1|   6|  2561|  4749|    0|
    |grp_encode_chunk_fu_300                           |encode_chunk                           |        1|   6|  2561|  4749|    0|
    |grp_encode_chunk_fu_309                           |encode_chunk                           |        1|   6|  2561|  4749|    0|
    |grp_encode_chunk_fu_318                           |encode_chunk                           |        1|   6|  2561|  4749|    0|
    |grp_encode_chunk_fu_327                           |encode_chunk                           |        1|   6|  2561|  4749|    0|
    |gmem0_m_axi_U                                     |gmem0_m_axi                            |        2|   0|   707|   757|    0|
    |gmem1_m_axi_U                                     |gmem1_m_axi                            |        0|   0|   712|   873|    0|
    |mul_4ns_30s_33_1_1_U115                           |mul_4ns_30s_33_1_1                     |        0|   0|     0|    25|    0|
    |sparsemux_17_3_32_1_1_U116                        |sparsemux_17_3_32_1_1                  |        0|   0|     0|    43|    0|
    +--------------------------------------------------+---------------------------------------+---------+----+------+------+-----+
    |Total                                             |                                       |       10|  48| 22712| 41081|    0|
    +--------------------------------------------------+---------------------------------------+---------+----+------+------+-----+

    * DSP: 
    N/A

    * Memory: 
    +--------------------------------------------------------------+----------------------------------------------------------------------+---------+---+----+-----+------+-----+------+-------------+
    |                            Memory                            |                                Module                                | BRAM_18K| FF| LUT| URAM| Words| Bits| Banks| W*Bits*Banks|
    +--------------------------------------------------------------+----------------------------------------------------------------------+---------+---+----+-----+------+-----+------+-------------+
    |arith_encode_unsigned_char_const_int_unsigned_char_buf_U      |arith_encode_unsigned_char_const_int_unsigned_char_buf_RAM_AUTO_1R1W  |        1|  0|   0|    0|   576|    8|     1|         4608|
    |arith_encode_unsigned_char_const_int_unsigned_char_buf_2_U    |arith_encode_unsigned_char_const_int_unsigned_char_buf_RAM_AUTO_1R1W  |        1|  0|   0|    0|   576|    8|     1|         4608|
    |arith_encode_unsigned_char_const_int_unsigned_char_buf_3_U    |arith_encode_unsigned_char_const_int_unsigned_char_buf_RAM_AUTO_1R1W  |        1|  0|   0|    0|   576|    8|     1|         4608|
    |arith_encode_unsigned_char_const_int_unsigned_char_buf_4_U    |arith_encode_unsigned_char_const_int_unsigned_char_buf_RAM_AUTO_1R1W  |        1|  0|   0|    0|   576|    8|     1|         4608|
    |arith_encode_unsigned_char_const_int_unsigned_char_buf_5_U    |arith_encode_unsigned_char_const_int_unsigned_char_buf_RAM_AUTO_1R1W  |        1|  0|   0|    0|   576|    8|     1|         4608|
    |arith_encode_unsigned_char_const_int_unsigned_char_buf_6_U    |arith_encode_unsigned_char_const_int_unsigned_char_buf_RAM_AUTO_1R1W  |        1|  0|   0|    0|   576|    8|     1|         4608|
    |arith_encode_unsigned_char_const_int_unsigned_char_buf_7_U    |arith_encode_unsigned_char_const_int_unsigned_char_buf_RAM_AUTO_1R1W  |        1|  0|   0|    0|   576|    8|     1|         4608|
    |arith_encode_unsigned_char_const_int_unsigned_char_buf_8_U    |arith_encode_unsigned_char_const_int_unsigned_char_buf_RAM_AUTO_1R1W  |        1|  0|   0|    0|   576|    8|     1|         4608|
    |arith_encode_unsigned_char_const_int_unsigned_char_cout_U     |arith_encode_unsigned_char_const_int_unsigned_char_buf_RAM_AUTO_1R1W  |        1|  0|   0|    0|   576|    8|     1|         4608|
    |arith_encode_unsigned_char_const_int_unsigned_char_cout_9_U   |arith_encode_unsigned_char_const_int_unsigned_char_buf_RAM_AUTO_1R1W  |        1|  0|   0|    0|   576|    8|     1|         4608|
    |arith_encode_unsigned_char_const_int_unsigned_char_cout_10_U  |arith_encode_unsigned_char_const_int_unsigned_char_buf_RAM_AUTO_1R1W  |        1|  0|   0|    0|   576|    8|     1|         4608|
    |arith_encode_unsigned_char_const_int_unsigned_char_cout_11_U  |arith_encode_unsigned_char_const_int_unsigned_char_buf_RAM_AUTO_1R1W  |        1|  0|   0|    0|   576|    8|     1|         4608|
    |arith_encode_unsigned_char_const_int_unsigned_char_cout_12_U  |arith_encode_unsigned_char_const_int_unsigned_char_buf_RAM_AUTO_1R1W  |        1|  0|   0|    0|   576|    8|     1|         4608|
    |arith_encode_unsigned_char_const_int_unsigned_char_cout_13_U  |arith_encode_unsigned_char_const_int_unsigned_char_buf_RAM_AUTO_1R1W  |        1|  0|   0|    0|   576|    8|     1|         4608|
    |arith_encode_unsigned_char_const_int_unsigned_char_cout_14_U  |arith_encode_unsigned_char_const_int_unsigned_char_buf_RAM_AUTO_1R1W  |        1|  0|   0|    0|   576|    8|     1|         4608|
    |arith_encode_unsigned_char_const_int_unsigned_char_cout_15_U  |arith_encode_unsigned_char_const_int_unsigned_char_buf_RAM_AUTO_1R1W  |        1|  0|   0|    0|   576|    8|     1|         4608|
    +--------------------------------------------------------------+----------------------------------------------------------------------+---------+---+----+-----+------+-----+------+-------------+
    |Total                                                         |                                                                      |       16|  0|   0|    0|  9216|  128|    16|        73728|
    +--------------------------------------------------------------+----------------------------------------------------------------------+---------+---+----+-----+------+-----+------+-------------+

    * FIFO: 
    N/A

    * Expression: 
    +----------------------------------+----------+----+---+----+------------+------------+
    |           Variable Name          | Operation| DSP| FF| LUT| Bitwidth P0| Bitwidth P1|
    +----------------------------------+----------+----+---+----+------------+------------+
    |add_ln61_fu_404_p2                |         +|   0|  0|  39|          32|           3|
    |add_ln63_1_fu_496_p2              |         +|   0|  0|  12|           4|           1|
    |add_ln63_fu_611_p2                |         +|   0|  0|  71|          64|          64|
    |add_ln88_fu_822_p2                |         +|   0|  0|  12|           4|           1|
    |oi_6_fu_872_p2                    |         +|   0|  0|  39|          32|          32|
    |sub_ln61_1_fu_438_p2              |         -|   0|  0|  37|           1|          30|
    |sub_ln61_fu_418_p2                |         -|   0|  0|  39|           4|          32|
    |sub_ln65_fu_616_p2                |         -|   0|  0|  41|          34|          34|
    |empty_59_fu_657_p2                |      icmp|   0|  0|  39|          32|           1|
    |icmp_ln63_fu_490_p2               |      icmp|   0|  0|  12|           4|           5|
    |icmp_ln65_fu_621_p2               |      icmp|   0|  0|  41|          34|          34|
    |icmp_ln88_fu_816_p2               |      icmp|   0|  0|  12|           4|           5|
    |icmp_ln89_fu_866_p2               |      icmp|   0|  0|  39|          32|           1|
    |ap_block_state1                   |        or|   0|  0|   2|           1|           1|
    |ap_block_state77_on_subcall_done  |        or|   0|  0|   2|           1|           1|
    |chunk_fu_458_p3                   |    select|   0|  0|  30|           1|          30|
    |len_8_fu_630_p3                   |    select|   0|  0|  32|           1|          32|
    |len_9_fu_649_p3                   |    select|   0|  0|  31|           1|           1|
    |select_ln88_fu_878_p3             |    select|   0|  0|  32|           1|          32|
    |smax_fu_673_p3                    |    select|   0|  0|  31|           1|          31|
    |clen_8_fu_682_p2                  |       xor|   0|  0|  32|          32|           2|
    |len_10_fu_546_p2                  |       xor|   0|  0|  32|          32|           2|
    |len_11_fu_553_p2                  |       xor|   0|  0|  32|          32|           2|
    |len_12_fu_560_p2                  |       xor|   0|  0|  32|          32|           2|
    |len_13_fu_567_p2                  |       xor|   0|  0|  32|          32|           2|
    |len_14_fu_574_p2                  |       xor|   0|  0|  32|          32|           2|
    |len_15_fu_581_p2                  |       xor|   0|  0|  32|          32|           2|
    |len_16_fu_588_p2                  |       xor|   0|  0|  32|          32|           2|
    |len_fu_539_p2                     |       xor|   0|  0|  32|          32|           2|
    +----------------------------------+----------+----+---+----+------------+------------+
    |Total                             |          |   0|  0| 881|         576|         389|
    +----------------------------------+----------+----+---+----+------------+------------+

    * Multiplexer: 
    +---------------------------------------------------------------------+-----+-----------+-----+-----------+
    |                                 Name                                | LUT | Input Size| Bits| Total Bits|
    +---------------------------------------------------------------------+-----+-----------+-----+-----------+
    |ap_NS_fsm                                                            |  796|        151|    1|        151|
    |ap_done                                                              |    9|          2|    1|          2|
    |arith_encode_unsigned_char_const_int_unsigned_char_buf_2_address0    |   14|          3|   10|         30|
    |arith_encode_unsigned_char_const_int_unsigned_char_buf_2_ce0         |   14|          3|    1|          3|
    |arith_encode_unsigned_char_const_int_unsigned_char_buf_2_we0         |    9|          2|    1|          2|
    |arith_encode_unsigned_char_const_int_unsigned_char_buf_3_address0    |   14|          3|   10|         30|
    |arith_encode_unsigned_char_const_int_unsigned_char_buf_3_ce0         |   14|          3|    1|          3|
    |arith_encode_unsigned_char_const_int_unsigned_char_buf_3_we0         |    9|          2|    1|          2|
    |arith_encode_unsigned_char_const_int_unsigned_char_buf_4_address0    |   14|          3|   10|         30|
    |arith_encode_unsigned_char_const_int_unsigned_char_buf_4_ce0         |   14|          3|    1|          3|
    |arith_encode_unsigned_char_const_int_unsigned_char_buf_4_we0         |    9|          2|    1|          2|
    |arith_encode_unsigned_char_const_int_unsigned_char_buf_5_address0    |   14|          3|   10|         30|
    |arith_encode_unsigned_char_const_int_unsigned_char_buf_5_ce0         |   14|          3|    1|          3|
    |arith_encode_unsigned_char_const_int_unsigned_char_buf_5_we0         |    9|          2|    1|          2|
    |arith_encode_unsigned_char_const_int_unsigned_char_buf_6_address0    |   14|          3|   10|         30|
    |arith_encode_unsigned_char_const_int_unsigned_char_buf_6_ce0         |   14|          3|    1|          3|
    |arith_encode_unsigned_char_const_int_unsigned_char_buf_6_we0         |    9|          2|    1|          2|
    |arith_encode_unsigned_char_const_int_unsigned_char_buf_7_address0    |   14|          3|   10|         30|
    |arith_encode_unsigned_char_const_int_unsigned_char_buf_7_ce0         |   14|          3|    1|          3|
    |arith_encode_unsigned_char_const_int_unsigned_char_buf_7_we0         |    9|          2|    1|          2|
    |arith_encode_unsigned_char_const_int_unsigned_char_buf_8_address0    |   14|          3|   10|         30|
    |arith_encode_unsigned_char_const_int_unsigned_char_buf_8_ce0         |   14|          3|    1|          3|
    |arith_encode_unsigned_char_const_int_unsigned_char_buf_8_we0         |    9|          2|    1|          2|
    |arith_encode_unsigned_char_const_int_unsigned_char_buf_address0      |   14|          3|   10|         30|
    |arith_encode_unsigned_char_const_int_unsigned_char_buf_ce0           |   14|          3|    1|          3|
    |arith_encode_unsigned_char_const_int_unsigned_char_buf_we0           |    9|          2|    1|          2|
    |arith_encode_unsigned_char_const_int_unsigned_char_cout_10_address0  |   14|          3|   10|         30|
    |arith_encode_unsigned_char_const_int_unsigned_char_cout_10_ce0       |   14|          3|    1|          3|
    |arith_encode_unsigned_char_const_int_unsigned_char_cout_10_we0       |    9|          2|    1|          2|
    |arith_encode_unsigned_char_const_int_unsigned_char_cout_11_address0  |   14|          3|   10|         30|
    |arith_encode_unsigned_char_const_int_unsigned_char_cout_11_ce0       |   14|          3|    1|          3|
    |arith_encode_unsigned_char_const_int_unsigned_char_cout_11_we0       |    9|          2|    1|          2|
    |arith_encode_unsigned_char_const_int_unsigned_char_cout_12_address0  |   14|          3|   10|         30|
    |arith_encode_unsigned_char_const_int_unsigned_char_cout_12_ce0       |   14|          3|    1|          3|
    |arith_encode_unsigned_char_const_int_unsigned_char_cout_12_we0       |    9|          2|    1|          2|
    |arith_encode_unsigned_char_const_int_unsigned_char_cout_13_address0  |   14|          3|   10|         30|
    |arith_encode_unsigned_char_const_int_unsigned_char_cout_13_ce0       |   14|          3|    1|          3|
    |arith_encode_unsigned_char_const_int_unsigned_char_cout_13_we0       |    9|          2|    1|          2|
    |arith_encode_unsigned_char_const_int_unsigned_char_cout_14_address0  |   14|          3|   10|         30|
    |arith_encode_unsigned_char_const_int_unsigned_char_cout_14_ce0       |   14|          3|    1|          3|
    |arith_encode_unsigned_char_const_int_unsigned_char_cout_14_we0       |    9|          2|    1|          2|
    |arith_encode_unsigned_char_const_int_unsigned_char_cout_15_address0  |   14|          3|   10|         30|
    |arith_encode_unsigned_char_const_int_unsigned_char_cout_15_ce0       |   14|          3|    1|          3|
    |arith_encode_unsigned_char_const_int_unsigned_char_cout_15_we0       |    9|          2|    1|          2|
    |arith_encode_unsigned_char_const_int_unsigned_char_cout_9_address0   |   14|          3|   10|         30|
    |arith_encode_unsigned_char_const_int_unsigned_char_cout_9_ce0        |   14|          3|    1|          3|
    |arith_encode_unsigned_char_const_int_unsigned_char_cout_9_we0        |    9|          2|    1|          2|
    |arith_encode_unsigned_char_const_int_unsigned_char_cout_address0     |   14|          3|   10|         30|
    |arith_encode_unsigned_char_const_int_unsigned_char_cout_ce0          |   14|          3|    1|          3|
    |arith_encode_unsigned_char_const_int_unsigned_char_cout_we0          |    9|          2|    1|          2|
    |c_2_fu_216                                                           |    9|          2|    4|          8|
    |c_fu_172                                                             |    9|          2|    4|          8|
    |gmem0_0_ARADDR                                                       |   14|          3|   64|        192|
    |gmem0_0_ARLEN                                                        |   14|          3|   32|         96|
    |gmem0_0_ARVALID                                                      |   14|          3|    1|          3|
    |gmem0_0_RREADY                                                       |    9|          2|    1|          2|
    |gmem0_blk_n_AR                                                       |    9|          2|    1|          2|
    |gmem1_0_AWADDR                                                       |   14|          3|   64|        192|
    |gmem1_0_AWLEN                                                        |   14|          3|   32|         96|
    |gmem1_0_AWVALID                                                      |   14|          3|    1|          3|
    |gmem1_0_BREADY                                                       |   14|          3|    1|          3|
    |gmem1_0_WDATA                                                        |   14|          3|  128|        384|
    |gmem1_0_WSTRB                                                        |   14|          3|   16|         48|
    |gmem1_0_WVALID                                                       |   14|          3|    1|          3|
    |gmem1_blk_n_AW                                                       |    9|          2|    1|          2|
    |gmem1_blk_n_B                                                        |    9|          2|    1|          2|
    |gmem1_blk_n_W                                                        |    9|          2|    1|          2|
    |oi_fu_212                                                            |    9|          2|   32|         64|
    +---------------------------------------------------------------------+-----+-----------+-----+-----------+
    |Total                                                                | 1609|        327|  579|       1823|
    +---------------------------------------------------------------------+-----+-----------+-----+-----------+

    * Register: 
    +---------------------------------------------------------------+-----+----+-----+-----------+
    |                              Name                             |  FF | LUT| Bits| Const Bits|
    +---------------------------------------------------------------+-----+----+-----+-----------+
    |add_ln63_1_reg_991                                             |    4|   0|    4|          0|
    |add_ln63_reg_1062                                              |   64|   0|   64|          0|
    |ap_CS_fsm                                                      |  150|   0|  150|          0|
    |ap_done_reg                                                    |    1|   0|    1|          0|
    |ap_rst_n_inv                                                   |    1|   0|    1|          0|
    |ap_rst_reg_1                                                   |    1|   0|    1|          0|
    |ap_rst_reg_2                                                   |    1|   0|    1|          0|
    |c_2_fu_216                                                     |    4|   0|    4|          0|
    |c_fu_172                                                       |    4|   0|    4|          0|
    |clen_1_reg_1109                                                |   32|   0|   32|          0|
    |clen_2_reg_1119                                                |   32|   0|   32|          0|
    |clen_3_reg_1129                                                |   32|   0|   32|          0|
    |clen_4_reg_1139                                                |   32|   0|   32|          0|
    |clen_5_reg_1149                                                |   32|   0|   32|          0|
    |clen_6_reg_1159                                                |   32|   0|   32|          0|
    |clen_7_reg_1169                                                |   32|   0|   32|          0|
    |clen_reg_1099                                                  |   32|   0|   32|          0|
    |empty_51_fu_180                                                |   32|   0|   32|          0|
    |empty_52_fu_184                                                |   32|   0|   32|          0|
    |empty_53_fu_188                                                |   32|   0|   32|          0|
    |empty_54_fu_192                                                |   32|   0|   32|          0|
    |empty_55_fu_196                                                |   32|   0|   32|          0|
    |empty_56_fu_200                                                |   32|   0|   32|          0|
    |empty_57_fu_204                                                |   32|   0|   32|          0|
    |empty_59_reg_1079                                              |    1|   0|    1|          0|
    |empty_fu_176                                                   |   32|   0|   32|          0|
    |grp_arith_encode_Pipeline_Header_fu_361_ap_start_reg           |    1|   0|    1|          0|
    |grp_arith_encode_Pipeline_VITIS_LOOP_66_1_fu_336_ap_start_reg  |    1|   0|    1|          0|
    |grp_arith_encode_Pipeline_VITIS_LOOP_89_2_fu_374_ap_start_reg  |    1|   0|    1|          0|
    |grp_encode_chunk_fu_264_ap_start_reg                           |    1|   0|    1|          0|
    |grp_encode_chunk_fu_273_ap_start_reg                           |    1|   0|    1|          0|
    |grp_encode_chunk_fu_282_ap_start_reg                           |    1|   0|    1|          0|
    |grp_encode_chunk_fu_291_ap_start_reg                           |    1|   0|    1|          0|
    |grp_encode_chunk_fu_300_ap_start_reg                           |    1|   0|    1|          0|
    |grp_encode_chunk_fu_309_ap_start_reg                           |    1|   0|    1|          0|
    |grp_encode_chunk_fu_318_ap_start_reg                           |    1|   0|    1|          0|
    |grp_encode_chunk_fu_327_ap_start_reg                           |    1|   0|    1|          0|
    |in_r_read_reg_957                                              |   64|   0|   64|          0|
    |len_10_reg_1027                                                |   32|   0|   32|          0|
    |len_11_reg_1032                                                |   32|   0|   32|          0|
    |len_12_reg_1037                                                |   32|   0|   32|          0|
    |len_13_reg_1042                                                |   32|   0|   32|          0|
    |len_14_reg_1047                                                |   32|   0|   32|          0|
    |len_15_reg_1052                                                |   32|   0|   32|          0|
    |len_16_reg_1057                                                |   32|   0|   32|          0|
    |len_9_reg_1073                                                 |   31|   0|   31|          0|
    |len_reg_1022                                                   |   32|   0|   32|          0|
    |mul_ln63_reg_1002                                              |   33|   0|   33|          0|
    |oi_fu_212                                                      |   32|   0|   32|          0|
    |oi_load_reg_1188                                               |   32|   0|   32|          0|
    |out_r_read_reg_951                                             |   64|   0|   64|          0|
    |sext_ln61_reg_968                                              |   32|   0|   32|          0|
    |sext_ln63_1_reg_983                                            |   34|   0|   34|          0|
    |sext_ln63_3_reg_978                                            |   33|   0|   33|          0|
    |sext_ln63_reg_973                                              |   34|   0|   34|          0|
    |smax_reg_1094                                                  |   31|   0|   31|          0|
    |tmp_9_reg_1198                                                 |   32|   0|   32|          0|
    |trunc_ln56_reg_1174                                            |   16|   0|   16|          0|
    |trunc_ln63_reg_996                                             |    3|   0|    3|          0|
    |trunc_ln65_1_reg_1068                                          |   31|   0|   31|          0|
    |trunc_ln76_1_reg_1114                                          |   16|   0|   16|          0|
    |trunc_ln76_2_reg_1124                                          |   16|   0|   16|          0|
    |trunc_ln76_3_reg_1134                                          |   16|   0|   16|          0|
    |trunc_ln76_4_reg_1144                                          |   16|   0|   16|          0|
    |trunc_ln76_5_reg_1154                                          |   16|   0|   16|          0|
    |trunc_ln76_6_reg_1164                                          |   16|   0|   16|          0|
    |trunc_ln76_reg_1104                                            |   16|   0|   16|          0|
    |trunc_ln88_reg_1193                                            |    3|   0|    3|          0|
    +---------------------------------------------------------------+-----+----+-----+-----------+
    |Total                                                          | 1627|   0| 1627|          0|
    +---------------------------------------------------------------+-----+----+-----+-----------+



================================================================
== Interface
================================================================
* Summary: 
+-----------------------+-----+-----+---------------+--------------+--------------+
|       RTL Ports       | Dir | Bits|    Protocol   | Source Object|    C Type    |
+-----------------------+-----+-----+---------------+--------------+--------------+
|s_axi_control_AWVALID  |   in|    1|          s_axi|       control|        scalar|
|s_axi_control_AWREADY  |  out|    1|          s_axi|       control|        scalar|
|s_axi_control_AWADDR   |   in|    6|          s_axi|       control|        scalar|
|s_axi_control_WVALID   |   in|    1|          s_axi|       control|        scalar|
|s_axi_control_WREADY   |  out|    1|          s_axi|       control|        scalar|
|s_axi_control_WDATA    |   in|   32|          s_axi|       control|        scalar|
|s_axi_control_WSTRB    |   in|    4|          s_axi|       control|        scalar|
|s_axi_control_ARVALID  |   in|    1|          s_axi|       control|        scalar|
|s_axi_control_ARREADY  |  out|    1|          s_axi|       control|        scalar|
|s_axi_control_ARADDR   |   in|    6|          s_axi|       control|        scalar|
|s_axi_control_RVALID   |  out|    1|          s_axi|       control|        scalar|
|s_axi_control_RREADY   |   in|    1|          s_axi|       control|        scalar|
|s_axi_control_RDATA    |  out|   32|          s_axi|       control|        scalar|
|s_axi_control_RRESP    |  out|    2|          s_axi|       control|        scalar|
|s_axi_control_BVALID   |  out|    1|          s_axi|       control|        scalar|
|s_axi_control_BREADY   |   in|    1|          s_axi|       control|        scalar|
|s_axi_control_BRESP    |  out|    2|          s_axi|       control|        scalar|
|ap_clk                 |   in|    1|  ap_ctrl_chain|  arith_encode|  return value|
|ap_rst_n               |   in|    1|  ap_ctrl_chain|  arith_encode|  return value|
|interrupt              |  out|    1|  ap_ctrl_chain|  arith_encode|  return value|
|m_axi_gmem0_AWVALID    |  out|    1|          m_axi|         gmem0|       pointer|
|m_axi_gmem0_AWREADY    |   in|    1|          m_axi|         gmem0|       pointer|
|m_axi_gmem0_AWADDR     |  out|   64|          m_axi|         gmem0|       pointer|
|m_axi_gmem0_AWID       |  out|    1|          m_axi|         gmem0|       pointer|
|m_axi_gmem0_AWLEN      |  out|    8|          m_axi|         gmem0|       pointer|
|m_axi_gmem0_AWSIZE     |  out|    3|          m_axi|         gmem0|       pointer|
|m_axi_gmem0_AWBURST    |  out|    2|          m_axi|         gmem0|       pointer|
|m_axi_gmem0_AWLOCK     |  out|    2|          m_axi|         gmem0|       pointer|
|m_axi_gmem0_AWCACHE    |  out|    4|          m_axi|         gmem0|       pointer|
|m_axi_gmem0_AWPROT     |  out|    3|          m_axi|         gmem0|       pointer|
|m_axi_gmem0_AWQOS      |  out|    4|          m_axi|         gmem0|       pointer|
|m_axi_gmem0_AWREGION   |  out|    4|          m_axi|         gmem0|       pointer|
|m_axi_gmem0_AWUSER     |  out|    1|          m_axi|         gmem0|       pointer|
|m_axi_gmem0_WVALID     |  out|    1|          m_axi|         gmem0|       pointer|
|m_axi_gmem0_WREADY     |   in|    1|          m_axi|         gmem0|       pointer|
|m_axi_gmem0_WDATA      |  out|   32|          m_axi|         gmem0|       pointer|
|m_axi_gmem0_WSTRB      |  out|    4|          m_axi|         gmem0|       pointer|
|m_axi_gmem0_WLAST      |  out|    1|          m_axi|         gmem0|       pointer|
|m_axi_gmem0_WID        |  out|    1|          m_axi|         gmem0|       pointer|
|m_axi_gmem0_WUSER      |  out|    1|          m_axi|         gmem0|       pointer|
|m_axi_gmem0_ARVALID    |  out|    1|          m_axi|         gmem0|       pointer|
|m_axi_gmem0_ARREADY    |   in|    1|          m_axi|         gmem0|       pointer|
|m_axi_gmem0_ARADDR     |  out|   64|          m_axi|         gmem0|       pointer|
|m_axi_gmem0_ARID       |  out|    1|          m_axi|         gmem0|       pointer|
|m_axi_gmem0_ARLEN      |  out|    8|          m_axi|         gmem0|       pointer|
|m_axi_gmem0_ARSIZE     |  out|    3|          m_axi|         gmem0|       pointer|
|m_axi_gmem0_ARBURST    |  out|    2|          m_axi|         gmem0|       pointer|
|m_axi_gmem0_ARLOCK     |  out|    2|          m_axi|         gmem0|       pointer|
|m_axi_gmem0_ARCACHE    |  out|    4|          m_axi|         gmem0|       pointer|
|m_axi_gmem0_ARPROT     |  out|    3|          m_axi|         gmem0|       pointer|
|m_axi_gmem0_ARQOS      |  out|    4|          m_axi|         gmem0|       pointer|
|m_axi_gmem0_ARREGION   |  out|    4|          m_axi|         gmem0|       pointer|
|m_axi_gmem0_ARUSER     |  out|    1|          m_axi|         gmem0|       pointer|
|m_axi_gmem0_RVALID     |   in|    1|          m_axi|         gmem0|       pointer|
|m_axi_gmem0_RREADY     |  out|    1|          m_axi|         gmem0|       pointer|
|m_axi_gmem0_RDATA      |   in|   32|          m_axi|         gmem0|       pointer|
|m_axi_gmem0_RLAST      |   in|    1|          m_axi|         gmem0|       pointer|
|m_axi_gmem0_RID        |   in|    1|          m_axi|         gmem0|       pointer|
|m_axi_gmem0_RUSER      |   in|    1|          m_axi|         gmem0|       pointer|
|m_axi_gmem0_RRESP      |   in|    2|          m_axi|         gmem0|       pointer|
|m_axi_gmem0_BVALID     |   in|    1|          m_axi|         gmem0|       pointer|
|m_axi_gmem0_BREADY     |  out|    1|          m_axi|         gmem0|       pointer|
|m_axi_gmem0_BRESP      |   in|    2|          m_axi|         gmem0|       pointer|
|m_axi_gmem0_BID        |   in|    1|          m_axi|         gmem0|       pointer|
|m_axi_gmem0_BUSER      |   in|    1|          m_axi|         gmem0|       pointer|
|m_axi_gmem1_AWVALID    |  out|    1|          m_axi|         gmem1|       pointer|
|m_axi_gmem1_AWREADY    |   in|    1|          m_axi|         gmem1|       pointer|
|m_axi_gmem1_AWADDR     |  out|   64|          m_axi|         gmem1|       pointer|
|m_axi_gmem1_AWID       |  out|    1|          m_axi|         gmem1|       pointer|
|m_axi_gmem1_AWLEN      |  out|    8|          m_axi|         gmem1|       pointer|
|m_axi_gmem1_AWSIZE     |  out|    3|          m_axi|         gmem1|       pointer|
|m_axi_gmem1_AWBURST    |  out|    2|          m_axi|         gmem1|       pointer|
|m_axi_gmem1_AWLOCK     |  out|    2|          m_axi|         gmem1|       pointer|
|m_axi_gmem1_AWCACHE    |  out|    4|          m_axi|         gmem1|       pointer|
|m_axi_gmem1_AWPROT     |  out|    3|          m_axi|         gmem1|       pointer|
|m_axi_gmem1_AWQOS      |  out|    4|          m_axi|         gmem1|       pointer|
|m_axi_gmem1_AWREGION   |  out|    4|          m_axi|         gmem1|       pointer|
|m_axi_gmem1_AWUSER     |  out|    1|          m_axi|         gmem1|       pointer|
|m_axi_gmem1_WVALID     |  out|    1|          m_axi|         gmem1|       pointer|
|m_axi_gmem1_WREADY     |   in|    1|          m_axi|         gmem1|       pointer|
|m_axi_gmem1_WDATA      |  out|  128|          m_axi|         gmem1|       pointer|
|m_axi_gmem1_WSTRB      |  out|   16|          m_axi|         gmem1|       pointer|
|m_axi_gmem1_WLAST      |  out|    1|          m_axi|         gmem1|       pointer|
|m_axi_gmem1_WID        |  out|    1|          m_axi|         gmem1|       pointer|
|m_axi_gmem1_WUSER      |  out|    1|          m_axi|         gmem1|       pointer|
|m_axi_gmem1_ARVALID    |  out|    1|          m_axi|         gmem1|       pointer|
|m_axi_gmem1_ARREADY    |   in|    1|          m_axi|         gmem1|       pointer|
|m_axi_gmem1_ARADDR     |  out|   64|          m_axi|         gmem1|       pointer|
|m_axi_gmem1_ARID       |  out|    1|          m_axi|         gmem1|       pointer|
|m_axi_gmem1_ARLEN      |  out|    8|          m_axi|         gmem1|       pointer|
|m_axi_gmem1_ARSIZE     |  out|    3|          m_axi|         gmem1|       pointer|
|m_axi_gmem1_ARBURST    |  out|    2|          m_axi|         gmem1|       pointer|
|m_axi_gmem1_ARLOCK     |  out|    2|          m_axi|         gmem1|       pointer|
|m_axi_gmem1_ARCACHE    |  out|    4|          m_axi|         gmem1|       pointer|
|m_axi_gmem1_ARPROT     |  out|    3|          m_axi|         gmem1|       pointer|
|m_axi_gmem1_ARQOS      |  out|    4|          m_axi|         gmem1|       pointer|
|m_axi_gmem1_ARREGION   |  out|    4|          m_axi|         gmem1|       pointer|
|m_axi_gmem1_ARUSER     |  out|    1|          m_axi|         gmem1|       pointer|
|m_axi_gmem1_RVALID     |   in|    1|          m_axi|         gmem1|       pointer|
|m_axi_gmem1_RREADY     |  out|    1|          m_axi|         gmem1|       pointer|
|m_axi_gmem1_RDATA      |   in|  128|          m_axi|         gmem1|       pointer|
|m_axi_gmem1_RLAST      |   in|    1|          m_axi|         gmem1|       pointer|
|m_axi_gmem1_RID        |   in|    1|          m_axi|         gmem1|       pointer|
|m_axi_gmem1_RUSER      |   in|    1|          m_axi|         gmem1|       pointer|
|m_axi_gmem1_RRESP      |   in|    2|          m_axi|         gmem1|       pointer|
|m_axi_gmem1_BVALID     |   in|    1|          m_axi|         gmem1|       pointer|
|m_axi_gmem1_BREADY     |  out|    1|          m_axi|         gmem1|       pointer|
|m_axi_gmem1_BRESP      |   in|    2|          m_axi|         gmem1|       pointer|
|m_axi_gmem1_BID        |   in|    1|          m_axi|         gmem1|       pointer|
|m_axi_gmem1_BUSER      |   in|    1|          m_axi|         gmem1|       pointer|
+-----------------------+-----+-----+---------------+--------------+--------------+

============================================================
+ Verbose Summary: Synthesis Manager
============================================================
InlineROM: 1
ExposeGlobal: 0
============================================================
+ Verbose Summary: CDFG Model
============================================================
IsTopModel: 1
ResetActiveHigh: 1
IsCombinational: 2
IsDatapathOnly: 2
HasWiredReturn: 1
HasMFsm: 0
HasVarLatency: 1
IsPipeline: 0
IsRtlPipelined: 0
IsInstanceOverlapped: 0
IsDontTouch: 0
HasImplIP: 0
IsGatedGlobalClock: 0


============================================================
+ Verbose Summary: Schedule
============================================================
* Number of FSM states : 150
* Pipeline : 0
* Dataflow Pipeline: 0

* FSM state transitions: 
1 --> 2 
2 --> 3 77 
3 --> 4 
4 --> 5 
5 --> 6 
6 --> 7 
7 --> 8 
8 --> 9 
9 --> 10 
10 --> 11 
11 --> 12 
12 --> 13 
13 --> 14 
14 --> 15 
15 --> 16 
16 --> 17 
17 --> 18 
18 --> 19 
19 --> 20 
20 --> 21 
21 --> 22 
22 --> 23 
23 --> 24 
24 --> 25 
25 --> 26 
26 --> 27 
27 --> 28 
28 --> 29 
29 --> 30 
30 --> 31 
31 --> 32 
32 --> 33 
33 --> 34 
34 --> 35 
35 --> 36 
36 --> 37 
37 --> 38 
38 --> 39 
39 --> 40 
40 --> 41 
41 --> 42 
42 --> 43 
43 --> 44 
44 --> 45 
45 --> 46 
46 --> 47 
47 --> 48 
48 --> 49 
49 --> 50 
50 --> 51 
51 --> 52 
52 --> 53 
53 --> 54 
54 --> 55 
55 --> 56 
56 --> 57 
57 --> 58 
58 --> 59 
59 --> 60 
60 --> 61 
61 --> 62 
62 --> 63 
63 --> 64 
64 --> 65 
65 --> 66 
66 --> 67 
67 --> 68 
68 --> 69 
69 --> 70 
70 --> 71 
71 --> 72 
72 --> 73 
73 --> 74 
74 --> 75 
75 --> 76 
76 --> 2 
77 --> 78 
78 --> 79 
79 --> 80 
80 --> 81 
81 --> 82 
82 --> 83 
83 --> 84 
84 --> 85 
85 --> 86 
86 --> 87 
87 --> 88 
88 --> 89 
89 --> 90 
90 --> 91 
91 --> 92 
92 --> 93 
93 --> 94 
94 --> 95 
95 --> 96 
96 --> 97 
97 --> 98 
98 --> 99 
99 --> 100 
100 --> 101 
101 --> 102 
102 --> 103 
103 --> 104 
104 --> 105 
105 --> 106 
106 --> 107 
107 --> 108 
108 --> 109 
109 --> 110 
110 --> 111 
111 --> 112 
112 --> 113 
113 --> 114 
114 --> 115 
115 --> 116 
116 --> 117 
117 --> 118 
118 --> 119 
119 --> 120 
120 --> 121 
121 --> 122 
122 --> 123 
123 --> 124 
124 --> 125 
125 --> 126 
126 --> 127 
127 --> 128 
128 --> 129 
129 --> 130 
130 --> 131 
131 --> 132 
132 --> 133 
133 --> 134 
134 --> 135 
135 --> 136 
136 --> 137 
137 --> 138 
138 --> 139 
139 --> 140 
140 --> 141 
141 --> 142 
142 --> 143 
143 --> 144 
144 --> 145 
145 --> 146 
146 --> 147 
147 --> 148 
148 --> 149 
149 --> 150 
150 --> 149 

* FSM state operations: 

State 1 <SV = 0> <Delay = 3.38>
ST_1 : Operation 151 [1/1] (0.00ns)   --->   "%c = alloca i32 1" [arith5.cpp:63]   --->   Operation 151 'alloca' 'c' <Predicate = true> <Delay = 0.00>
ST_1 : Operation 152 [1/1] (0.00ns)   --->   "%empty = alloca i32 1"   --->   Operation 152 'alloca' 'empty' <Predicate = true> <Delay = 0.00>
ST_1 : Operation 153 [1/1] (0.00ns)   --->   "%empty_51 = alloca i32 1"   --->   Operation 153 'alloca' 'empty_51' <Predicate = true> <Delay = 0.00>
ST_1 : Operation 154 [1/1] (0.00ns)   --->   "%empty_52 = alloca i32 1"   --->   Operation 154 'alloca' 'empty_52' <Predicate = true> <Delay = 0.00>
ST_1 : Operation 155 [1/1] (0.00ns)   --->   "%empty_53 = alloca i32 1"   --->   Operation 155 'alloca' 'empty_53' <Predicate = true> <Delay = 0.00>
ST_1 : Operation 156 [1/1] (0.00ns)   --->   "%empty_54 = alloca i32 1"   --->   Operation 156 'alloca' 'empty_54' <Predicate = true> <Delay = 0.00>
ST_1 : Operation 157 [1/1] (0.00ns)   --->   "%empty_55 = alloca i32 1"   --->   Operation 157 'alloca' 'empty_55' <Predicate = true> <Delay = 0.00>
ST_1 : Operation 158 [1/1] (0.00ns)   --->   "%empty_56 = alloca i32 1"   --->   Operation 158 'alloca' 'empty_56' <Predicate = true> <Delay = 0.00>
ST_1 : Operation 159 [1/1] (0.00ns)   --->   "%empty_57 = alloca i32 1"   --->   Operation 159 'alloca' 'empty_57' <Predicate = true> <Delay = 0.00>
ST_1 : Operation 160 [1/1] (1.00ns)   --->   "%out_r_read = read i64 @_ssdm_op_Read.s_axilite.i64, i64 %out_r"   --->   Operation 160 'read' 'out_r_read' <Predicate = true> <Delay = 1.00> <CoreInst = "s_axilite">   --->   Core 120 's_axilite' <Latency = 0> <II = 1> <Delay = 1.00> <Adapter> <Opcode : 'read' 'write'>
ST_1 : Operation 161 [1/1] (1.00ns)   --->   "%n_read = read i32 @_ssdm_op_Read.ap_none.i32, i32 %n"   --->   Operation 161 'read' 'n_read' <Predicate = true> <Delay = 1.00> <CoreInst = "s_axilite">   --->   Core 120 's_axilite' <Latency = 0> <II = 1> <Delay = 1.00> <Adapter> <Opcode : 'read' 'write'>
ST_1 : Operation 162 [1/1] (1.00ns)   --->   "%in_r_read = read i64 @_ssdm_op_Read.s_axilite.i64, i64 %in_r"   --->   Operation 162 'read' 'in_r_read' <Predicate = true> <Delay = 1.00> <CoreInst = "s_axilite">   --->   Core 120 's_axilite' <Latency = 0> <II = 1> <Delay = 1.00> <Adapter> <Opcode : 'read' 'write'>
ST_1 : Operation 163 [1/1] (0.00ns)   --->   "%shiftreg_loc = alloca i64 1"   --->   Operation 163 'alloca' 'shiftreg_loc' <Predicate = true> <Delay = 0.00>
ST_1 : Operation 164 [1/1] (0.00ns)   --->   "%specbitsmap_ln0 = specbitsmap void @_ssdm_op_SpecBitsMap, i32 0"   --->   Operation 164 'specbitsmap' 'specbitsmap_ln0' <Predicate = true> <Delay = 0.00>
ST_1 : Operation 165 [1/1] (0.00ns)   --->   "%spectopmodule_ln39 = spectopmodule void @_ssdm_op_SpecTopModule, void @empty_17" [arith5.cpp:39]   --->   Operation 165 'spectopmodule' 'spectopmodule_ln39' <Predicate = true> <Delay = 0.00>
ST_1 : Operation 166 [1/1] (0.00ns)   --->   "%specinterface_ln39 = specinterface void @_ssdm_op_SpecInterface, i32 0, void @empty_4, i32 0, i32 0, void @empty_18, i32 0, i32 0, void @empty_18, void @empty_18, void @empty_18, i32 0, i32 0, i32 0, i32 0, void @empty_18, void @empty_18, i32 4294967295, i32 0, i32 0, i32 0" [arith5.cpp:39]   --->   Operation 166 'specinterface' 'specinterface_ln39' <Predicate = true> <Delay = 0.00>
ST_1 : Operation 167 [1/1] (0.00ns)   --->   "%specinterface_ln0 = specinterface void @_ssdm_op_SpecInterface, i8 %gmem0, void @empty_19, i32 0, i32 0, void @empty_18, i32 64, i32 0, void @empty_5, void @empty_16, void @empty_18, i32 16, i32 16, i32 16, i32 16, void @empty_18, void @empty_18, i32 4294967295, i32 0, i32 0, i32 1"   --->   Operation 167 'specinterface' 'specinterface_ln0' <Predicate = true> <Delay = 0.00>
ST_1 : Operation 168 [1/1] (0.00ns)   --->   "%specbitsmap_ln0 = specbitsmap void @_ssdm_op_SpecBitsMap, i8 %gmem0"   --->   Operation 168 'specbitsmap' 'specbitsmap_ln0' <Predicate = true> <Delay = 0.00>
ST_1 : Operation 169 [1/1] (0.00ns)   --->   "%specinterface_ln0 = specinterface void @_ssdm_op_SpecInterface, i128 %gmem1, void @empty_19, i32 0, i32 0, void @empty_18, i32 64, i32 0, void @empty_15, void @empty_16, void @empty_18, i32 16, i32 16, i32 16, i32 16, void @empty_18, void @empty_18, i32 4294967295, i32 0, i32 0, i32 16"   --->   Operation 169 'specinterface' 'specinterface_ln0' <Predicate = true> <Delay = 0.00>
ST_1 : Operation 170 [1/1] (0.00ns)   --->   "%specbitsmap_ln0 = specbitsmap void @_ssdm_op_SpecBitsMap, i128 %gmem1"   --->   Operation 170 'specbitsmap' 'specbitsmap_ln0' <Predicate = true> <Delay = 0.00>
ST_1 : Operation 171 [1/1] (0.00ns)   --->   "%specinterface_ln0 = specinterface void @_ssdm_op_SpecInterface, i64 %in_r, void @empty_14, i32 0, i32 0, void @empty_18, i32 0, i32 0, void @empty_22, void @empty_12, void @empty_18, i32 0, i32 0, i32 0, i32 0, void @empty_18, void @empty_11, i32 4294967295, i32 0, i32 0, i32 0"   --->   Operation 171 'specinterface' 'specinterface_ln0' <Predicate = true> <Delay = 0.00>
ST_1 : Operation 172 [1/1] (0.00ns)   --->   "%specinterface_ln0 = specinterface void @_ssdm_op_SpecInterface, i64 %in_r, void @empty_10, i32 0, i32 0, void @empty_18, i32 0, i32 0, void @empty_18, void @empty_18, void @empty_18, i32 0, i32 0, i32 0, i32 0, void @empty_18, void @empty_11, i32 4294967295, i32 0, i32 0, i32 0"   --->   Operation 172 'specinterface' 'specinterface_ln0' <Predicate = true> <Delay = 0.00>
ST_1 : Operation 173 [1/1] (0.00ns)   --->   "%specbitsmap_ln0 = specbitsmap void @_ssdm_op_SpecBitsMap, i32 %n"   --->   Operation 173 'specbitsmap' 'specbitsmap_ln0' <Predicate = true> <Delay = 0.00>
ST_1 : Operation 174 [1/1] (0.00ns)   --->   "%specinterface_ln0 = specinterface void @_ssdm_op_SpecInterface, i32 %n, void @empty_14, i32 0, i32 0, void @empty_18, i32 0, i32 0, void @empty_22, void @empty_9, void @empty_18, i32 0, i32 0, i32 0, i32 0, void @empty_18, void @empty_18, i32 4294967295, i32 0, i32 0, i32 0"   --->   Operation 174 'specinterface' 'specinterface_ln0' <Predicate = true> <Delay = 0.00>
ST_1 : Operation 175 [1/1] (0.00ns)   --->   "%specinterface_ln0 = specinterface void @_ssdm_op_SpecInterface, i32 %n, void @empty_8, i32 0, i32 0, void @empty_18, i32 0, i32 0, void @empty_18, void @empty_18, void @empty_18, i32 0, i32 0, i32 0, i32 0, void @empty_18, void @empty_18, i32 4294967295, i32 0, i32 0, i32 0"   --->   Operation 175 'specinterface' 'specinterface_ln0' <Predicate = true> <Delay = 0.00>
ST_1 : Operation 176 [1/1] (0.00ns)   --->   "%specinterface_ln0 = specinterface void @_ssdm_op_SpecInterface, i64 %out_r, void @empty_14, i32 0, i32 0, void @empty_18, i32 0, i32 0, void @empty_22, void @empty_7, void @empty_18, i32 0, i32 0, i32 0, i32 0, void @empty_18, void @empty_11, i32 4294967295, i32 0, i32 0, i32 0"   --->   Operation 176 'specinterface' 'specinterface_ln0' <Predicate = true> <Delay = 0.00>
ST_1 : Operation 177 [1/1] (0.00ns)   --->   "%specinterface_ln0 = specinterface void @_ssdm_op_SpecInterface, i64 %out_r, void @empty_10, i32 0, i32 0, void @empty_18, i32 0, i32 0, void @empty_18, void @empty_18, void @empty_18, i32 0, i32 0, i32 0, i32 0, void @empty_18, void @empty_11, i32 4294967295, i32 0, i32 0, i32 0"   --->   Operation 177 'specinterface' 'specinterface_ln0' <Predicate = true> <Delay = 0.00>
ST_1 : Operation 178 [1/1] (0.00ns)   --->   "%specinterface_ln0 = specinterface void @_ssdm_op_SpecInterface, i32 0, void @empty_14, i32 0, i32 0, void @empty_18, i32 0, i32 0, void @empty_22, void @empty_6, void @empty_18, i32 0, i32 0, i32 0, i32 0, void @empty_18, void @empty_18, i32 0, i32 0, i32 0, i32 0"   --->   Operation 178 'specinterface' 'specinterface_ln0' <Predicate = true> <Delay = 0.00>
ST_1 : Operation 179 [1/1] (1.01ns)   --->   "%add_ln61 = add i32 %n_read, i32 7" [arith5.cpp:61]   --->   Operation 179 'add' 'add_ln61' <Predicate = true> <Delay = 1.01> <CoreInst = "Adder">   --->   Core 1 'Adder' <Latency = 0> <II = 1> <Delay = 1.01> <FuncUnit> <Opcode : 'add' 'sub'> <InPorts = 2> <OutPorts = 1>
ST_1 : Operation 180 [1/1] (0.00ns)   --->   "%tmp = bitselect i1 @_ssdm_op_BitSelect.i1.i32.i32, i32 %add_ln61, i32 31" [arith5.cpp:61]   --->   Operation 180 'bitselect' 'tmp' <Predicate = true> <Delay = 0.00>
ST_1 : Operation 181 [1/1] (1.01ns)   --->   "%sub_ln61 = sub i32 4294967289, i32 %n_read" [arith5.cpp:61]   --->   Operation 181 'sub' 'sub_ln61' <Predicate = true> <Delay = 1.01> <CoreInst = "Adder">   --->   Core 1 'Adder' <Latency = 0> <II = 1> <Delay = 1.01> <FuncUnit> <Opcode : 'add' 'sub'> <InPorts = 2> <OutPorts = 1>
ST_1 : Operation 182 [1/1] (0.00ns)   --->   "%tmp_s = partselect i29 @_ssdm_op_PartSelect.i29.i32.i32.i32, i32 %sub_ln61, i32 3, i32 31" [arith5.cpp:61]   --->   Operation 182 'partselect' 'tmp_s' <Predicate = true> <Delay = 0.00>
ST_1 : Operation 183 [1/1] (0.00ns)   --->   "%zext_ln61 = zext i29 %tmp_s" [arith5.cpp:61]   --->   Operation 183 'zext' 'zext_ln61' <Predicate = true> <Delay = 0.00>
ST_1 : Operation 184 [1/1] (0.98ns)   --->   "%sub_ln61_1 = sub i30 0, i30 %zext_ln61" [arith5.cpp:61]   --->   Operation 184 'sub' 'sub_ln61_1' <Predicate = true> <Delay = 0.98> <CoreInst = "Adder">   --->   Core 1 'Adder' <Latency = 0> <II = 1> <Delay = 0.99> <FuncUnit> <Opcode : 'add' 'sub'> <InPorts = 2> <OutPorts = 1>
ST_1 : Operation 185 [1/1] (0.00ns)   --->   "%tmp_1 = partselect i29 @_ssdm_op_PartSelect.i29.i32.i32.i32, i32 %add_ln61, i32 3, i32 31" [arith5.cpp:61]   --->   Operation 185 'partselect' 'tmp_1' <Predicate = true> <Delay = 0.00>
ST_1 : Operation 186 [1/1] (0.00ns)   --->   "%zext_ln61_1 = zext i29 %tmp_1" [arith5.cpp:61]   --->   Operation 186 'zext' 'zext_ln61_1' <Predicate = true> <Delay = 0.00>
ST_1 : Operation 187 [1/1] (0.38ns)   --->   "%chunk = select i1 %tmp, i30 %sub_ln61_1, i30 %zext_ln61_1" [arith5.cpp:61]   --->   Operation 187 'select' 'chunk' <Predicate = true> <Delay = 0.38> <CoreInst = "Sel">   --->   Core 73 'Sel' <Latency = 0> <II = 1> <Delay = 0.38> <FuncUnit> <Opcode : 'select'> <InPorts = 3> <OutPorts = 1>
ST_1 : Operation 188 [1/1] (0.00ns)   --->   "%sext_ln61 = sext i30 %chunk" [arith5.cpp:61]   --->   Operation 188 'sext' 'sext_ln61' <Predicate = true> <Delay = 0.00>
ST_1 : Operation 189 [1/1] (0.00ns)   --->   "%sext_ln63 = sext i30 %chunk" [arith5.cpp:63]   --->   Operation 189 'sext' 'sext_ln63' <Predicate = true> <Delay = 0.00>
ST_1 : Operation 190 [1/1] (0.00ns)   --->   "%sext_ln63_3 = sext i30 %chunk" [arith5.cpp:63]   --->   Operation 190 'sext' 'sext_ln63_3' <Predicate = true> <Delay = 0.00>
ST_1 : Operation 191 [1/1] (0.00ns)   --->   "%sext_ln63_1 = sext i32 %n_read" [arith5.cpp:63]   --->   Operation 191 'sext' 'sext_ln63_1' <Predicate = true> <Delay = 0.00>
ST_1 : Operation 192 [1/1] (0.42ns)   --->   "%store_ln63 = store i4 0, i4 %c" [arith5.cpp:63]   --->   Operation 192 'store' 'store_ln63' <Predicate = true> <Delay = 0.42>
ST_1 : Operation 193 [1/1] (0.00ns)   --->   "%br_ln63 = br void %for.body" [arith5.cpp:63]   --->   Operation 193 'br' 'br_ln63' <Predicate = true> <Delay = 0.00>

State 2 <SV = 1> <Delay = 3.32>
ST_2 : Operation 194 [1/1] (0.00ns)   --->   "%c_3 = load i4 %c" [arith5.cpp:63]   --->   Operation 194 'load' 'c_3' <Predicate = true> <Delay = 0.00>
ST_2 : Operation 195 [1/1] (0.79ns)   --->   "%icmp_ln63 = icmp_eq  i4 %c_3, i4 8" [arith5.cpp:63]   --->   Operation 195 'icmp' 'icmp_ln63' <Predicate = true> <Delay = 0.79> <CoreInst = "Cmp">   --->   Core 9 'Cmp' <Latency = 0> <II = 1> <Delay = 0.78> <FuncUnit> <Opcode : 'seteq' 'setne' 'setle' 'setge' 'setlt' 'setgt'> <InPorts = 2> <OutPorts = 1>
ST_2 : Operation 196 [1/1] (0.79ns)   --->   "%add_ln63_1 = add i4 %c_3, i4 1" [arith5.cpp:63]   --->   Operation 196 'add' 'add_ln63_1' <Predicate = true> <Delay = 0.79> <CoreInst = "Adder">   --->   Core 1 'Adder' <Latency = 0> <II = 1> <Delay = 0.79> <FuncUnit> <Opcode : 'add' 'sub'> <InPorts = 2> <OutPorts = 1>
ST_2 : Operation 197 [1/1] (0.00ns)   --->   "%br_ln63 = br i1 %icmp_ln63, void %for.body.split, void %for.inc39" [arith5.cpp:63]   --->   Operation 197 'br' 'br_ln63' <Predicate = true> <Delay = 0.00>
ST_2 : Operation 198 [1/1] (0.00ns)   --->   "%zext_ln63 = zext i4 %c_3" [arith5.cpp:63]   --->   Operation 198 'zext' 'zext_ln63' <Predicate = (!icmp_ln63)> <Delay = 0.00>
ST_2 : Operation 199 [1/1] (0.00ns)   --->   "%trunc_ln63 = trunc i4 %c_3" [arith5.cpp:63]   --->   Operation 199 'trunc' 'trunc_ln63' <Predicate = (!icmp_ln63)> <Delay = 0.00>
ST_2 : Operation 200 [1/1] (3.32ns)   --->   "%mul_ln63 = mul i33 %zext_ln63, i33 %sext_ln63_3" [arith5.cpp:63]   --->   Operation 200 'mul' 'mul_ln63' <Predicate = (!icmp_ln63)> <Delay = 3.32> <CoreInst = "Multiplier">   --->   Core 3 'Multiplier' <Latency = 0> <II = 1> <Delay = 3.32> <FuncUnit> <Opcode : 'mul'> <InPorts = 2> <OutPorts = 1>
ST_2 : Operation 201 [1/1] (0.00ns)   --->   "%oi = alloca i32 1" [arith5.cpp:81]   --->   Operation 201 'alloca' 'oi' <Predicate = (icmp_ln63)> <Delay = 0.00>
ST_2 : Operation 202 [1/1] (0.00ns)   --->   "%c_2 = alloca i32 1" [arith5.cpp:88]   --->   Operation 202 'alloca' 'c_2' <Predicate = (icmp_ln63)> <Delay = 0.00>
ST_2 : Operation 203 [1/1] (0.00ns)   --->   "%p_load43 = load i32 %empty" [arith5.cpp:76]   --->   Operation 203 'load' 'p_load43' <Predicate = (icmp_ln63)> <Delay = 0.00>
ST_2 : Operation 204 [1/1] (0.00ns)   --->   "%p_load42 = load i32 %empty_51" [arith5.cpp:76]   --->   Operation 204 'load' 'p_load42' <Predicate = (icmp_ln63)> <Delay = 0.00>
ST_2 : Operation 205 [1/1] (0.00ns)   --->   "%p_load41 = load i32 %empty_52" [arith5.cpp:76]   --->   Operation 205 'load' 'p_load41' <Predicate = (icmp_ln63)> <Delay = 0.00>
ST_2 : Operation 206 [1/1] (0.00ns)   --->   "%p_load40 = load i32 %empty_53" [arith5.cpp:76]   --->   Operation 206 'load' 'p_load40' <Predicate = (icmp_ln63)> <Delay = 0.00>
ST_2 : Operation 207 [1/1] (0.00ns)   --->   "%p_load39 = load i32 %empty_54" [arith5.cpp:76]   --->   Operation 207 'load' 'p_load39' <Predicate = (icmp_ln63)> <Delay = 0.00>
ST_2 : Operation 208 [1/1] (0.00ns)   --->   "%p_load38 = load i32 %empty_55" [arith5.cpp:76]   --->   Operation 208 'load' 'p_load38' <Predicate = (icmp_ln63)> <Delay = 0.00>
ST_2 : Operation 209 [1/1] (0.00ns)   --->   "%p_load37 = load i32 %empty_56" [arith5.cpp:76]   --->   Operation 209 'load' 'p_load37' <Predicate = (icmp_ln63)> <Delay = 0.00>
ST_2 : Operation 210 [1/1] (0.00ns)   --->   "%p_load = load i32 %empty_57" [arith5.cpp:76]   --->   Operation 210 'load' 'p_load' <Predicate = (icmp_ln63)> <Delay = 0.00>
ST_2 : Operation 211 [1/1] (0.35ns)   --->   "%len = xor i32 %p_load43, i32 4294967295" [arith5.cpp:76]   --->   Operation 211 'xor' 'len' <Predicate = (icmp_ln63)> <Delay = 0.35> <CoreInst = "LogicGate">   --->   Core 74 'LogicGate' <Latency = 0> <II = 1> <Delay = 0.35> <FuncUnit> <Opcode : 'and' 'or' 'xor'> <InPorts = 2> <OutPorts = 1>
ST_2 : Operation 212 [2/2] (0.00ns)   --->   "%clen = call i32 @encode_chunk, i8 %arith_encode_unsigned_char_const_int_unsigned_char_buf, i32 %len, i8 %arith_encode_unsigned_char_const_int_unsigned_char_cout" [arith5.cpp:77]   --->   Operation 212 'call' 'clen' <Predicate = (icmp_ln63)> <Delay = 0.00> <CoreType = "Generic">   --->   Generic Core
ST_2 : Operation 213 [1/1] (0.35ns)   --->   "%len_10 = xor i32 %p_load42, i32 4294967295" [arith5.cpp:76]   --->   Operation 213 'xor' 'len_10' <Predicate = (icmp_ln63)> <Delay = 0.35> <CoreInst = "LogicGate">   --->   Core 74 'LogicGate' <Latency = 0> <II = 1> <Delay = 0.35> <FuncUnit> <Opcode : 'and' 'or' 'xor'> <InPorts = 2> <OutPorts = 1>
ST_2 : Operation 214 [2/2] (0.00ns)   --->   "%clen_1 = call i32 @encode_chunk, i8 %arith_encode_unsigned_char_const_int_unsigned_char_buf_2, i32 %len_10, i8 %arith_encode_unsigned_char_const_int_unsigned_char_cout_9" [arith5.cpp:77]   --->   Operation 214 'call' 'clen_1' <Predicate = (icmp_ln63)> <Delay = 0.00> <CoreType = "Generic">   --->   Generic Core
ST_2 : Operation 215 [1/1] (0.35ns)   --->   "%len_11 = xor i32 %p_load41, i32 4294967295" [arith5.cpp:76]   --->   Operation 215 'xor' 'len_11' <Predicate = (icmp_ln63)> <Delay = 0.35> <CoreInst = "LogicGate">   --->   Core 74 'LogicGate' <Latency = 0> <II = 1> <Delay = 0.35> <FuncUnit> <Opcode : 'and' 'or' 'xor'> <InPorts = 2> <OutPorts = 1>
ST_2 : Operation 216 [2/2] (0.00ns)   --->   "%clen_2 = call i32 @encode_chunk, i8 %arith_encode_unsigned_char_const_int_unsigned_char_buf_3, i32 %len_11, i8 %arith_encode_unsigned_char_const_int_unsigned_char_cout_10" [arith5.cpp:77]   --->   Operation 216 'call' 'clen_2' <Predicate = (icmp_ln63)> <Delay = 0.00> <CoreType = "Generic">   --->   Generic Core
ST_2 : Operation 217 [1/1] (0.35ns)   --->   "%len_12 = xor i32 %p_load40, i32 4294967295" [arith5.cpp:76]   --->   Operation 217 'xor' 'len_12' <Predicate = (icmp_ln63)> <Delay = 0.35> <CoreInst = "LogicGate">   --->   Core 74 'LogicGate' <Latency = 0> <II = 1> <Delay = 0.35> <FuncUnit> <Opcode : 'and' 'or' 'xor'> <InPorts = 2> <OutPorts = 1>
ST_2 : Operation 218 [2/2] (0.00ns)   --->   "%clen_3 = call i32 @encode_chunk, i8 %arith_encode_unsigned_char_const_int_unsigned_char_buf_4, i32 %len_12, i8 %arith_encode_unsigned_char_const_int_unsigned_char_cout_11" [arith5.cpp:77]   --->   Operation 218 'call' 'clen_3' <Predicate = (icmp_ln63)> <Delay = 0.00> <CoreType = "Generic">   --->   Generic Core
ST_2 : Operation 219 [1/1] (0.35ns)   --->   "%len_13 = xor i32 %p_load39, i32 4294967295" [arith5.cpp:76]   --->   Operation 219 'xor' 'len_13' <Predicate = (icmp_ln63)> <Delay = 0.35> <CoreInst = "LogicGate">   --->   Core 74 'LogicGate' <Latency = 0> <II = 1> <Delay = 0.35> <FuncUnit> <Opcode : 'and' 'or' 'xor'> <InPorts = 2> <OutPorts = 1>
ST_2 : Operation 220 [2/2] (0.00ns)   --->   "%clen_4 = call i32 @encode_chunk, i8 %arith_encode_unsigned_char_const_int_unsigned_char_buf_5, i32 %len_13, i8 %arith_encode_unsigned_char_const_int_unsigned_char_cout_12" [arith5.cpp:77]   --->   Operation 220 'call' 'clen_4' <Predicate = (icmp_ln63)> <Delay = 0.00> <CoreType = "Generic">   --->   Generic Core
ST_2 : Operation 221 [1/1] (0.35ns)   --->   "%len_14 = xor i32 %p_load38, i32 4294967295" [arith5.cpp:76]   --->   Operation 221 'xor' 'len_14' <Predicate = (icmp_ln63)> <Delay = 0.35> <CoreInst = "LogicGate">   --->   Core 74 'LogicGate' <Latency = 0> <II = 1> <Delay = 0.35> <FuncUnit> <Opcode : 'and' 'or' 'xor'> <InPorts = 2> <OutPorts = 1>
ST_2 : Operation 222 [2/2] (0.00ns)   --->   "%clen_5 = call i32 @encode_chunk, i8 %arith_encode_unsigned_char_const_int_unsigned_char_buf_6, i32 %len_14, i8 %arith_encode_unsigned_char_const_int_unsigned_char_cout_13" [arith5.cpp:77]   --->   Operation 222 'call' 'clen_5' <Predicate = (icmp_ln63)> <Delay = 0.00> <CoreType = "Generic">   --->   Generic Core
ST_2 : Operation 223 [1/1] (0.35ns)   --->   "%len_15 = xor i32 %p_load37, i32 4294967295" [arith5.cpp:76]   --->   Operation 223 'xor' 'len_15' <Predicate = (icmp_ln63)> <Delay = 0.35> <CoreInst = "LogicGate">   --->   Core 74 'LogicGate' <Latency = 0> <II = 1> <Delay = 0.35> <FuncUnit> <Opcode : 'and' 'or' 'xor'> <InPorts = 2> <OutPorts = 1>
ST_2 : Operation 224 [2/2] (0.00ns)   --->   "%clen_6 = call i32 @encode_chunk, i8 %arith_encode_unsigned_char_const_int_unsigned_char_buf_7, i32 %len_15, i8 %arith_encode_unsigned_char_const_int_unsigned_char_cout_14" [arith5.cpp:77]   --->   Operation 224 'call' 'clen_6' <Predicate = (icmp_ln63)> <Delay = 0.00> <CoreType = "Generic">   --->   Generic Core
ST_2 : Operation 225 [1/1] (0.35ns)   --->   "%len_16 = xor i32 %p_load, i32 4294967295" [arith5.cpp:76]   --->   Operation 225 'xor' 'len_16' <Predicate = (icmp_ln63)> <Delay = 0.35> <CoreInst = "LogicGate">   --->   Core 74 'LogicGate' <Latency = 0> <II = 1> <Delay = 0.35> <FuncUnit> <Opcode : 'and' 'or' 'xor'> <InPorts = 2> <OutPorts = 1>
ST_2 : Operation 226 [2/2] (0.00ns)   --->   "%clen_7 = call i32 @encode_chunk, i8 %arith_encode_unsigned_char_const_int_unsigned_char_buf_8, i32 %len_16, i8 %arith_encode_unsigned_char_const_int_unsigned_char_cout_15" [arith5.cpp:77]   --->   Operation 226 'call' 'clen_7' <Predicate = (icmp_ln63)> <Delay = 0.00> <CoreType = "Generic">   --->   Generic Core
ST_2 : Operation 227 [1/1] (0.42ns)   --->   "%store_ln88 = store i4 0, i4 %c_2" [arith5.cpp:88]   --->   Operation 227 'store' 'store_ln88' <Predicate = (icmp_ln63)> <Delay = 0.42>
ST_2 : Operation 228 [1/1] (0.42ns)   --->   "%store_ln81 = store i32 16, i32 %oi" [arith5.cpp:81]   --->   Operation 228 'store' 'store_ln81' <Predicate = (icmp_ln63)> <Delay = 0.42>

State 3 <SV = 2> <Delay = 3.50>
ST_3 : Operation 229 [1/1] (0.00ns)   --->   "%sext_ln63_4 = sext i33 %mul_ln63" [arith5.cpp:63]   --->   Operation 229 'sext' 'sext_ln63_4' <Predicate = true> <Delay = 0.00>
ST_3 : Operation 230 [1/1] (0.00ns)   --->   "%sext_ln63_2 = sext i33 %mul_ln63" [arith5.cpp:63]   --->   Operation 230 'sext' 'sext_ln63_2' <Predicate = true> <Delay = 0.00>
ST_3 : Operation 231 [1/1] (1.08ns)   --->   "%add_ln63 = add i64 %sext_ln63_2, i64 %in_r_read" [arith5.cpp:63]   --->   Operation 231 'add' 'add_ln63' <Predicate = true> <Delay = 1.08> <CoreInst = "Adder">   --->   Core 1 'Adder' <Latency = 0> <II = 1> <Delay = 1.08> <FuncUnit> <Opcode : 'add' 'sub'> <InPorts = 2> <OutPorts = 1>
ST_3 : Operation 232 [1/1] (1.01ns)   --->   "%sub_ln65 = sub i34 %sext_ln63_1, i34 %sext_ln63_4" [arith5.cpp:65]   --->   Operation 232 'sub' 'sub_ln65' <Predicate = true> <Delay = 1.01> <CoreInst = "Adder">   --->   Core 1 'Adder' <Latency = 0> <II = 1> <Delay = 1.02> <FuncUnit> <Opcode : 'add' 'sub'> <InPorts = 2> <OutPorts = 1>
ST_3 : Operation 233 [1/1] (1.02ns)   --->   "%icmp_ln65 = icmp_sgt  i34 %sub_ln65, i34 %sext_ln63" [arith5.cpp:65]   --->   Operation 233 'icmp' 'icmp_ln65' <Predicate = true> <Delay = 1.02> <CoreInst = "Cmp">   --->   Core 9 'Cmp' <Latency = 0> <II = 1> <Delay = 1.02> <FuncUnit> <Opcode : 'seteq' 'setne' 'setle' 'setge' 'setlt' 'setgt'> <InPorts = 2> <OutPorts = 1>
ST_3 : Operation 234 [1/1] (0.00ns)   --->   "%trunc_ln65 = trunc i34 %sub_ln65" [arith5.cpp:65]   --->   Operation 234 'trunc' 'trunc_ln65' <Predicate = true> <Delay = 0.00>
ST_3 : Operation 235 [1/1] (0.44ns)   --->   "%len_8 = select i1 %icmp_ln65, i32 %sext_ln61, i32 %trunc_ln65" [arith5.cpp:65]   --->   Operation 235 'select' 'len_8' <Predicate = true> <Delay = 0.44> <CoreInst = "Sel">   --->   Core 73 'Sel' <Latency = 0> <II = 1> <Delay = 0.44> <FuncUnit> <Opcode : 'select'> <InPorts = 3> <OutPorts = 1>
ST_3 : Operation 236 [1/1] (0.00ns)   --->   "%trunc_ln65_1 = trunc i32 %len_8" [arith5.cpp:65]   --->   Operation 236 'trunc' 'trunc_ln65_1' <Predicate = true> <Delay = 0.00>
ST_3 : Operation 237 [1/1] (0.00ns)   --->   "%tmp_16 = bitselect i1 @_ssdm_op_BitSelect.i1.i32.i32, i32 %len_8, i32 31" [arith5.cpp:65]   --->   Operation 237 'bitselect' 'tmp_16' <Predicate = true> <Delay = 0.00>
ST_3 : Operation 238 [1/1] (0.41ns)   --->   "%len_9 = select i1 %tmp_16, i31 0, i31 %trunc_ln65_1" [arith5.cpp:65]   --->   Operation 238 'select' 'len_9' <Predicate = true> <Delay = 0.41> <CoreInst = "Sel">   --->   Core 73 'Sel' <Latency = 0> <II = 1> <Delay = 0.41> <FuncUnit> <Opcode : 'select'> <InPorts = 3> <OutPorts = 1>
ST_3 : Operation 239 [1/1] (1.01ns)   --->   "%empty_59 = icmp_sgt  i32 %len_8, i32 0" [arith5.cpp:65]   --->   Operation 239 'icmp' 'empty_59' <Predicate = true> <Delay = 1.01> <CoreInst = "Cmp">   --->   Core 9 'Cmp' <Latency = 0> <II = 1> <Delay = 1.01> <FuncUnit> <Opcode : 'seteq' 'setne' 'setle' 'setge' 'setlt' 'setgt'> <InPorts = 2> <OutPorts = 1>

State 4 <SV = 3> <Delay = 3.65>
ST_4 : Operation 240 [1/1] (0.00ns)   --->   "%gmem0_addr = getelementptr i8 %gmem0, i64 %add_ln63" [arith5.cpp:66]   --->   Operation 240 'getelementptr' 'gmem0_addr' <Predicate = true> <Delay = 0.00>
ST_4 : Operation 241 [1/1] (0.00ns)   --->   "%zext_ln66 = zext i31 %len_9" [arith5.cpp:66]   --->   Operation 241 'zext' 'zext_ln66' <Predicate = true> <Delay = 0.00>
ST_4 : Operation 242 [71/71] (3.65ns)   --->   "%empty_58 = readreq i1 @_ssdm_op_ReadReq.m_axi.p1i8, i64 %gmem0_addr, i64 %zext_ln66" [arith5.cpp:66]   --->   Operation 242 'readreq' 'empty_58' <Predicate = true> <Delay = 3.65> <CoreInst = "m_axi">   --->   Core 119 'm_axi' <Latency = 6> <II = 1> <Delay = 1.00> <Adapter> <Opcode : 'readrequnaligned' 'writerequnaligned' 'read' 'write' 'readreq' 'writereq' 'writeresp'>
ST_4 : Operation 243 [1/1] (0.41ns)   --->   "%smax = select i1 %empty_59, i31 %trunc_ln65_1, i31 0" [arith5.cpp:65]   --->   Operation 243 'select' 'smax' <Predicate = true> <Delay = 0.41> <CoreInst = "Sel">   --->   Core 73 'Sel' <Latency = 0> <II = 1> <Delay = 0.41> <FuncUnit> <Opcode : 'select'> <InPorts = 3> <OutPorts = 1>

State 5 <SV = 4> <Delay = 0.00>
ST_5 : Operation 244 [70/71] (3.65ns)   --->   "%empty_58 = readreq i1 @_ssdm_op_ReadReq.m_axi.p1i8, i64 %gmem0_addr, i64 %zext_ln66" [arith5.cpp:66]   --->   Operation 244 'readreq' 'empty_58' <Predicate = true> <Delay = 3.65> <CoreInst = "m_axi">   --->   Core 119 'm_axi' <Latency = 6> <II = 1> <Delay = 1.00> <Adapter> <Opcode : 'readrequnaligned' 'writerequnaligned' 'read' 'write' 'readreq' 'writereq' 'writeresp'>

State 6 <SV = 5> <Delay = 0.00>
ST_6 : Operation 245 [69/71] (3.65ns)   --->   "%empty_58 = readreq i1 @_ssdm_op_ReadReq.m_axi.p1i8, i64 %gmem0_addr, i64 %zext_ln66" [arith5.cpp:66]   --->   Operation 245 'readreq' 'empty_58' <Predicate = true> <Delay = 3.65> <CoreInst = "m_axi">   --->   Core 119 'm_axi' <Latency = 6> <II = 1> <Delay = 1.00> <Adapter> <Opcode : 'readrequnaligned' 'writerequnaligned' 'read' 'write' 'readreq' 'writereq' 'writeresp'>

State 7 <SV = 6> <Delay = 0.00>
ST_7 : Operation 246 [68/71] (3.65ns)   --->   "%empty_58 = readreq i1 @_ssdm_op_ReadReq.m_axi.p1i8, i64 %gmem0_addr, i64 %zext_ln66" [arith5.cpp:66]   --->   Operation 246 'readreq' 'empty_58' <Predicate = true> <Delay = 3.65> <CoreInst = "m_axi">   --->   Core 119 'm_axi' <Latency = 6> <II = 1> <Delay = 1.00> <Adapter> <Opcode : 'readrequnaligned' 'writerequnaligned' 'read' 'write' 'readreq' 'writereq' 'writeresp'>

State 8 <SV = 7> <Delay = 0.00>
ST_8 : Operation 247 [67/71] (3.65ns)   --->   "%empty_58 = readreq i1 @_ssdm_op_ReadReq.m_axi.p1i8, i64 %gmem0_addr, i64 %zext_ln66" [arith5.cpp:66]   --->   Operation 247 'readreq' 'empty_58' <Predicate = true> <Delay = 3.65> <CoreInst = "m_axi">   --->   Core 119 'm_axi' <Latency = 6> <II = 1> <Delay = 1.00> <Adapter> <Opcode : 'readrequnaligned' 'writerequnaligned' 'read' 'write' 'readreq' 'writereq' 'writeresp'>

State 9 <SV = 8> <Delay = 0.00>
ST_9 : Operation 248 [66/71] (3.65ns)   --->   "%empty_58 = readreq i1 @_ssdm_op_ReadReq.m_axi.p1i8, i64 %gmem0_addr, i64 %zext_ln66" [arith5.cpp:66]   --->   Operation 248 'readreq' 'empty_58' <Predicate = true> <Delay = 3.65> <CoreInst = "m_axi">   --->   Core 119 'm_axi' <Latency = 6> <II = 1> <Delay = 1.00> <Adapter> <Opcode : 'readrequnaligned' 'writerequnaligned' 'read' 'write' 'readreq' 'writereq' 'writeresp'>

State 10 <SV = 9> <Delay = 0.00>
ST_10 : Operation 249 [65/71] (3.65ns)   --->   "%empty_58 = readreq i1 @_ssdm_op_ReadReq.m_axi.p1i8, i64 %gmem0_addr, i64 %zext_ln66" [arith5.cpp:66]   --->   Operation 249 'readreq' 'empty_58' <Predicate = true> <Delay = 3.65> <CoreInst = "m_axi">   --->   Core 119 'm_axi' <Latency = 6> <II = 1> <Delay = 1.00> <Adapter> <Opcode : 'readrequnaligned' 'writerequnaligned' 'read' 'write' 'readreq' 'writereq' 'writeresp'>

State 11 <SV = 10> <Delay = 0.00>
ST_11 : Operation 250 [64/71] (3.65ns)   --->   "%empty_58 = readreq i1 @_ssdm_op_ReadReq.m_axi.p1i8, i64 %gmem0_addr, i64 %zext_ln66" [arith5.cpp:66]   --->   Operation 250 'readreq' 'empty_58' <Predicate = true> <Delay = 3.65> <CoreInst = "m_axi">   --->   Core 119 'm_axi' <Latency = 6> <II = 1> <Delay = 1.00> <Adapter> <Opcode : 'readrequnaligned' 'writerequnaligned' 'read' 'write' 'readreq' 'writereq' 'writeresp'>

State 12 <SV = 11> <Delay = 0.00>
ST_12 : Operation 251 [63/71] (3.65ns)   --->   "%empty_58 = readreq i1 @_ssdm_op_ReadReq.m_axi.p1i8, i64 %gmem0_addr, i64 %zext_ln66" [arith5.cpp:66]   --->   Operation 251 'readreq' 'empty_58' <Predicate = true> <Delay = 3.65> <CoreInst = "m_axi">   --->   Core 119 'm_axi' <Latency = 6> <II = 1> <Delay = 1.00> <Adapter> <Opcode : 'readrequnaligned' 'writerequnaligned' 'read' 'write' 'readreq' 'writereq' 'writeresp'>

State 13 <SV = 12> <Delay = 0.00>
ST_13 : Operation 252 [62/71] (3.65ns)   --->   "%empty_58 = readreq i1 @_ssdm_op_ReadReq.m_axi.p1i8, i64 %gmem0_addr, i64 %zext_ln66" [arith5.cpp:66]   --->   Operation 252 'readreq' 'empty_58' <Predicate = true> <Delay = 3.65> <CoreInst = "m_axi">   --->   Core 119 'm_axi' <Latency = 6> <II = 1> <Delay = 1.00> <Adapter> <Opcode : 'readrequnaligned' 'writerequnaligned' 'read' 'write' 'readreq' 'writereq' 'writeresp'>

State 14 <SV = 13> <Delay = 0.00>
ST_14 : Operation 253 [61/71] (3.65ns)   --->   "%empty_58 = readreq i1 @_ssdm_op_ReadReq.m_axi.p1i8, i64 %gmem0_addr, i64 %zext_ln66" [arith5.cpp:66]   --->   Operation 253 'readreq' 'empty_58' <Predicate = true> <Delay = 3.65> <CoreInst = "m_axi">   --->   Core 119 'm_axi' <Latency = 6> <II = 1> <Delay = 1.00> <Adapter> <Opcode : 'readrequnaligned' 'writerequnaligned' 'read' 'write' 'readreq' 'writereq' 'writeresp'>

State 15 <SV = 14> <Delay = 0.00>
ST_15 : Operation 254 [60/71] (3.65ns)   --->   "%empty_58 = readreq i1 @_ssdm_op_ReadReq.m_axi.p1i8, i64 %gmem0_addr, i64 %zext_ln66" [arith5.cpp:66]   --->   Operation 254 'readreq' 'empty_58' <Predicate = true> <Delay = 3.65> <CoreInst = "m_axi">   --->   Core 119 'm_axi' <Latency = 6> <II = 1> <Delay = 1.00> <Adapter> <Opcode : 'readrequnaligned' 'writerequnaligned' 'read' 'write' 'readreq' 'writereq' 'writeresp'>

State 16 <SV = 15> <Delay = 0.00>
ST_16 : Operation 255 [59/71] (3.65ns)   --->   "%empty_58 = readreq i1 @_ssdm_op_ReadReq.m_axi.p1i8, i64 %gmem0_addr, i64 %zext_ln66" [arith5.cpp:66]   --->   Operation 255 'readreq' 'empty_58' <Predicate = true> <Delay = 3.65> <CoreInst = "m_axi">   --->   Core 119 'm_axi' <Latency = 6> <II = 1> <Delay = 1.00> <Adapter> <Opcode : 'readrequnaligned' 'writerequnaligned' 'read' 'write' 'readreq' 'writereq' 'writeresp'>

State 17 <SV = 16> <Delay = 0.00>
ST_17 : Operation 256 [58/71] (3.65ns)   --->   "%empty_58 = readreq i1 @_ssdm_op_ReadReq.m_axi.p1i8, i64 %gmem0_addr, i64 %zext_ln66" [arith5.cpp:66]   --->   Operation 256 'readreq' 'empty_58' <Predicate = true> <Delay = 3.65> <CoreInst = "m_axi">   --->   Core 119 'm_axi' <Latency = 6> <II = 1> <Delay = 1.00> <Adapter> <Opcode : 'readrequnaligned' 'writerequnaligned' 'read' 'write' 'readreq' 'writereq' 'writeresp'>

State 18 <SV = 17> <Delay = 0.00>
ST_18 : Operation 257 [57/71] (3.65ns)   --->   "%empty_58 = readreq i1 @_ssdm_op_ReadReq.m_axi.p1i8, i64 %gmem0_addr, i64 %zext_ln66" [arith5.cpp:66]   --->   Operation 257 'readreq' 'empty_58' <Predicate = true> <Delay = 3.65> <CoreInst = "m_axi">   --->   Core 119 'm_axi' <Latency = 6> <II = 1> <Delay = 1.00> <Adapter> <Opcode : 'readrequnaligned' 'writerequnaligned' 'read' 'write' 'readreq' 'writereq' 'writeresp'>

State 19 <SV = 18> <Delay = 0.00>
ST_19 : Operation 258 [56/71] (3.65ns)   --->   "%empty_58 = readreq i1 @_ssdm_op_ReadReq.m_axi.p1i8, i64 %gmem0_addr, i64 %zext_ln66" [arith5.cpp:66]   --->   Operation 258 'readreq' 'empty_58' <Predicate = true> <Delay = 3.65> <CoreInst = "m_axi">   --->   Core 119 'm_axi' <Latency = 6> <II = 1> <Delay = 1.00> <Adapter> <Opcode : 'readrequnaligned' 'writerequnaligned' 'read' 'write' 'readreq' 'writereq' 'writeresp'>

State 20 <SV = 19> <Delay = 0.00>
ST_20 : Operation 259 [55/71] (3.65ns)   --->   "%empty_58 = readreq i1 @_ssdm_op_ReadReq.m_axi.p1i8, i64 %gmem0_addr, i64 %zext_ln66" [arith5.cpp:66]   --->   Operation 259 'readreq' 'empty_58' <Predicate = true> <Delay = 3.65> <CoreInst = "m_axi">   --->   Core 119 'm_axi' <Latency = 6> <II = 1> <Delay = 1.00> <Adapter> <Opcode : 'readrequnaligned' 'writerequnaligned' 'read' 'write' 'readreq' 'writereq' 'writeresp'>

State 21 <SV = 20> <Delay = 0.00>
ST_21 : Operation 260 [54/71] (3.65ns)   --->   "%empty_58 = readreq i1 @_ssdm_op_ReadReq.m_axi.p1i8, i64 %gmem0_addr, i64 %zext_ln66" [arith5.cpp:66]   --->   Operation 260 'readreq' 'empty_58' <Predicate = true> <Delay = 3.65> <CoreInst = "m_axi">   --->   Core 119 'm_axi' <Latency = 6> <II = 1> <Delay = 1.00> <Adapter> <Opcode : 'readrequnaligned' 'writerequnaligned' 'read' 'write' 'readreq' 'writereq' 'writeresp'>

State 22 <SV = 21> <Delay = 0.00>
ST_22 : Operation 261 [53/71] (3.65ns)   --->   "%empty_58 = readreq i1 @_ssdm_op_ReadReq.m_axi.p1i8, i64 %gmem0_addr, i64 %zext_ln66" [arith5.cpp:66]   --->   Operation 261 'readreq' 'empty_58' <Predicate = true> <Delay = 3.65> <CoreInst = "m_axi">   --->   Core 119 'm_axi' <Latency = 6> <II = 1> <Delay = 1.00> <Adapter> <Opcode : 'readrequnaligned' 'writerequnaligned' 'read' 'write' 'readreq' 'writereq' 'writeresp'>

State 23 <SV = 22> <Delay = 0.00>
ST_23 : Operation 262 [52/71] (3.65ns)   --->   "%empty_58 = readreq i1 @_ssdm_op_ReadReq.m_axi.p1i8, i64 %gmem0_addr, i64 %zext_ln66" [arith5.cpp:66]   --->   Operation 262 'readreq' 'empty_58' <Predicate = true> <Delay = 3.65> <CoreInst = "m_axi">   --->   Core 119 'm_axi' <Latency = 6> <II = 1> <Delay = 1.00> <Adapter> <Opcode : 'readrequnaligned' 'writerequnaligned' 'read' 'write' 'readreq' 'writereq' 'writeresp'>

State 24 <SV = 23> <Delay = 0.00>
ST_24 : Operation 263 [51/71] (3.65ns)   --->   "%empty_58 = readreq i1 @_ssdm_op_ReadReq.m_axi.p1i8, i64 %gmem0_addr, i64 %zext_ln66" [arith5.cpp:66]   --->   Operation 263 'readreq' 'empty_58' <Predicate = true> <Delay = 3.65> <CoreInst = "m_axi">   --->   Core 119 'm_axi' <Latency = 6> <II = 1> <Delay = 1.00> <Adapter> <Opcode : 'readrequnaligned' 'writerequnaligned' 'read' 'write' 'readreq' 'writereq' 'writeresp'>

State 25 <SV = 24> <Delay = 0.00>
ST_25 : Operation 264 [50/71] (3.65ns)   --->   "%empty_58 = readreq i1 @_ssdm_op_ReadReq.m_axi.p1i8, i64 %gmem0_addr, i64 %zext_ln66" [arith5.cpp:66]   --->   Operation 264 'readreq' 'empty_58' <Predicate = true> <Delay = 3.65> <CoreInst = "m_axi">   --->   Core 119 'm_axi' <Latency = 6> <II = 1> <Delay = 1.00> <Adapter> <Opcode : 'readrequnaligned' 'writerequnaligned' 'read' 'write' 'readreq' 'writereq' 'writeresp'>

State 26 <SV = 25> <Delay = 0.00>
ST_26 : Operation 265 [49/71] (3.65ns)   --->   "%empty_58 = readreq i1 @_ssdm_op_ReadReq.m_axi.p1i8, i64 %gmem0_addr, i64 %zext_ln66" [arith5.cpp:66]   --->   Operation 265 'readreq' 'empty_58' <Predicate = true> <Delay = 3.65> <CoreInst = "m_axi">   --->   Core 119 'm_axi' <Latency = 6> <II = 1> <Delay = 1.00> <Adapter> <Opcode : 'readrequnaligned' 'writerequnaligned' 'read' 'write' 'readreq' 'writereq' 'writeresp'>

State 27 <SV = 26> <Delay = 0.00>
ST_27 : Operation 266 [48/71] (3.65ns)   --->   "%empty_58 = readreq i1 @_ssdm_op_ReadReq.m_axi.p1i8, i64 %gmem0_addr, i64 %zext_ln66" [arith5.cpp:66]   --->   Operation 266 'readreq' 'empty_58' <Predicate = true> <Delay = 3.65> <CoreInst = "m_axi">   --->   Core 119 'm_axi' <Latency = 6> <II = 1> <Delay = 1.00> <Adapter> <Opcode : 'readrequnaligned' 'writerequnaligned' 'read' 'write' 'readreq' 'writereq' 'writeresp'>

State 28 <SV = 27> <Delay = 0.00>
ST_28 : Operation 267 [47/71] (3.65ns)   --->   "%empty_58 = readreq i1 @_ssdm_op_ReadReq.m_axi.p1i8, i64 %gmem0_addr, i64 %zext_ln66" [arith5.cpp:66]   --->   Operation 267 'readreq' 'empty_58' <Predicate = true> <Delay = 3.65> <CoreInst = "m_axi">   --->   Core 119 'm_axi' <Latency = 6> <II = 1> <Delay = 1.00> <Adapter> <Opcode : 'readrequnaligned' 'writerequnaligned' 'read' 'write' 'readreq' 'writereq' 'writeresp'>

State 29 <SV = 28> <Delay = 0.00>
ST_29 : Operation 268 [46/71] (3.65ns)   --->   "%empty_58 = readreq i1 @_ssdm_op_ReadReq.m_axi.p1i8, i64 %gmem0_addr, i64 %zext_ln66" [arith5.cpp:66]   --->   Operation 268 'readreq' 'empty_58' <Predicate = true> <Delay = 3.65> <CoreInst = "m_axi">   --->   Core 119 'm_axi' <Latency = 6> <II = 1> <Delay = 1.00> <Adapter> <Opcode : 'readrequnaligned' 'writerequnaligned' 'read' 'write' 'readreq' 'writereq' 'writeresp'>

State 30 <SV = 29> <Delay = 0.00>
ST_30 : Operation 269 [45/71] (3.65ns)   --->   "%empty_58 = readreq i1 @_ssdm_op_ReadReq.m_axi.p1i8, i64 %gmem0_addr, i64 %zext_ln66" [arith5.cpp:66]   --->   Operation 269 'readreq' 'empty_58' <Predicate = true> <Delay = 3.65> <CoreInst = "m_axi">   --->   Core 119 'm_axi' <Latency = 6> <II = 1> <Delay = 1.00> <Adapter> <Opcode : 'readrequnaligned' 'writerequnaligned' 'read' 'write' 'readreq' 'writereq' 'writeresp'>

State 31 <SV = 30> <Delay = 0.00>
ST_31 : Operation 270 [44/71] (3.65ns)   --->   "%empty_58 = readreq i1 @_ssdm_op_ReadReq.m_axi.p1i8, i64 %gmem0_addr, i64 %zext_ln66" [arith5.cpp:66]   --->   Operation 270 'readreq' 'empty_58' <Predicate = true> <Delay = 3.65> <CoreInst = "m_axi">   --->   Core 119 'm_axi' <Latency = 6> <II = 1> <Delay = 1.00> <Adapter> <Opcode : 'readrequnaligned' 'writerequnaligned' 'read' 'write' 'readreq' 'writereq' 'writeresp'>

State 32 <SV = 31> <Delay = 0.00>
ST_32 : Operation 271 [43/71] (3.65ns)   --->   "%empty_58 = readreq i1 @_ssdm_op_ReadReq.m_axi.p1i8, i64 %gmem0_addr, i64 %zext_ln66" [arith5.cpp:66]   --->   Operation 271 'readreq' 'empty_58' <Predicate = true> <Delay = 3.65> <CoreInst = "m_axi">   --->   Core 119 'm_axi' <Latency = 6> <II = 1> <Delay = 1.00> <Adapter> <Opcode : 'readrequnaligned' 'writerequnaligned' 'read' 'write' 'readreq' 'writereq' 'writeresp'>

State 33 <SV = 32> <Delay = 0.00>
ST_33 : Operation 272 [42/71] (3.65ns)   --->   "%empty_58 = readreq i1 @_ssdm_op_ReadReq.m_axi.p1i8, i64 %gmem0_addr, i64 %zext_ln66" [arith5.cpp:66]   --->   Operation 272 'readreq' 'empty_58' <Predicate = true> <Delay = 3.65> <CoreInst = "m_axi">   --->   Core 119 'm_axi' <Latency = 6> <II = 1> <Delay = 1.00> <Adapter> <Opcode : 'readrequnaligned' 'writerequnaligned' 'read' 'write' 'readreq' 'writereq' 'writeresp'>

State 34 <SV = 33> <Delay = 0.00>
ST_34 : Operation 273 [41/71] (3.65ns)   --->   "%empty_58 = readreq i1 @_ssdm_op_ReadReq.m_axi.p1i8, i64 %gmem0_addr, i64 %zext_ln66" [arith5.cpp:66]   --->   Operation 273 'readreq' 'empty_58' <Predicate = true> <Delay = 3.65> <CoreInst = "m_axi">   --->   Core 119 'm_axi' <Latency = 6> <II = 1> <Delay = 1.00> <Adapter> <Opcode : 'readrequnaligned' 'writerequnaligned' 'read' 'write' 'readreq' 'writereq' 'writeresp'>

State 35 <SV = 34> <Delay = 0.00>
ST_35 : Operation 274 [40/71] (3.65ns)   --->   "%empty_58 = readreq i1 @_ssdm_op_ReadReq.m_axi.p1i8, i64 %gmem0_addr, i64 %zext_ln66" [arith5.cpp:66]   --->   Operation 274 'readreq' 'empty_58' <Predicate = true> <Delay = 3.65> <CoreInst = "m_axi">   --->   Core 119 'm_axi' <Latency = 6> <II = 1> <Delay = 1.00> <Adapter> <Opcode : 'readrequnaligned' 'writerequnaligned' 'read' 'write' 'readreq' 'writereq' 'writeresp'>

State 36 <SV = 35> <Delay = 0.00>
ST_36 : Operation 275 [39/71] (3.65ns)   --->   "%empty_58 = readreq i1 @_ssdm_op_ReadReq.m_axi.p1i8, i64 %gmem0_addr, i64 %zext_ln66" [arith5.cpp:66]   --->   Operation 275 'readreq' 'empty_58' <Predicate = true> <Delay = 3.65> <CoreInst = "m_axi">   --->   Core 119 'm_axi' <Latency = 6> <II = 1> <Delay = 1.00> <Adapter> <Opcode : 'readrequnaligned' 'writerequnaligned' 'read' 'write' 'readreq' 'writereq' 'writeresp'>

State 37 <SV = 36> <Delay = 0.00>
ST_37 : Operation 276 [38/71] (3.65ns)   --->   "%empty_58 = readreq i1 @_ssdm_op_ReadReq.m_axi.p1i8, i64 %gmem0_addr, i64 %zext_ln66" [arith5.cpp:66]   --->   Operation 276 'readreq' 'empty_58' <Predicate = true> <Delay = 3.65> <CoreInst = "m_axi">   --->   Core 119 'm_axi' <Latency = 6> <II = 1> <Delay = 1.00> <Adapter> <Opcode : 'readrequnaligned' 'writerequnaligned' 'read' 'write' 'readreq' 'writereq' 'writeresp'>

State 38 <SV = 37> <Delay = 0.00>
ST_38 : Operation 277 [37/71] (3.65ns)   --->   "%empty_58 = readreq i1 @_ssdm_op_ReadReq.m_axi.p1i8, i64 %gmem0_addr, i64 %zext_ln66" [arith5.cpp:66]   --->   Operation 277 'readreq' 'empty_58' <Predicate = true> <Delay = 3.65> <CoreInst = "m_axi">   --->   Core 119 'm_axi' <Latency = 6> <II = 1> <Delay = 1.00> <Adapter> <Opcode : 'readrequnaligned' 'writerequnaligned' 'read' 'write' 'readreq' 'writereq' 'writeresp'>

State 39 <SV = 38> <Delay = 0.00>
ST_39 : Operation 278 [36/71] (3.65ns)   --->   "%empty_58 = readreq i1 @_ssdm_op_ReadReq.m_axi.p1i8, i64 %gmem0_addr, i64 %zext_ln66" [arith5.cpp:66]   --->   Operation 278 'readreq' 'empty_58' <Predicate = true> <Delay = 3.65> <CoreInst = "m_axi">   --->   Core 119 'm_axi' <Latency = 6> <II = 1> <Delay = 1.00> <Adapter> <Opcode : 'readrequnaligned' 'writerequnaligned' 'read' 'write' 'readreq' 'writereq' 'writeresp'>

State 40 <SV = 39> <Delay = 0.00>
ST_40 : Operation 279 [35/71] (3.65ns)   --->   "%empty_58 = readreq i1 @_ssdm_op_ReadReq.m_axi.p1i8, i64 %gmem0_addr, i64 %zext_ln66" [arith5.cpp:66]   --->   Operation 279 'readreq' 'empty_58' <Predicate = true> <Delay = 3.65> <CoreInst = "m_axi">   --->   Core 119 'm_axi' <Latency = 6> <II = 1> <Delay = 1.00> <Adapter> <Opcode : 'readrequnaligned' 'writerequnaligned' 'read' 'write' 'readreq' 'writereq' 'writeresp'>

State 41 <SV = 40> <Delay = 0.00>
ST_41 : Operation 280 [34/71] (3.65ns)   --->   "%empty_58 = readreq i1 @_ssdm_op_ReadReq.m_axi.p1i8, i64 %gmem0_addr, i64 %zext_ln66" [arith5.cpp:66]   --->   Operation 280 'readreq' 'empty_58' <Predicate = true> <Delay = 3.65> <CoreInst = "m_axi">   --->   Core 119 'm_axi' <Latency = 6> <II = 1> <Delay = 1.00> <Adapter> <Opcode : 'readrequnaligned' 'writerequnaligned' 'read' 'write' 'readreq' 'writereq' 'writeresp'>

State 42 <SV = 41> <Delay = 0.00>
ST_42 : Operation 281 [33/71] (3.65ns)   --->   "%empty_58 = readreq i1 @_ssdm_op_ReadReq.m_axi.p1i8, i64 %gmem0_addr, i64 %zext_ln66" [arith5.cpp:66]   --->   Operation 281 'readreq' 'empty_58' <Predicate = true> <Delay = 3.65> <CoreInst = "m_axi">   --->   Core 119 'm_axi' <Latency = 6> <II = 1> <Delay = 1.00> <Adapter> <Opcode : 'readrequnaligned' 'writerequnaligned' 'read' 'write' 'readreq' 'writereq' 'writeresp'>

State 43 <SV = 42> <Delay = 0.00>
ST_43 : Operation 282 [32/71] (3.65ns)   --->   "%empty_58 = readreq i1 @_ssdm_op_ReadReq.m_axi.p1i8, i64 %gmem0_addr, i64 %zext_ln66" [arith5.cpp:66]   --->   Operation 282 'readreq' 'empty_58' <Predicate = true> <Delay = 3.65> <CoreInst = "m_axi">   --->   Core 119 'm_axi' <Latency = 6> <II = 1> <Delay = 1.00> <Adapter> <Opcode : 'readrequnaligned' 'writerequnaligned' 'read' 'write' 'readreq' 'writereq' 'writeresp'>

State 44 <SV = 43> <Delay = 0.00>
ST_44 : Operation 283 [31/71] (3.65ns)   --->   "%empty_58 = readreq i1 @_ssdm_op_ReadReq.m_axi.p1i8, i64 %gmem0_addr, i64 %zext_ln66" [arith5.cpp:66]   --->   Operation 283 'readreq' 'empty_58' <Predicate = true> <Delay = 3.65> <CoreInst = "m_axi">   --->   Core 119 'm_axi' <Latency = 6> <II = 1> <Delay = 1.00> <Adapter> <Opcode : 'readrequnaligned' 'writerequnaligned' 'read' 'write' 'readreq' 'writereq' 'writeresp'>

State 45 <SV = 44> <Delay = 0.00>
ST_45 : Operation 284 [30/71] (3.65ns)   --->   "%empty_58 = readreq i1 @_ssdm_op_ReadReq.m_axi.p1i8, i64 %gmem0_addr, i64 %zext_ln66" [arith5.cpp:66]   --->   Operation 284 'readreq' 'empty_58' <Predicate = true> <Delay = 3.65> <CoreInst = "m_axi">   --->   Core 119 'm_axi' <Latency = 6> <II = 1> <Delay = 1.00> <Adapter> <Opcode : 'readrequnaligned' 'writerequnaligned' 'read' 'write' 'readreq' 'writereq' 'writeresp'>

State 46 <SV = 45> <Delay = 0.00>
ST_46 : Operation 285 [29/71] (3.65ns)   --->   "%empty_58 = readreq i1 @_ssdm_op_ReadReq.m_axi.p1i8, i64 %gmem0_addr, i64 %zext_ln66" [arith5.cpp:66]   --->   Operation 285 'readreq' 'empty_58' <Predicate = true> <Delay = 3.65> <CoreInst = "m_axi">   --->   Core 119 'm_axi' <Latency = 6> <II = 1> <Delay = 1.00> <Adapter> <Opcode : 'readrequnaligned' 'writerequnaligned' 'read' 'write' 'readreq' 'writereq' 'writeresp'>

State 47 <SV = 46> <Delay = 0.00>
ST_47 : Operation 286 [28/71] (3.65ns)   --->   "%empty_58 = readreq i1 @_ssdm_op_ReadReq.m_axi.p1i8, i64 %gmem0_addr, i64 %zext_ln66" [arith5.cpp:66]   --->   Operation 286 'readreq' 'empty_58' <Predicate = true> <Delay = 3.65> <CoreInst = "m_axi">   --->   Core 119 'm_axi' <Latency = 6> <II = 1> <Delay = 1.00> <Adapter> <Opcode : 'readrequnaligned' 'writerequnaligned' 'read' 'write' 'readreq' 'writereq' 'writeresp'>

State 48 <SV = 47> <Delay = 0.00>
ST_48 : Operation 287 [27/71] (3.65ns)   --->   "%empty_58 = readreq i1 @_ssdm_op_ReadReq.m_axi.p1i8, i64 %gmem0_addr, i64 %zext_ln66" [arith5.cpp:66]   --->   Operation 287 'readreq' 'empty_58' <Predicate = true> <Delay = 3.65> <CoreInst = "m_axi">   --->   Core 119 'm_axi' <Latency = 6> <II = 1> <Delay = 1.00> <Adapter> <Opcode : 'readrequnaligned' 'writerequnaligned' 'read' 'write' 'readreq' 'writereq' 'writeresp'>

State 49 <SV = 48> <Delay = 0.00>
ST_49 : Operation 288 [26/71] (3.65ns)   --->   "%empty_58 = readreq i1 @_ssdm_op_ReadReq.m_axi.p1i8, i64 %gmem0_addr, i64 %zext_ln66" [arith5.cpp:66]   --->   Operation 288 'readreq' 'empty_58' <Predicate = true> <Delay = 3.65> <CoreInst = "m_axi">   --->   Core 119 'm_axi' <Latency = 6> <II = 1> <Delay = 1.00> <Adapter> <Opcode : 'readrequnaligned' 'writerequnaligned' 'read' 'write' 'readreq' 'writereq' 'writeresp'>

State 50 <SV = 49> <Delay = 0.00>
ST_50 : Operation 289 [25/71] (3.65ns)   --->   "%empty_58 = readreq i1 @_ssdm_op_ReadReq.m_axi.p1i8, i64 %gmem0_addr, i64 %zext_ln66" [arith5.cpp:66]   --->   Operation 289 'readreq' 'empty_58' <Predicate = true> <Delay = 3.65> <CoreInst = "m_axi">   --->   Core 119 'm_axi' <Latency = 6> <II = 1> <Delay = 1.00> <Adapter> <Opcode : 'readrequnaligned' 'writerequnaligned' 'read' 'write' 'readreq' 'writereq' 'writeresp'>

State 51 <SV = 50> <Delay = 0.00>
ST_51 : Operation 290 [24/71] (3.65ns)   --->   "%empty_58 = readreq i1 @_ssdm_op_ReadReq.m_axi.p1i8, i64 %gmem0_addr, i64 %zext_ln66" [arith5.cpp:66]   --->   Operation 290 'readreq' 'empty_58' <Predicate = true> <Delay = 3.65> <CoreInst = "m_axi">   --->   Core 119 'm_axi' <Latency = 6> <II = 1> <Delay = 1.00> <Adapter> <Opcode : 'readrequnaligned' 'writerequnaligned' 'read' 'write' 'readreq' 'writereq' 'writeresp'>

State 52 <SV = 51> <Delay = 0.00>
ST_52 : Operation 291 [23/71] (3.65ns)   --->   "%empty_58 = readreq i1 @_ssdm_op_ReadReq.m_axi.p1i8, i64 %gmem0_addr, i64 %zext_ln66" [arith5.cpp:66]   --->   Operation 291 'readreq' 'empty_58' <Predicate = true> <Delay = 3.65> <CoreInst = "m_axi">   --->   Core 119 'm_axi' <Latency = 6> <II = 1> <Delay = 1.00> <Adapter> <Opcode : 'readrequnaligned' 'writerequnaligned' 'read' 'write' 'readreq' 'writereq' 'writeresp'>

State 53 <SV = 52> <Delay = 0.00>
ST_53 : Operation 292 [22/71] (3.65ns)   --->   "%empty_58 = readreq i1 @_ssdm_op_ReadReq.m_axi.p1i8, i64 %gmem0_addr, i64 %zext_ln66" [arith5.cpp:66]   --->   Operation 292 'readreq' 'empty_58' <Predicate = true> <Delay = 3.65> <CoreInst = "m_axi">   --->   Core 119 'm_axi' <Latency = 6> <II = 1> <Delay = 1.00> <Adapter> <Opcode : 'readrequnaligned' 'writerequnaligned' 'read' 'write' 'readreq' 'writereq' 'writeresp'>

State 54 <SV = 53> <Delay = 0.00>
ST_54 : Operation 293 [21/71] (3.65ns)   --->   "%empty_58 = readreq i1 @_ssdm_op_ReadReq.m_axi.p1i8, i64 %gmem0_addr, i64 %zext_ln66" [arith5.cpp:66]   --->   Operation 293 'readreq' 'empty_58' <Predicate = true> <Delay = 3.65> <CoreInst = "m_axi">   --->   Core 119 'm_axi' <Latency = 6> <II = 1> <Delay = 1.00> <Adapter> <Opcode : 'readrequnaligned' 'writerequnaligned' 'read' 'write' 'readreq' 'writereq' 'writeresp'>

State 55 <SV = 54> <Delay = 0.00>
ST_55 : Operation 294 [20/71] (3.65ns)   --->   "%empty_58 = readreq i1 @_ssdm_op_ReadReq.m_axi.p1i8, i64 %gmem0_addr, i64 %zext_ln66" [arith5.cpp:66]   --->   Operation 294 'readreq' 'empty_58' <Predicate = true> <Delay = 3.65> <CoreInst = "m_axi">   --->   Core 119 'm_axi' <Latency = 6> <II = 1> <Delay = 1.00> <Adapter> <Opcode : 'readrequnaligned' 'writerequnaligned' 'read' 'write' 'readreq' 'writereq' 'writeresp'>

State 56 <SV = 55> <Delay = 0.00>
ST_56 : Operation 295 [19/71] (3.65ns)   --->   "%empty_58 = readreq i1 @_ssdm_op_ReadReq.m_axi.p1i8, i64 %gmem0_addr, i64 %zext_ln66" [arith5.cpp:66]   --->   Operation 295 'readreq' 'empty_58' <Predicate = true> <Delay = 3.65> <CoreInst = "m_axi">   --->   Core 119 'm_axi' <Latency = 6> <II = 1> <Delay = 1.00> <Adapter> <Opcode : 'readrequnaligned' 'writerequnaligned' 'read' 'write' 'readreq' 'writereq' 'writeresp'>

State 57 <SV = 56> <Delay = 0.00>
ST_57 : Operation 296 [18/71] (3.65ns)   --->   "%empty_58 = readreq i1 @_ssdm_op_ReadReq.m_axi.p1i8, i64 %gmem0_addr, i64 %zext_ln66" [arith5.cpp:66]   --->   Operation 296 'readreq' 'empty_58' <Predicate = true> <Delay = 3.65> <CoreInst = "m_axi">   --->   Core 119 'm_axi' <Latency = 6> <II = 1> <Delay = 1.00> <Adapter> <Opcode : 'readrequnaligned' 'writerequnaligned' 'read' 'write' 'readreq' 'writereq' 'writeresp'>

State 58 <SV = 57> <Delay = 0.00>
ST_58 : Operation 297 [17/71] (3.65ns)   --->   "%empty_58 = readreq i1 @_ssdm_op_ReadReq.m_axi.p1i8, i64 %gmem0_addr, i64 %zext_ln66" [arith5.cpp:66]   --->   Operation 297 'readreq' 'empty_58' <Predicate = true> <Delay = 3.65> <CoreInst = "m_axi">   --->   Core 119 'm_axi' <Latency = 6> <II = 1> <Delay = 1.00> <Adapter> <Opcode : 'readrequnaligned' 'writerequnaligned' 'read' 'write' 'readreq' 'writereq' 'writeresp'>

State 59 <SV = 58> <Delay = 0.00>
ST_59 : Operation 298 [16/71] (3.65ns)   --->   "%empty_58 = readreq i1 @_ssdm_op_ReadReq.m_axi.p1i8, i64 %gmem0_addr, i64 %zext_ln66" [arith5.cpp:66]   --->   Operation 298 'readreq' 'empty_58' <Predicate = true> <Delay = 3.65> <CoreInst = "m_axi">   --->   Core 119 'm_axi' <Latency = 6> <II = 1> <Delay = 1.00> <Adapter> <Opcode : 'readrequnaligned' 'writerequnaligned' 'read' 'write' 'readreq' 'writereq' 'writeresp'>

State 60 <SV = 59> <Delay = 0.00>
ST_60 : Operation 299 [15/71] (3.65ns)   --->   "%empty_58 = readreq i1 @_ssdm_op_ReadReq.m_axi.p1i8, i64 %gmem0_addr, i64 %zext_ln66" [arith5.cpp:66]   --->   Operation 299 'readreq' 'empty_58' <Predicate = true> <Delay = 3.65> <CoreInst = "m_axi">   --->   Core 119 'm_axi' <Latency = 6> <II = 1> <Delay = 1.00> <Adapter> <Opcode : 'readrequnaligned' 'writerequnaligned' 'read' 'write' 'readreq' 'writereq' 'writeresp'>

State 61 <SV = 60> <Delay = 0.00>
ST_61 : Operation 300 [14/71] (3.65ns)   --->   "%empty_58 = readreq i1 @_ssdm_op_ReadReq.m_axi.p1i8, i64 %gmem0_addr, i64 %zext_ln66" [arith5.cpp:66]   --->   Operation 300 'readreq' 'empty_58' <Predicate = true> <Delay = 3.65> <CoreInst = "m_axi">   --->   Core 119 'm_axi' <Latency = 6> <II = 1> <Delay = 1.00> <Adapter> <Opcode : 'readrequnaligned' 'writerequnaligned' 'read' 'write' 'readreq' 'writereq' 'writeresp'>

State 62 <SV = 61> <Delay = 0.00>
ST_62 : Operation 301 [13/71] (3.65ns)   --->   "%empty_58 = readreq i1 @_ssdm_op_ReadReq.m_axi.p1i8, i64 %gmem0_addr, i64 %zext_ln66" [arith5.cpp:66]   --->   Operation 301 'readreq' 'empty_58' <Predicate = true> <Delay = 3.65> <CoreInst = "m_axi">   --->   Core 119 'm_axi' <Latency = 6> <II = 1> <Delay = 1.00> <Adapter> <Opcode : 'readrequnaligned' 'writerequnaligned' 'read' 'write' 'readreq' 'writereq' 'writeresp'>

State 63 <SV = 62> <Delay = 0.00>
ST_63 : Operation 302 [12/71] (3.65ns)   --->   "%empty_58 = readreq i1 @_ssdm_op_ReadReq.m_axi.p1i8, i64 %gmem0_addr, i64 %zext_ln66" [arith5.cpp:66]   --->   Operation 302 'readreq' 'empty_58' <Predicate = true> <Delay = 3.65> <CoreInst = "m_axi">   --->   Core 119 'm_axi' <Latency = 6> <II = 1> <Delay = 1.00> <Adapter> <Opcode : 'readrequnaligned' 'writerequnaligned' 'read' 'write' 'readreq' 'writereq' 'writeresp'>

State 64 <SV = 63> <Delay = 0.00>
ST_64 : Operation 303 [11/71] (3.65ns)   --->   "%empty_58 = readreq i1 @_ssdm_op_ReadReq.m_axi.p1i8, i64 %gmem0_addr, i64 %zext_ln66" [arith5.cpp:66]   --->   Operation 303 'readreq' 'empty_58' <Predicate = true> <Delay = 3.65> <CoreInst = "m_axi">   --->   Core 119 'm_axi' <Latency = 6> <II = 1> <Delay = 1.00> <Adapter> <Opcode : 'readrequnaligned' 'writerequnaligned' 'read' 'write' 'readreq' 'writereq' 'writeresp'>

State 65 <SV = 64> <Delay = 0.00>
ST_65 : Operation 304 [10/71] (3.65ns)   --->   "%empty_58 = readreq i1 @_ssdm_op_ReadReq.m_axi.p1i8, i64 %gmem0_addr, i64 %zext_ln66" [arith5.cpp:66]   --->   Operation 304 'readreq' 'empty_58' <Predicate = true> <Delay = 3.65> <CoreInst = "m_axi">   --->   Core 119 'm_axi' <Latency = 6> <II = 1> <Delay = 1.00> <Adapter> <Opcode : 'readrequnaligned' 'writerequnaligned' 'read' 'write' 'readreq' 'writereq' 'writeresp'>

State 66 <SV = 65> <Delay = 0.00>
ST_66 : Operation 305 [9/71] (3.65ns)   --->   "%empty_58 = readreq i1 @_ssdm_op_ReadReq.m_axi.p1i8, i64 %gmem0_addr, i64 %zext_ln66" [arith5.cpp:66]   --->   Operation 305 'readreq' 'empty_58' <Predicate = true> <Delay = 3.65> <CoreInst = "m_axi">   --->   Core 119 'm_axi' <Latency = 6> <II = 1> <Delay = 1.00> <Adapter> <Opcode : 'readrequnaligned' 'writerequnaligned' 'read' 'write' 'readreq' 'writereq' 'writeresp'>

State 67 <SV = 66> <Delay = 0.00>
ST_67 : Operation 306 [8/71] (3.65ns)   --->   "%empty_58 = readreq i1 @_ssdm_op_ReadReq.m_axi.p1i8, i64 %gmem0_addr, i64 %zext_ln66" [arith5.cpp:66]   --->   Operation 306 'readreq' 'empty_58' <Predicate = true> <Delay = 3.65> <CoreInst = "m_axi">   --->   Core 119 'm_axi' <Latency = 6> <II = 1> <Delay = 1.00> <Adapter> <Opcode : 'readrequnaligned' 'writerequnaligned' 'read' 'write' 'readreq' 'writereq' 'writeresp'>

State 68 <SV = 67> <Delay = 0.00>
ST_68 : Operation 307 [7/71] (3.65ns)   --->   "%empty_58 = readreq i1 @_ssdm_op_ReadReq.m_axi.p1i8, i64 %gmem0_addr, i64 %zext_ln66" [arith5.cpp:66]   --->   Operation 307 'readreq' 'empty_58' <Predicate = true> <Delay = 3.65> <CoreInst = "m_axi">   --->   Core 119 'm_axi' <Latency = 6> <II = 1> <Delay = 1.00> <Adapter> <Opcode : 'readrequnaligned' 'writerequnaligned' 'read' 'write' 'readreq' 'writereq' 'writeresp'>

State 69 <SV = 68> <Delay = 0.00>
ST_69 : Operation 308 [6/71] (3.65ns)   --->   "%empty_58 = readreq i1 @_ssdm_op_ReadReq.m_axi.p1i8, i64 %gmem0_addr, i64 %zext_ln66" [arith5.cpp:66]   --->   Operation 308 'readreq' 'empty_58' <Predicate = true> <Delay = 3.65> <CoreInst = "m_axi">   --->   Core 119 'm_axi' <Latency = 6> <II = 1> <Delay = 1.00> <Adapter> <Opcode : 'readrequnaligned' 'writerequnaligned' 'read' 'write' 'readreq' 'writereq' 'writeresp'>

State 70 <SV = 69> <Delay = 0.00>
ST_70 : Operation 309 [5/71] (3.65ns)   --->   "%empty_58 = readreq i1 @_ssdm_op_ReadReq.m_axi.p1i8, i64 %gmem0_addr, i64 %zext_ln66" [arith5.cpp:66]   --->   Operation 309 'readreq' 'empty_58' <Predicate = true> <Delay = 3.65> <CoreInst = "m_axi">   --->   Core 119 'm_axi' <Latency = 6> <II = 1> <Delay = 1.00> <Adapter> <Opcode : 'readrequnaligned' 'writerequnaligned' 'read' 'write' 'readreq' 'writereq' 'writeresp'>

State 71 <SV = 70> <Delay = 0.00>
ST_71 : Operation 310 [4/71] (3.65ns)   --->   "%empty_58 = readreq i1 @_ssdm_op_ReadReq.m_axi.p1i8, i64 %gmem0_addr, i64 %zext_ln66" [arith5.cpp:66]   --->   Operation 310 'readreq' 'empty_58' <Predicate = true> <Delay = 3.65> <CoreInst = "m_axi">   --->   Core 119 'm_axi' <Latency = 6> <II = 1> <Delay = 1.00> <Adapter> <Opcode : 'readrequnaligned' 'writerequnaligned' 'read' 'write' 'readreq' 'writereq' 'writeresp'>

State 72 <SV = 71> <Delay = 0.00>
ST_72 : Operation 311 [3/71] (3.65ns)   --->   "%empty_58 = readreq i1 @_ssdm_op_ReadReq.m_axi.p1i8, i64 %gmem0_addr, i64 %zext_ln66" [arith5.cpp:66]   --->   Operation 311 'readreq' 'empty_58' <Predicate = true> <Delay = 3.65> <CoreInst = "m_axi">   --->   Core 119 'm_axi' <Latency = 6> <II = 1> <Delay = 1.00> <Adapter> <Opcode : 'readrequnaligned' 'writerequnaligned' 'read' 'write' 'readreq' 'writereq' 'writeresp'>

State 73 <SV = 72> <Delay = 0.00>
ST_73 : Operation 312 [2/71] (3.65ns)   --->   "%empty_58 = readreq i1 @_ssdm_op_ReadReq.m_axi.p1i8, i64 %gmem0_addr, i64 %zext_ln66" [arith5.cpp:66]   --->   Operation 312 'readreq' 'empty_58' <Predicate = true> <Delay = 3.65> <CoreInst = "m_axi">   --->   Core 119 'm_axi' <Latency = 6> <II = 1> <Delay = 1.00> <Adapter> <Opcode : 'readrequnaligned' 'writerequnaligned' 'read' 'write' 'readreq' 'writereq' 'writeresp'>

State 74 <SV = 73> <Delay = 3.65>
ST_74 : Operation 313 [1/71] ( I:3.65ns O:3.65ns )   --->   "%empty_58 = readreq i1 @_ssdm_op_ReadReq.m_axi.p1i8, i64 %gmem0_addr, i64 %zext_ln66" [arith5.cpp:66]   --->   Operation 313 'readreq' 'empty_58' <Predicate = true> <Delay = 3.65> <CoreInst = "m_axi">   --->   Core 119 'm_axi' <Latency = 6> <II = 1> <Delay = 1.00> <Adapter> <Opcode : 'readrequnaligned' 'writerequnaligned' 'read' 'write' 'readreq' 'writereq' 'writeresp'>

State 75 <SV = 74> <Delay = 1.43>
ST_75 : Operation 314 [2/2] (1.43ns)   --->   "%call_ln65 = call void @arith_encode_Pipeline_VITIS_LOOP_66_1, i8 %gmem0, i31 %smax, i64 %add_ln63, i3 %trunc_ln63, i8 %arith_encode_unsigned_char_const_int_unsigned_char_buf, i8 %arith_encode_unsigned_char_const_int_unsigned_char_buf_2, i8 %arith_encode_unsigned_char_const_int_unsigned_char_buf_3, i8 %arith_encode_unsigned_char_const_int_unsigned_char_buf_4, i8 %arith_encode_unsigned_char_const_int_unsigned_char_buf_5, i8 %arith_encode_unsigned_char_const_int_unsigned_char_buf_6, i8 %arith_encode_unsigned_char_const_int_unsigned_char_buf_7, i8 %arith_encode_unsigned_char_const_int_unsigned_char_buf_8" [arith5.cpp:65]   --->   Operation 314 'call' 'call_ln65' <Predicate = true> <Delay = 1.43> <CoreType = "Generic">   --->   Generic Core

State 76 <SV = 75> <Delay = 0.67>
ST_76 : Operation 315 [1/1] (0.00ns)   --->   "%speclooptripcount_ln63 = speclooptripcount void @_ssdm_op_SpecLoopTripCount, i64 8, i64 8, i64 8" [arith5.cpp:63]   --->   Operation 315 'speclooptripcount' 'speclooptripcount_ln63' <Predicate = true> <Delay = 0.00>
ST_76 : Operation 316 [1/1] (0.00ns)   --->   "%specloopname_ln63 = specloopname void @_ssdm_op_SpecLoopName, void @empty_24" [arith5.cpp:63]   --->   Operation 316 'specloopname' 'specloopname_ln63' <Predicate = true> <Delay = 0.00>
ST_76 : Operation 317 [1/1] (0.00ns)   --->   "%zext_ln65 = zext i31 %len_9" [arith5.cpp:65]   --->   Operation 317 'zext' 'zext_ln65' <Predicate = true> <Delay = 0.00>
ST_76 : Operation 318 [1/2] (0.00ns)   --->   "%call_ln65 = call void @arith_encode_Pipeline_VITIS_LOOP_66_1, i8 %gmem0, i31 %smax, i64 %add_ln63, i3 %trunc_ln63, i8 %arith_encode_unsigned_char_const_int_unsigned_char_buf, i8 %arith_encode_unsigned_char_const_int_unsigned_char_buf_2, i8 %arith_encode_unsigned_char_const_int_unsigned_char_buf_3, i8 %arith_encode_unsigned_char_const_int_unsigned_char_buf_4, i8 %arith_encode_unsigned_char_const_int_unsigned_char_buf_5, i8 %arith_encode_unsigned_char_const_int_unsigned_char_buf_6, i8 %arith_encode_unsigned_char_const_int_unsigned_char_buf_7, i8 %arith_encode_unsigned_char_const_int_unsigned_char_buf_8" [arith5.cpp:65]   --->   Operation 318 'call' 'call_ln65' <Predicate = true> <Delay = 0.00> <CoreType = "Generic">   --->   Generic Core
ST_76 : Operation 319 [1/1] (0.31ns)   --->   "%clen_8 = xor i32 %zext_ln65, i32 4294967295" [arith5.cpp:67]   --->   Operation 319 'xor' 'clen_8' <Predicate = true> <Delay = 0.31> <CoreInst = "LogicGate">   --->   Core 74 'LogicGate' <Latency = 0> <II = 1> <Delay = 0.35> <FuncUnit> <Opcode : 'and' 'or' 'xor'> <InPorts = 2> <OutPorts = 1>
ST_76 : Operation 320 [1/1] (0.67ns)   --->   "%switch_ln67 = switch i3 %trunc_ln63, void %arrayidx18.case.7, i3 0, void %arrayidx18.case.0, i3 1, void %arrayidx18.case.1, i3 2, void %arrayidx18.case.2, i3 3, void %arrayidx18.case.3, i3 4, void %arrayidx18.case.4, i3 5, void %arrayidx18.case.5, i3 6, void %for.body.split.arrayidx18.exit_crit_edge" [arith5.cpp:67]   --->   Operation 320 'switch' 'switch_ln67' <Predicate = true> <Delay = 0.67>
ST_76 : Operation 321 [1/1] (0.00ns)   --->   "%store_ln67 = store i32 %clen_8, i32 %empty_56" [arith5.cpp:67]   --->   Operation 321 'store' 'store_ln67' <Predicate = (trunc_ln63 == 6)> <Delay = 0.00>
ST_76 : Operation 322 [1/1] (0.00ns)   --->   "%br_ln67 = br void %arrayidx18.exit" [arith5.cpp:67]   --->   Operation 322 'br' 'br_ln67' <Predicate = (trunc_ln63 == 6)> <Delay = 0.00>
ST_76 : Operation 323 [1/1] (0.00ns)   --->   "%store_ln67 = store i32 %clen_8, i32 %empty_55" [arith5.cpp:67]   --->   Operation 323 'store' 'store_ln67' <Predicate = (trunc_ln63 == 5)> <Delay = 0.00>
ST_76 : Operation 324 [1/1] (0.00ns)   --->   "%br_ln67 = br void %arrayidx18.exit" [arith5.cpp:67]   --->   Operation 324 'br' 'br_ln67' <Predicate = (trunc_ln63 == 5)> <Delay = 0.00>
ST_76 : Operation 325 [1/1] (0.00ns)   --->   "%store_ln67 = store i32 %clen_8, i32 %empty_54" [arith5.cpp:67]   --->   Operation 325 'store' 'store_ln67' <Predicate = (trunc_ln63 == 4)> <Delay = 0.00>
ST_76 : Operation 326 [1/1] (0.00ns)   --->   "%br_ln67 = br void %arrayidx18.exit" [arith5.cpp:67]   --->   Operation 326 'br' 'br_ln67' <Predicate = (trunc_ln63 == 4)> <Delay = 0.00>
ST_76 : Operation 327 [1/1] (0.00ns)   --->   "%store_ln67 = store i32 %clen_8, i32 %empty_53" [arith5.cpp:67]   --->   Operation 327 'store' 'store_ln67' <Predicate = (trunc_ln63 == 3)> <Delay = 0.00>
ST_76 : Operation 328 [1/1] (0.00ns)   --->   "%br_ln67 = br void %arrayidx18.exit" [arith5.cpp:67]   --->   Operation 328 'br' 'br_ln67' <Predicate = (trunc_ln63 == 3)> <Delay = 0.00>
ST_76 : Operation 329 [1/1] (0.00ns)   --->   "%store_ln67 = store i32 %clen_8, i32 %empty_52" [arith5.cpp:67]   --->   Operation 329 'store' 'store_ln67' <Predicate = (trunc_ln63 == 2)> <Delay = 0.00>
ST_76 : Operation 330 [1/1] (0.00ns)   --->   "%br_ln67 = br void %arrayidx18.exit" [arith5.cpp:67]   --->   Operation 330 'br' 'br_ln67' <Predicate = (trunc_ln63 == 2)> <Delay = 0.00>
ST_76 : Operation 331 [1/1] (0.00ns)   --->   "%store_ln67 = store i32 %clen_8, i32 %empty_51" [arith5.cpp:67]   --->   Operation 331 'store' 'store_ln67' <Predicate = (trunc_ln63 == 1)> <Delay = 0.00>
ST_76 : Operation 332 [1/1] (0.00ns)   --->   "%br_ln67 = br void %arrayidx18.exit" [arith5.cpp:67]   --->   Operation 332 'br' 'br_ln67' <Predicate = (trunc_ln63 == 1)> <Delay = 0.00>
ST_76 : Operation 333 [1/1] (0.00ns)   --->   "%store_ln67 = store i32 %clen_8, i32 %empty" [arith5.cpp:67]   --->   Operation 333 'store' 'store_ln67' <Predicate = (trunc_ln63 == 0)> <Delay = 0.00>
ST_76 : Operation 334 [1/1] (0.00ns)   --->   "%br_ln67 = br void %arrayidx18.exit" [arith5.cpp:67]   --->   Operation 334 'br' 'br_ln67' <Predicate = (trunc_ln63 == 0)> <Delay = 0.00>
ST_76 : Operation 335 [1/1] (0.00ns)   --->   "%store_ln67 = store i32 %clen_8, i32 %empty_57" [arith5.cpp:67]   --->   Operation 335 'store' 'store_ln67' <Predicate = (trunc_ln63 == 7)> <Delay = 0.00>
ST_76 : Operation 336 [1/1] (0.00ns)   --->   "%br_ln67 = br void %arrayidx18.exit" [arith5.cpp:67]   --->   Operation 336 'br' 'br_ln67' <Predicate = (trunc_ln63 == 7)> <Delay = 0.00>
ST_76 : Operation 337 [1/1] (0.42ns)   --->   "%store_ln63 = store i4 %add_ln63_1, i4 %c" [arith5.cpp:63]   --->   Operation 337 'store' 'store_ln63' <Predicate = true> <Delay = 0.42>
ST_76 : Operation 338 [1/1] (0.00ns)   --->   "%br_ln63 = br void %for.body" [arith5.cpp:63]   --->   Operation 338 'br' 'br_ln63' <Predicate = true> <Delay = 0.00>

State 77 <SV = 2> <Delay = 1.87>
ST_77 : Operation 339 [1/2] (1.87ns)   --->   "%clen = call i32 @encode_chunk, i8 %arith_encode_unsigned_char_const_int_unsigned_char_buf, i32 %len, i8 %arith_encode_unsigned_char_const_int_unsigned_char_cout" [arith5.cpp:77]   --->   Operation 339 'call' 'clen' <Predicate = true> <Delay = 1.87> <CoreType = "Generic">   --->   Generic Core
ST_77 : Operation 340 [1/1] (0.00ns)   --->   "%trunc_ln76 = trunc i32 %clen" [arith5.cpp:76]   --->   Operation 340 'trunc' 'trunc_ln76' <Predicate = true> <Delay = 0.00>
ST_77 : Operation 341 [1/2] (1.87ns)   --->   "%clen_1 = call i32 @encode_chunk, i8 %arith_encode_unsigned_char_const_int_unsigned_char_buf_2, i32 %len_10, i8 %arith_encode_unsigned_char_const_int_unsigned_char_cout_9" [arith5.cpp:77]   --->   Operation 341 'call' 'clen_1' <Predicate = true> <Delay = 1.87> <CoreType = "Generic">   --->   Generic Core
ST_77 : Operation 342 [1/1] (0.00ns)   --->   "%trunc_ln76_1 = trunc i32 %clen_1" [arith5.cpp:76]   --->   Operation 342 'trunc' 'trunc_ln76_1' <Predicate = true> <Delay = 0.00>
ST_77 : Operation 343 [1/2] (1.87ns)   --->   "%clen_2 = call i32 @encode_chunk, i8 %arith_encode_unsigned_char_const_int_unsigned_char_buf_3, i32 %len_11, i8 %arith_encode_unsigned_char_const_int_unsigned_char_cout_10" [arith5.cpp:77]   --->   Operation 343 'call' 'clen_2' <Predicate = true> <Delay = 1.87> <CoreType = "Generic">   --->   Generic Core
ST_77 : Operation 344 [1/1] (0.00ns)   --->   "%trunc_ln76_2 = trunc i32 %clen_2" [arith5.cpp:76]   --->   Operation 344 'trunc' 'trunc_ln76_2' <Predicate = true> <Delay = 0.00>
ST_77 : Operation 345 [1/2] (1.87ns)   --->   "%clen_3 = call i32 @encode_chunk, i8 %arith_encode_unsigned_char_const_int_unsigned_char_buf_4, i32 %len_12, i8 %arith_encode_unsigned_char_const_int_unsigned_char_cout_11" [arith5.cpp:77]   --->   Operation 345 'call' 'clen_3' <Predicate = true> <Delay = 1.87> <CoreType = "Generic">   --->   Generic Core
ST_77 : Operation 346 [1/1] (0.00ns)   --->   "%trunc_ln76_3 = trunc i32 %clen_3" [arith5.cpp:76]   --->   Operation 346 'trunc' 'trunc_ln76_3' <Predicate = true> <Delay = 0.00>
ST_77 : Operation 347 [1/2] (1.87ns)   --->   "%clen_4 = call i32 @encode_chunk, i8 %arith_encode_unsigned_char_const_int_unsigned_char_buf_5, i32 %len_13, i8 %arith_encode_unsigned_char_const_int_unsigned_char_cout_12" [arith5.cpp:77]   --->   Operation 347 'call' 'clen_4' <Predicate = true> <Delay = 1.87> <CoreType = "Generic">   --->   Generic Core
ST_77 : Operation 348 [1/1] (0.00ns)   --->   "%trunc_ln76_4 = trunc i32 %clen_4" [arith5.cpp:76]   --->   Operation 348 'trunc' 'trunc_ln76_4' <Predicate = true> <Delay = 0.00>
ST_77 : Operation 349 [1/2] (1.87ns)   --->   "%clen_5 = call i32 @encode_chunk, i8 %arith_encode_unsigned_char_const_int_unsigned_char_buf_6, i32 %len_14, i8 %arith_encode_unsigned_char_const_int_unsigned_char_cout_13" [arith5.cpp:77]   --->   Operation 349 'call' 'clen_5' <Predicate = true> <Delay = 1.87> <CoreType = "Generic">   --->   Generic Core
ST_77 : Operation 350 [1/1] (0.00ns)   --->   "%trunc_ln76_5 = trunc i32 %clen_5" [arith5.cpp:76]   --->   Operation 350 'trunc' 'trunc_ln76_5' <Predicate = true> <Delay = 0.00>
ST_77 : Operation 351 [1/2] (1.87ns)   --->   "%clen_6 = call i32 @encode_chunk, i8 %arith_encode_unsigned_char_const_int_unsigned_char_buf_7, i32 %len_15, i8 %arith_encode_unsigned_char_const_int_unsigned_char_cout_14" [arith5.cpp:77]   --->   Operation 351 'call' 'clen_6' <Predicate = true> <Delay = 1.87> <CoreType = "Generic">   --->   Generic Core
ST_77 : Operation 352 [1/1] (0.00ns)   --->   "%trunc_ln76_6 = trunc i32 %clen_6" [arith5.cpp:76]   --->   Operation 352 'trunc' 'trunc_ln76_6' <Predicate = true> <Delay = 0.00>
ST_77 : Operation 353 [1/2] (1.87ns)   --->   "%clen_7 = call i32 @encode_chunk, i8 %arith_encode_unsigned_char_const_int_unsigned_char_buf_8, i32 %len_16, i8 %arith_encode_unsigned_char_const_int_unsigned_char_cout_15" [arith5.cpp:77]   --->   Operation 353 'call' 'clen_7' <Predicate = true> <Delay = 1.87> <CoreType = "Generic">   --->   Generic Core
ST_77 : Operation 354 [1/1] (0.00ns)   --->   "%trunc_ln56 = trunc i32 %clen_7" [arith5.cpp:56]   --->   Operation 354 'trunc' 'trunc_ln56' <Predicate = true> <Delay = 0.00>
ST_77 : Operation 355 [2/2] (0.00ns)   --->   "%call_ln76 = call void @arith_encode_Pipeline_Header, i16 %trunc_ln76, i16 %trunc_ln76_1, i16 %trunc_ln76_2, i16 %trunc_ln76_3, i16 %trunc_ln76_4, i16 %trunc_ln76_5, i16 %trunc_ln76_6, i16 %trunc_ln56, i128 %shiftreg_loc" [arith5.cpp:76]   --->   Operation 355 'call' 'call_ln76' <Predicate = true> <Delay = 0.00> <CoreType = "Generic">   --->   Generic Core

State 78 <SV = 3> <Delay = 1.22>
ST_78 : Operation 356 [1/2] (1.22ns)   --->   "%call_ln76 = call void @arith_encode_Pipeline_Header, i16 %trunc_ln76, i16 %trunc_ln76_1, i16 %trunc_ln76_2, i16 %trunc_ln76_3, i16 %trunc_ln76_4, i16 %trunc_ln76_5, i16 %trunc_ln76_6, i16 %trunc_ln56, i128 %shiftreg_loc" [arith5.cpp:76]   --->   Operation 356 'call' 'call_ln76' <Predicate = true> <Delay = 1.22> <CoreType = "Generic">   --->   Generic Core

State 79 <SV = 4> <Delay = 3.65>
ST_79 : Operation 357 [1/1] (0.00ns)   --->   "%trunc_ln7 = partselect i60 @_ssdm_op_PartSelect.i60.i64.i32.i32, i64 %out_r_read, i32 4, i32 63" [arith5.cpp:88]   --->   Operation 357 'partselect' 'trunc_ln7' <Predicate = true> <Delay = 0.00>
ST_79 : Operation 358 [1/1] (0.00ns)   --->   "%sext_ln88 = sext i60 %trunc_ln7" [arith5.cpp:88]   --->   Operation 358 'sext' 'sext_ln88' <Predicate = true> <Delay = 0.00>
ST_79 : Operation 359 [1/1] (0.00ns)   --->   "%gmem1_addr = getelementptr i128 %gmem1, i64 %sext_ln88" [arith5.cpp:88]   --->   Operation 359 'getelementptr' 'gmem1_addr' <Predicate = true> <Delay = 0.00>
ST_79 : Operation 360 [1/1] ( I:3.65ns O:3.65ns )   --->   "%gmem1_addr_req = writereq i1 @_ssdm_op_WriteReq.m_axi.i128P1A, i64 %gmem1_addr, i64 1" [arith5.cpp:88]   --->   Operation 360 'writereq' 'gmem1_addr_req' <Predicate = true> <Delay = 3.65> <CoreInst = "m_axi">   --->   Core 119 'm_axi' <Latency = 9> <II = 1> <Delay = 1.00> <Adapter> <Opcode : 'readrequnaligned' 'writerequnaligned' 'read' 'write' 'readreq' 'writereq' 'writeresp'>

State 80 <SV = 5> <Delay = 3.65>
ST_80 : Operation 361 [1/1] (0.00ns)   --->   "%shiftreg_loc_load = load i128 %shiftreg_loc"   --->   Operation 361 'load' 'shiftreg_loc_load' <Predicate = true> <Delay = 0.00>
ST_80 : Operation 362 [1/1] ( I:3.65ns O:3.65ns )   --->   "%write_ln88 = write void @_ssdm_op_Write.m_axi.i128P1A, i64 %gmem1_addr, i128 %shiftreg_loc_load, i16 65535" [arith5.cpp:88]   --->   Operation 362 'write' 'write_ln88' <Predicate = true> <Delay = 3.65> <CoreInst = "m_axi">   --->   Core 119 'm_axi' <Latency = 5> <II = 1> <Delay = 1.00> <Adapter> <Opcode : 'readrequnaligned' 'writerequnaligned' 'read' 'write' 'readreq' 'writereq' 'writeresp'>

State 81 <SV = 6> <Delay = 0.00>
ST_81 : Operation 363 [68/68] (3.65ns)   --->   "%gmem1_addr_resp = writeresp i1 @_ssdm_op_WriteResp.m_axi.i128P1A, i64 %gmem1_addr" [arith5.cpp:88]   --->   Operation 363 'writeresp' 'gmem1_addr_resp' <Predicate = true> <Delay = 3.65> <CoreInst = "m_axi">   --->   Core 119 'm_axi' <Latency = 3> <II = 1> <Delay = 1.00> <Adapter> <Opcode : 'readrequnaligned' 'writerequnaligned' 'read' 'write' 'readreq' 'writereq' 'writeresp'>

State 82 <SV = 7> <Delay = 0.00>
ST_82 : Operation 364 [67/68] (3.65ns)   --->   "%gmem1_addr_resp = writeresp i1 @_ssdm_op_WriteResp.m_axi.i128P1A, i64 %gmem1_addr" [arith5.cpp:88]   --->   Operation 364 'writeresp' 'gmem1_addr_resp' <Predicate = true> <Delay = 3.65> <CoreInst = "m_axi">   --->   Core 119 'm_axi' <Latency = 3> <II = 1> <Delay = 1.00> <Adapter> <Opcode : 'readrequnaligned' 'writerequnaligned' 'read' 'write' 'readreq' 'writereq' 'writeresp'>

State 83 <SV = 8> <Delay = 0.00>
ST_83 : Operation 365 [66/68] (3.65ns)   --->   "%gmem1_addr_resp = writeresp i1 @_ssdm_op_WriteResp.m_axi.i128P1A, i64 %gmem1_addr" [arith5.cpp:88]   --->   Operation 365 'writeresp' 'gmem1_addr_resp' <Predicate = true> <Delay = 3.65> <CoreInst = "m_axi">   --->   Core 119 'm_axi' <Latency = 3> <II = 1> <Delay = 1.00> <Adapter> <Opcode : 'readrequnaligned' 'writerequnaligned' 'read' 'write' 'readreq' 'writereq' 'writeresp'>

State 84 <SV = 9> <Delay = 0.00>
ST_84 : Operation 366 [65/68] (3.65ns)   --->   "%gmem1_addr_resp = writeresp i1 @_ssdm_op_WriteResp.m_axi.i128P1A, i64 %gmem1_addr" [arith5.cpp:88]   --->   Operation 366 'writeresp' 'gmem1_addr_resp' <Predicate = true> <Delay = 3.65> <CoreInst = "m_axi">   --->   Core 119 'm_axi' <Latency = 3> <II = 1> <Delay = 1.00> <Adapter> <Opcode : 'readrequnaligned' 'writerequnaligned' 'read' 'write' 'readreq' 'writereq' 'writeresp'>

State 85 <SV = 10> <Delay = 0.00>
ST_85 : Operation 367 [64/68] (3.65ns)   --->   "%gmem1_addr_resp = writeresp i1 @_ssdm_op_WriteResp.m_axi.i128P1A, i64 %gmem1_addr" [arith5.cpp:88]   --->   Operation 367 'writeresp' 'gmem1_addr_resp' <Predicate = true> <Delay = 3.65> <CoreInst = "m_axi">   --->   Core 119 'm_axi' <Latency = 3> <II = 1> <Delay = 1.00> <Adapter> <Opcode : 'readrequnaligned' 'writerequnaligned' 'read' 'write' 'readreq' 'writereq' 'writeresp'>

State 86 <SV = 11> <Delay = 0.00>
ST_86 : Operation 368 [63/68] (3.65ns)   --->   "%gmem1_addr_resp = writeresp i1 @_ssdm_op_WriteResp.m_axi.i128P1A, i64 %gmem1_addr" [arith5.cpp:88]   --->   Operation 368 'writeresp' 'gmem1_addr_resp' <Predicate = true> <Delay = 3.65> <CoreInst = "m_axi">   --->   Core 119 'm_axi' <Latency = 3> <II = 1> <Delay = 1.00> <Adapter> <Opcode : 'readrequnaligned' 'writerequnaligned' 'read' 'write' 'readreq' 'writereq' 'writeresp'>

State 87 <SV = 12> <Delay = 0.00>
ST_87 : Operation 369 [62/68] (3.65ns)   --->   "%gmem1_addr_resp = writeresp i1 @_ssdm_op_WriteResp.m_axi.i128P1A, i64 %gmem1_addr" [arith5.cpp:88]   --->   Operation 369 'writeresp' 'gmem1_addr_resp' <Predicate = true> <Delay = 3.65> <CoreInst = "m_axi">   --->   Core 119 'm_axi' <Latency = 3> <II = 1> <Delay = 1.00> <Adapter> <Opcode : 'readrequnaligned' 'writerequnaligned' 'read' 'write' 'readreq' 'writereq' 'writeresp'>

State 88 <SV = 13> <Delay = 0.00>
ST_88 : Operation 370 [61/68] (3.65ns)   --->   "%gmem1_addr_resp = writeresp i1 @_ssdm_op_WriteResp.m_axi.i128P1A, i64 %gmem1_addr" [arith5.cpp:88]   --->   Operation 370 'writeresp' 'gmem1_addr_resp' <Predicate = true> <Delay = 3.65> <CoreInst = "m_axi">   --->   Core 119 'm_axi' <Latency = 3> <II = 1> <Delay = 1.00> <Adapter> <Opcode : 'readrequnaligned' 'writerequnaligned' 'read' 'write' 'readreq' 'writereq' 'writeresp'>

State 89 <SV = 14> <Delay = 0.00>
ST_89 : Operation 371 [60/68] (3.65ns)   --->   "%gmem1_addr_resp = writeresp i1 @_ssdm_op_WriteResp.m_axi.i128P1A, i64 %gmem1_addr" [arith5.cpp:88]   --->   Operation 371 'writeresp' 'gmem1_addr_resp' <Predicate = true> <Delay = 3.65> <CoreInst = "m_axi">   --->   Core 119 'm_axi' <Latency = 3> <II = 1> <Delay = 1.00> <Adapter> <Opcode : 'readrequnaligned' 'writerequnaligned' 'read' 'write' 'readreq' 'writereq' 'writeresp'>

State 90 <SV = 15> <Delay = 0.00>
ST_90 : Operation 372 [59/68] (3.65ns)   --->   "%gmem1_addr_resp = writeresp i1 @_ssdm_op_WriteResp.m_axi.i128P1A, i64 %gmem1_addr" [arith5.cpp:88]   --->   Operation 372 'writeresp' 'gmem1_addr_resp' <Predicate = true> <Delay = 3.65> <CoreInst = "m_axi">   --->   Core 119 'm_axi' <Latency = 3> <II = 1> <Delay = 1.00> <Adapter> <Opcode : 'readrequnaligned' 'writerequnaligned' 'read' 'write' 'readreq' 'writereq' 'writeresp'>

State 91 <SV = 16> <Delay = 0.00>
ST_91 : Operation 373 [58/68] (3.65ns)   --->   "%gmem1_addr_resp = writeresp i1 @_ssdm_op_WriteResp.m_axi.i128P1A, i64 %gmem1_addr" [arith5.cpp:88]   --->   Operation 373 'writeresp' 'gmem1_addr_resp' <Predicate = true> <Delay = 3.65> <CoreInst = "m_axi">   --->   Core 119 'm_axi' <Latency = 3> <II = 1> <Delay = 1.00> <Adapter> <Opcode : 'readrequnaligned' 'writerequnaligned' 'read' 'write' 'readreq' 'writereq' 'writeresp'>

State 92 <SV = 17> <Delay = 0.00>
ST_92 : Operation 374 [57/68] (3.65ns)   --->   "%gmem1_addr_resp = writeresp i1 @_ssdm_op_WriteResp.m_axi.i128P1A, i64 %gmem1_addr" [arith5.cpp:88]   --->   Operation 374 'writeresp' 'gmem1_addr_resp' <Predicate = true> <Delay = 3.65> <CoreInst = "m_axi">   --->   Core 119 'm_axi' <Latency = 3> <II = 1> <Delay = 1.00> <Adapter> <Opcode : 'readrequnaligned' 'writerequnaligned' 'read' 'write' 'readreq' 'writereq' 'writeresp'>

State 93 <SV = 18> <Delay = 0.00>
ST_93 : Operation 375 [56/68] (3.65ns)   --->   "%gmem1_addr_resp = writeresp i1 @_ssdm_op_WriteResp.m_axi.i128P1A, i64 %gmem1_addr" [arith5.cpp:88]   --->   Operation 375 'writeresp' 'gmem1_addr_resp' <Predicate = true> <Delay = 3.65> <CoreInst = "m_axi">   --->   Core 119 'm_axi' <Latency = 3> <II = 1> <Delay = 1.00> <Adapter> <Opcode : 'readrequnaligned' 'writerequnaligned' 'read' 'write' 'readreq' 'writereq' 'writeresp'>

State 94 <SV = 19> <Delay = 0.00>
ST_94 : Operation 376 [55/68] (3.65ns)   --->   "%gmem1_addr_resp = writeresp i1 @_ssdm_op_WriteResp.m_axi.i128P1A, i64 %gmem1_addr" [arith5.cpp:88]   --->   Operation 376 'writeresp' 'gmem1_addr_resp' <Predicate = true> <Delay = 3.65> <CoreInst = "m_axi">   --->   Core 119 'm_axi' <Latency = 3> <II = 1> <Delay = 1.00> <Adapter> <Opcode : 'readrequnaligned' 'writerequnaligned' 'read' 'write' 'readreq' 'writereq' 'writeresp'>

State 95 <SV = 20> <Delay = 0.00>
ST_95 : Operation 377 [54/68] (3.65ns)   --->   "%gmem1_addr_resp = writeresp i1 @_ssdm_op_WriteResp.m_axi.i128P1A, i64 %gmem1_addr" [arith5.cpp:88]   --->   Operation 377 'writeresp' 'gmem1_addr_resp' <Predicate = true> <Delay = 3.65> <CoreInst = "m_axi">   --->   Core 119 'm_axi' <Latency = 3> <II = 1> <Delay = 1.00> <Adapter> <Opcode : 'readrequnaligned' 'writerequnaligned' 'read' 'write' 'readreq' 'writereq' 'writeresp'>

State 96 <SV = 21> <Delay = 0.00>
ST_96 : Operation 378 [53/68] (3.65ns)   --->   "%gmem1_addr_resp = writeresp i1 @_ssdm_op_WriteResp.m_axi.i128P1A, i64 %gmem1_addr" [arith5.cpp:88]   --->   Operation 378 'writeresp' 'gmem1_addr_resp' <Predicate = true> <Delay = 3.65> <CoreInst = "m_axi">   --->   Core 119 'm_axi' <Latency = 3> <II = 1> <Delay = 1.00> <Adapter> <Opcode : 'readrequnaligned' 'writerequnaligned' 'read' 'write' 'readreq' 'writereq' 'writeresp'>

State 97 <SV = 22> <Delay = 0.00>
ST_97 : Operation 379 [52/68] (3.65ns)   --->   "%gmem1_addr_resp = writeresp i1 @_ssdm_op_WriteResp.m_axi.i128P1A, i64 %gmem1_addr" [arith5.cpp:88]   --->   Operation 379 'writeresp' 'gmem1_addr_resp' <Predicate = true> <Delay = 3.65> <CoreInst = "m_axi">   --->   Core 119 'm_axi' <Latency = 3> <II = 1> <Delay = 1.00> <Adapter> <Opcode : 'readrequnaligned' 'writerequnaligned' 'read' 'write' 'readreq' 'writereq' 'writeresp'>

State 98 <SV = 23> <Delay = 0.00>
ST_98 : Operation 380 [51/68] (3.65ns)   --->   "%gmem1_addr_resp = writeresp i1 @_ssdm_op_WriteResp.m_axi.i128P1A, i64 %gmem1_addr" [arith5.cpp:88]   --->   Operation 380 'writeresp' 'gmem1_addr_resp' <Predicate = true> <Delay = 3.65> <CoreInst = "m_axi">   --->   Core 119 'm_axi' <Latency = 3> <II = 1> <Delay = 1.00> <Adapter> <Opcode : 'readrequnaligned' 'writerequnaligned' 'read' 'write' 'readreq' 'writereq' 'writeresp'>

State 99 <SV = 24> <Delay = 0.00>
ST_99 : Operation 381 [50/68] (3.65ns)   --->   "%gmem1_addr_resp = writeresp i1 @_ssdm_op_WriteResp.m_axi.i128P1A, i64 %gmem1_addr" [arith5.cpp:88]   --->   Operation 381 'writeresp' 'gmem1_addr_resp' <Predicate = true> <Delay = 3.65> <CoreInst = "m_axi">   --->   Core 119 'm_axi' <Latency = 3> <II = 1> <Delay = 1.00> <Adapter> <Opcode : 'readrequnaligned' 'writerequnaligned' 'read' 'write' 'readreq' 'writereq' 'writeresp'>

State 100 <SV = 25> <Delay = 0.00>
ST_100 : Operation 382 [49/68] (3.65ns)   --->   "%gmem1_addr_resp = writeresp i1 @_ssdm_op_WriteResp.m_axi.i128P1A, i64 %gmem1_addr" [arith5.cpp:88]   --->   Operation 382 'writeresp' 'gmem1_addr_resp' <Predicate = true> <Delay = 3.65> <CoreInst = "m_axi">   --->   Core 119 'm_axi' <Latency = 3> <II = 1> <Delay = 1.00> <Adapter> <Opcode : 'readrequnaligned' 'writerequnaligned' 'read' 'write' 'readreq' 'writereq' 'writeresp'>

State 101 <SV = 26> <Delay = 0.00>
ST_101 : Operation 383 [48/68] (3.65ns)   --->   "%gmem1_addr_resp = writeresp i1 @_ssdm_op_WriteResp.m_axi.i128P1A, i64 %gmem1_addr" [arith5.cpp:88]   --->   Operation 383 'writeresp' 'gmem1_addr_resp' <Predicate = true> <Delay = 3.65> <CoreInst = "m_axi">   --->   Core 119 'm_axi' <Latency = 3> <II = 1> <Delay = 1.00> <Adapter> <Opcode : 'readrequnaligned' 'writerequnaligned' 'read' 'write' 'readreq' 'writereq' 'writeresp'>

State 102 <SV = 27> <Delay = 0.00>
ST_102 : Operation 384 [47/68] (3.65ns)   --->   "%gmem1_addr_resp = writeresp i1 @_ssdm_op_WriteResp.m_axi.i128P1A, i64 %gmem1_addr" [arith5.cpp:88]   --->   Operation 384 'writeresp' 'gmem1_addr_resp' <Predicate = true> <Delay = 3.65> <CoreInst = "m_axi">   --->   Core 119 'm_axi' <Latency = 3> <II = 1> <Delay = 1.00> <Adapter> <Opcode : 'readrequnaligned' 'writerequnaligned' 'read' 'write' 'readreq' 'writereq' 'writeresp'>

State 103 <SV = 28> <Delay = 0.00>
ST_103 : Operation 385 [46/68] (3.65ns)   --->   "%gmem1_addr_resp = writeresp i1 @_ssdm_op_WriteResp.m_axi.i128P1A, i64 %gmem1_addr" [arith5.cpp:88]   --->   Operation 385 'writeresp' 'gmem1_addr_resp' <Predicate = true> <Delay = 3.65> <CoreInst = "m_axi">   --->   Core 119 'm_axi' <Latency = 3> <II = 1> <Delay = 1.00> <Adapter> <Opcode : 'readrequnaligned' 'writerequnaligned' 'read' 'write' 'readreq' 'writereq' 'writeresp'>

State 104 <SV = 29> <Delay = 0.00>
ST_104 : Operation 386 [45/68] (3.65ns)   --->   "%gmem1_addr_resp = writeresp i1 @_ssdm_op_WriteResp.m_axi.i128P1A, i64 %gmem1_addr" [arith5.cpp:88]   --->   Operation 386 'writeresp' 'gmem1_addr_resp' <Predicate = true> <Delay = 3.65> <CoreInst = "m_axi">   --->   Core 119 'm_axi' <Latency = 3> <II = 1> <Delay = 1.00> <Adapter> <Opcode : 'readrequnaligned' 'writerequnaligned' 'read' 'write' 'readreq' 'writereq' 'writeresp'>

State 105 <SV = 30> <Delay = 0.00>
ST_105 : Operation 387 [44/68] (3.65ns)   --->   "%gmem1_addr_resp = writeresp i1 @_ssdm_op_WriteResp.m_axi.i128P1A, i64 %gmem1_addr" [arith5.cpp:88]   --->   Operation 387 'writeresp' 'gmem1_addr_resp' <Predicate = true> <Delay = 3.65> <CoreInst = "m_axi">   --->   Core 119 'm_axi' <Latency = 3> <II = 1> <Delay = 1.00> <Adapter> <Opcode : 'readrequnaligned' 'writerequnaligned' 'read' 'write' 'readreq' 'writereq' 'writeresp'>

State 106 <SV = 31> <Delay = 0.00>
ST_106 : Operation 388 [43/68] (3.65ns)   --->   "%gmem1_addr_resp = writeresp i1 @_ssdm_op_WriteResp.m_axi.i128P1A, i64 %gmem1_addr" [arith5.cpp:88]   --->   Operation 388 'writeresp' 'gmem1_addr_resp' <Predicate = true> <Delay = 3.65> <CoreInst = "m_axi">   --->   Core 119 'm_axi' <Latency = 3> <II = 1> <Delay = 1.00> <Adapter> <Opcode : 'readrequnaligned' 'writerequnaligned' 'read' 'write' 'readreq' 'writereq' 'writeresp'>

State 107 <SV = 32> <Delay = 0.00>
ST_107 : Operation 389 [42/68] (3.65ns)   --->   "%gmem1_addr_resp = writeresp i1 @_ssdm_op_WriteResp.m_axi.i128P1A, i64 %gmem1_addr" [arith5.cpp:88]   --->   Operation 389 'writeresp' 'gmem1_addr_resp' <Predicate = true> <Delay = 3.65> <CoreInst = "m_axi">   --->   Core 119 'm_axi' <Latency = 3> <II = 1> <Delay = 1.00> <Adapter> <Opcode : 'readrequnaligned' 'writerequnaligned' 'read' 'write' 'readreq' 'writereq' 'writeresp'>

State 108 <SV = 33> <Delay = 0.00>
ST_108 : Operation 390 [41/68] (3.65ns)   --->   "%gmem1_addr_resp = writeresp i1 @_ssdm_op_WriteResp.m_axi.i128P1A, i64 %gmem1_addr" [arith5.cpp:88]   --->   Operation 390 'writeresp' 'gmem1_addr_resp' <Predicate = true> <Delay = 3.65> <CoreInst = "m_axi">   --->   Core 119 'm_axi' <Latency = 3> <II = 1> <Delay = 1.00> <Adapter> <Opcode : 'readrequnaligned' 'writerequnaligned' 'read' 'write' 'readreq' 'writereq' 'writeresp'>

State 109 <SV = 34> <Delay = 0.00>
ST_109 : Operation 391 [40/68] (3.65ns)   --->   "%gmem1_addr_resp = writeresp i1 @_ssdm_op_WriteResp.m_axi.i128P1A, i64 %gmem1_addr" [arith5.cpp:88]   --->   Operation 391 'writeresp' 'gmem1_addr_resp' <Predicate = true> <Delay = 3.65> <CoreInst = "m_axi">   --->   Core 119 'm_axi' <Latency = 3> <II = 1> <Delay = 1.00> <Adapter> <Opcode : 'readrequnaligned' 'writerequnaligned' 'read' 'write' 'readreq' 'writereq' 'writeresp'>

State 110 <SV = 35> <Delay = 0.00>
ST_110 : Operation 392 [39/68] (3.65ns)   --->   "%gmem1_addr_resp = writeresp i1 @_ssdm_op_WriteResp.m_axi.i128P1A, i64 %gmem1_addr" [arith5.cpp:88]   --->   Operation 392 'writeresp' 'gmem1_addr_resp' <Predicate = true> <Delay = 3.65> <CoreInst = "m_axi">   --->   Core 119 'm_axi' <Latency = 3> <II = 1> <Delay = 1.00> <Adapter> <Opcode : 'readrequnaligned' 'writerequnaligned' 'read' 'write' 'readreq' 'writereq' 'writeresp'>

State 111 <SV = 36> <Delay = 0.00>
ST_111 : Operation 393 [38/68] (3.65ns)   --->   "%gmem1_addr_resp = writeresp i1 @_ssdm_op_WriteResp.m_axi.i128P1A, i64 %gmem1_addr" [arith5.cpp:88]   --->   Operation 393 'writeresp' 'gmem1_addr_resp' <Predicate = true> <Delay = 3.65> <CoreInst = "m_axi">   --->   Core 119 'm_axi' <Latency = 3> <II = 1> <Delay = 1.00> <Adapter> <Opcode : 'readrequnaligned' 'writerequnaligned' 'read' 'write' 'readreq' 'writereq' 'writeresp'>

State 112 <SV = 37> <Delay = 0.00>
ST_112 : Operation 394 [37/68] (3.65ns)   --->   "%gmem1_addr_resp = writeresp i1 @_ssdm_op_WriteResp.m_axi.i128P1A, i64 %gmem1_addr" [arith5.cpp:88]   --->   Operation 394 'writeresp' 'gmem1_addr_resp' <Predicate = true> <Delay = 3.65> <CoreInst = "m_axi">   --->   Core 119 'm_axi' <Latency = 3> <II = 1> <Delay = 1.00> <Adapter> <Opcode : 'readrequnaligned' 'writerequnaligned' 'read' 'write' 'readreq' 'writereq' 'writeresp'>

State 113 <SV = 38> <Delay = 0.00>
ST_113 : Operation 395 [36/68] (3.65ns)   --->   "%gmem1_addr_resp = writeresp i1 @_ssdm_op_WriteResp.m_axi.i128P1A, i64 %gmem1_addr" [arith5.cpp:88]   --->   Operation 395 'writeresp' 'gmem1_addr_resp' <Predicate = true> <Delay = 3.65> <CoreInst = "m_axi">   --->   Core 119 'm_axi' <Latency = 3> <II = 1> <Delay = 1.00> <Adapter> <Opcode : 'readrequnaligned' 'writerequnaligned' 'read' 'write' 'readreq' 'writereq' 'writeresp'>

State 114 <SV = 39> <Delay = 0.00>
ST_114 : Operation 396 [35/68] (3.65ns)   --->   "%gmem1_addr_resp = writeresp i1 @_ssdm_op_WriteResp.m_axi.i128P1A, i64 %gmem1_addr" [arith5.cpp:88]   --->   Operation 396 'writeresp' 'gmem1_addr_resp' <Predicate = true> <Delay = 3.65> <CoreInst = "m_axi">   --->   Core 119 'm_axi' <Latency = 3> <II = 1> <Delay = 1.00> <Adapter> <Opcode : 'readrequnaligned' 'writerequnaligned' 'read' 'write' 'readreq' 'writereq' 'writeresp'>

State 115 <SV = 40> <Delay = 0.00>
ST_115 : Operation 397 [34/68] (3.65ns)   --->   "%gmem1_addr_resp = writeresp i1 @_ssdm_op_WriteResp.m_axi.i128P1A, i64 %gmem1_addr" [arith5.cpp:88]   --->   Operation 397 'writeresp' 'gmem1_addr_resp' <Predicate = true> <Delay = 3.65> <CoreInst = "m_axi">   --->   Core 119 'm_axi' <Latency = 3> <II = 1> <Delay = 1.00> <Adapter> <Opcode : 'readrequnaligned' 'writerequnaligned' 'read' 'write' 'readreq' 'writereq' 'writeresp'>

State 116 <SV = 41> <Delay = 0.00>
ST_116 : Operation 398 [33/68] (3.65ns)   --->   "%gmem1_addr_resp = writeresp i1 @_ssdm_op_WriteResp.m_axi.i128P1A, i64 %gmem1_addr" [arith5.cpp:88]   --->   Operation 398 'writeresp' 'gmem1_addr_resp' <Predicate = true> <Delay = 3.65> <CoreInst = "m_axi">   --->   Core 119 'm_axi' <Latency = 3> <II = 1> <Delay = 1.00> <Adapter> <Opcode : 'readrequnaligned' 'writerequnaligned' 'read' 'write' 'readreq' 'writereq' 'writeresp'>

State 117 <SV = 42> <Delay = 0.00>
ST_117 : Operation 399 [32/68] (3.65ns)   --->   "%gmem1_addr_resp = writeresp i1 @_ssdm_op_WriteResp.m_axi.i128P1A, i64 %gmem1_addr" [arith5.cpp:88]   --->   Operation 399 'writeresp' 'gmem1_addr_resp' <Predicate = true> <Delay = 3.65> <CoreInst = "m_axi">   --->   Core 119 'm_axi' <Latency = 3> <II = 1> <Delay = 1.00> <Adapter> <Opcode : 'readrequnaligned' 'writerequnaligned' 'read' 'write' 'readreq' 'writereq' 'writeresp'>

State 118 <SV = 43> <Delay = 0.00>
ST_118 : Operation 400 [31/68] (3.65ns)   --->   "%gmem1_addr_resp = writeresp i1 @_ssdm_op_WriteResp.m_axi.i128P1A, i64 %gmem1_addr" [arith5.cpp:88]   --->   Operation 400 'writeresp' 'gmem1_addr_resp' <Predicate = true> <Delay = 3.65> <CoreInst = "m_axi">   --->   Core 119 'm_axi' <Latency = 3> <II = 1> <Delay = 1.00> <Adapter> <Opcode : 'readrequnaligned' 'writerequnaligned' 'read' 'write' 'readreq' 'writereq' 'writeresp'>

State 119 <SV = 44> <Delay = 0.00>
ST_119 : Operation 401 [30/68] (3.65ns)   --->   "%gmem1_addr_resp = writeresp i1 @_ssdm_op_WriteResp.m_axi.i128P1A, i64 %gmem1_addr" [arith5.cpp:88]   --->   Operation 401 'writeresp' 'gmem1_addr_resp' <Predicate = true> <Delay = 3.65> <CoreInst = "m_axi">   --->   Core 119 'm_axi' <Latency = 3> <II = 1> <Delay = 1.00> <Adapter> <Opcode : 'readrequnaligned' 'writerequnaligned' 'read' 'write' 'readreq' 'writereq' 'writeresp'>

State 120 <SV = 45> <Delay = 0.00>
ST_120 : Operation 402 [29/68] (3.65ns)   --->   "%gmem1_addr_resp = writeresp i1 @_ssdm_op_WriteResp.m_axi.i128P1A, i64 %gmem1_addr" [arith5.cpp:88]   --->   Operation 402 'writeresp' 'gmem1_addr_resp' <Predicate = true> <Delay = 3.65> <CoreInst = "m_axi">   --->   Core 119 'm_axi' <Latency = 3> <II = 1> <Delay = 1.00> <Adapter> <Opcode : 'readrequnaligned' 'writerequnaligned' 'read' 'write' 'readreq' 'writereq' 'writeresp'>

State 121 <SV = 46> <Delay = 0.00>
ST_121 : Operation 403 [28/68] (3.65ns)   --->   "%gmem1_addr_resp = writeresp i1 @_ssdm_op_WriteResp.m_axi.i128P1A, i64 %gmem1_addr" [arith5.cpp:88]   --->   Operation 403 'writeresp' 'gmem1_addr_resp' <Predicate = true> <Delay = 3.65> <CoreInst = "m_axi">   --->   Core 119 'm_axi' <Latency = 3> <II = 1> <Delay = 1.00> <Adapter> <Opcode : 'readrequnaligned' 'writerequnaligned' 'read' 'write' 'readreq' 'writereq' 'writeresp'>

State 122 <SV = 47> <Delay = 0.00>
ST_122 : Operation 404 [27/68] (3.65ns)   --->   "%gmem1_addr_resp = writeresp i1 @_ssdm_op_WriteResp.m_axi.i128P1A, i64 %gmem1_addr" [arith5.cpp:88]   --->   Operation 404 'writeresp' 'gmem1_addr_resp' <Predicate = true> <Delay = 3.65> <CoreInst = "m_axi">   --->   Core 119 'm_axi' <Latency = 3> <II = 1> <Delay = 1.00> <Adapter> <Opcode : 'readrequnaligned' 'writerequnaligned' 'read' 'write' 'readreq' 'writereq' 'writeresp'>

State 123 <SV = 48> <Delay = 0.00>
ST_123 : Operation 405 [26/68] (3.65ns)   --->   "%gmem1_addr_resp = writeresp i1 @_ssdm_op_WriteResp.m_axi.i128P1A, i64 %gmem1_addr" [arith5.cpp:88]   --->   Operation 405 'writeresp' 'gmem1_addr_resp' <Predicate = true> <Delay = 3.65> <CoreInst = "m_axi">   --->   Core 119 'm_axi' <Latency = 3> <II = 1> <Delay = 1.00> <Adapter> <Opcode : 'readrequnaligned' 'writerequnaligned' 'read' 'write' 'readreq' 'writereq' 'writeresp'>

State 124 <SV = 49> <Delay = 0.00>
ST_124 : Operation 406 [25/68] (3.65ns)   --->   "%gmem1_addr_resp = writeresp i1 @_ssdm_op_WriteResp.m_axi.i128P1A, i64 %gmem1_addr" [arith5.cpp:88]   --->   Operation 406 'writeresp' 'gmem1_addr_resp' <Predicate = true> <Delay = 3.65> <CoreInst = "m_axi">   --->   Core 119 'm_axi' <Latency = 3> <II = 1> <Delay = 1.00> <Adapter> <Opcode : 'readrequnaligned' 'writerequnaligned' 'read' 'write' 'readreq' 'writereq' 'writeresp'>

State 125 <SV = 50> <Delay = 0.00>
ST_125 : Operation 407 [24/68] (3.65ns)   --->   "%gmem1_addr_resp = writeresp i1 @_ssdm_op_WriteResp.m_axi.i128P1A, i64 %gmem1_addr" [arith5.cpp:88]   --->   Operation 407 'writeresp' 'gmem1_addr_resp' <Predicate = true> <Delay = 3.65> <CoreInst = "m_axi">   --->   Core 119 'm_axi' <Latency = 3> <II = 1> <Delay = 1.00> <Adapter> <Opcode : 'readrequnaligned' 'writerequnaligned' 'read' 'write' 'readreq' 'writereq' 'writeresp'>

State 126 <SV = 51> <Delay = 0.00>
ST_126 : Operation 408 [23/68] (3.65ns)   --->   "%gmem1_addr_resp = writeresp i1 @_ssdm_op_WriteResp.m_axi.i128P1A, i64 %gmem1_addr" [arith5.cpp:88]   --->   Operation 408 'writeresp' 'gmem1_addr_resp' <Predicate = true> <Delay = 3.65> <CoreInst = "m_axi">   --->   Core 119 'm_axi' <Latency = 3> <II = 1> <Delay = 1.00> <Adapter> <Opcode : 'readrequnaligned' 'writerequnaligned' 'read' 'write' 'readreq' 'writereq' 'writeresp'>

State 127 <SV = 52> <Delay = 0.00>
ST_127 : Operation 409 [22/68] (3.65ns)   --->   "%gmem1_addr_resp = writeresp i1 @_ssdm_op_WriteResp.m_axi.i128P1A, i64 %gmem1_addr" [arith5.cpp:88]   --->   Operation 409 'writeresp' 'gmem1_addr_resp' <Predicate = true> <Delay = 3.65> <CoreInst = "m_axi">   --->   Core 119 'm_axi' <Latency = 3> <II = 1> <Delay = 1.00> <Adapter> <Opcode : 'readrequnaligned' 'writerequnaligned' 'read' 'write' 'readreq' 'writereq' 'writeresp'>

State 128 <SV = 53> <Delay = 0.00>
ST_128 : Operation 410 [21/68] (3.65ns)   --->   "%gmem1_addr_resp = writeresp i1 @_ssdm_op_WriteResp.m_axi.i128P1A, i64 %gmem1_addr" [arith5.cpp:88]   --->   Operation 410 'writeresp' 'gmem1_addr_resp' <Predicate = true> <Delay = 3.65> <CoreInst = "m_axi">   --->   Core 119 'm_axi' <Latency = 3> <II = 1> <Delay = 1.00> <Adapter> <Opcode : 'readrequnaligned' 'writerequnaligned' 'read' 'write' 'readreq' 'writereq' 'writeresp'>

State 129 <SV = 54> <Delay = 0.00>
ST_129 : Operation 411 [20/68] (3.65ns)   --->   "%gmem1_addr_resp = writeresp i1 @_ssdm_op_WriteResp.m_axi.i128P1A, i64 %gmem1_addr" [arith5.cpp:88]   --->   Operation 411 'writeresp' 'gmem1_addr_resp' <Predicate = true> <Delay = 3.65> <CoreInst = "m_axi">   --->   Core 119 'm_axi' <Latency = 3> <II = 1> <Delay = 1.00> <Adapter> <Opcode : 'readrequnaligned' 'writerequnaligned' 'read' 'write' 'readreq' 'writereq' 'writeresp'>

State 130 <SV = 55> <Delay = 0.00>
ST_130 : Operation 412 [19/68] (3.65ns)   --->   "%gmem1_addr_resp = writeresp i1 @_ssdm_op_WriteResp.m_axi.i128P1A, i64 %gmem1_addr" [arith5.cpp:88]   --->   Operation 412 'writeresp' 'gmem1_addr_resp' <Predicate = true> <Delay = 3.65> <CoreInst = "m_axi">   --->   Core 119 'm_axi' <Latency = 3> <II = 1> <Delay = 1.00> <Adapter> <Opcode : 'readrequnaligned' 'writerequnaligned' 'read' 'write' 'readreq' 'writereq' 'writeresp'>

State 131 <SV = 56> <Delay = 0.00>
ST_131 : Operation 413 [18/68] (3.65ns)   --->   "%gmem1_addr_resp = writeresp i1 @_ssdm_op_WriteResp.m_axi.i128P1A, i64 %gmem1_addr" [arith5.cpp:88]   --->   Operation 413 'writeresp' 'gmem1_addr_resp' <Predicate = true> <Delay = 3.65> <CoreInst = "m_axi">   --->   Core 119 'm_axi' <Latency = 3> <II = 1> <Delay = 1.00> <Adapter> <Opcode : 'readrequnaligned' 'writerequnaligned' 'read' 'write' 'readreq' 'writereq' 'writeresp'>

State 132 <SV = 57> <Delay = 0.00>
ST_132 : Operation 414 [17/68] (3.65ns)   --->   "%gmem1_addr_resp = writeresp i1 @_ssdm_op_WriteResp.m_axi.i128P1A, i64 %gmem1_addr" [arith5.cpp:88]   --->   Operation 414 'writeresp' 'gmem1_addr_resp' <Predicate = true> <Delay = 3.65> <CoreInst = "m_axi">   --->   Core 119 'm_axi' <Latency = 3> <II = 1> <Delay = 1.00> <Adapter> <Opcode : 'readrequnaligned' 'writerequnaligned' 'read' 'write' 'readreq' 'writereq' 'writeresp'>

State 133 <SV = 58> <Delay = 0.00>
ST_133 : Operation 415 [16/68] (3.65ns)   --->   "%gmem1_addr_resp = writeresp i1 @_ssdm_op_WriteResp.m_axi.i128P1A, i64 %gmem1_addr" [arith5.cpp:88]   --->   Operation 415 'writeresp' 'gmem1_addr_resp' <Predicate = true> <Delay = 3.65> <CoreInst = "m_axi">   --->   Core 119 'm_axi' <Latency = 3> <II = 1> <Delay = 1.00> <Adapter> <Opcode : 'readrequnaligned' 'writerequnaligned' 'read' 'write' 'readreq' 'writereq' 'writeresp'>

State 134 <SV = 59> <Delay = 0.00>
ST_134 : Operation 416 [15/68] (3.65ns)   --->   "%gmem1_addr_resp = writeresp i1 @_ssdm_op_WriteResp.m_axi.i128P1A, i64 %gmem1_addr" [arith5.cpp:88]   --->   Operation 416 'writeresp' 'gmem1_addr_resp' <Predicate = true> <Delay = 3.65> <CoreInst = "m_axi">   --->   Core 119 'm_axi' <Latency = 3> <II = 1> <Delay = 1.00> <Adapter> <Opcode : 'readrequnaligned' 'writerequnaligned' 'read' 'write' 'readreq' 'writereq' 'writeresp'>

State 135 <SV = 60> <Delay = 0.00>
ST_135 : Operation 417 [14/68] (3.65ns)   --->   "%gmem1_addr_resp = writeresp i1 @_ssdm_op_WriteResp.m_axi.i128P1A, i64 %gmem1_addr" [arith5.cpp:88]   --->   Operation 417 'writeresp' 'gmem1_addr_resp' <Predicate = true> <Delay = 3.65> <CoreInst = "m_axi">   --->   Core 119 'm_axi' <Latency = 3> <II = 1> <Delay = 1.00> <Adapter> <Opcode : 'readrequnaligned' 'writerequnaligned' 'read' 'write' 'readreq' 'writereq' 'writeresp'>

State 136 <SV = 61> <Delay = 0.00>
ST_136 : Operation 418 [13/68] (3.65ns)   --->   "%gmem1_addr_resp = writeresp i1 @_ssdm_op_WriteResp.m_axi.i128P1A, i64 %gmem1_addr" [arith5.cpp:88]   --->   Operation 418 'writeresp' 'gmem1_addr_resp' <Predicate = true> <Delay = 3.65> <CoreInst = "m_axi">   --->   Core 119 'm_axi' <Latency = 3> <II = 1> <Delay = 1.00> <Adapter> <Opcode : 'readrequnaligned' 'writerequnaligned' 'read' 'write' 'readreq' 'writereq' 'writeresp'>

State 137 <SV = 62> <Delay = 0.00>
ST_137 : Operation 419 [12/68] (3.65ns)   --->   "%gmem1_addr_resp = writeresp i1 @_ssdm_op_WriteResp.m_axi.i128P1A, i64 %gmem1_addr" [arith5.cpp:88]   --->   Operation 419 'writeresp' 'gmem1_addr_resp' <Predicate = true> <Delay = 3.65> <CoreInst = "m_axi">   --->   Core 119 'm_axi' <Latency = 3> <II = 1> <Delay = 1.00> <Adapter> <Opcode : 'readrequnaligned' 'writerequnaligned' 'read' 'write' 'readreq' 'writereq' 'writeresp'>

State 138 <SV = 63> <Delay = 0.00>
ST_138 : Operation 420 [11/68] (3.65ns)   --->   "%gmem1_addr_resp = writeresp i1 @_ssdm_op_WriteResp.m_axi.i128P1A, i64 %gmem1_addr" [arith5.cpp:88]   --->   Operation 420 'writeresp' 'gmem1_addr_resp' <Predicate = true> <Delay = 3.65> <CoreInst = "m_axi">   --->   Core 119 'm_axi' <Latency = 3> <II = 1> <Delay = 1.00> <Adapter> <Opcode : 'readrequnaligned' 'writerequnaligned' 'read' 'write' 'readreq' 'writereq' 'writeresp'>

State 139 <SV = 64> <Delay = 0.00>
ST_139 : Operation 421 [10/68] (3.65ns)   --->   "%gmem1_addr_resp = writeresp i1 @_ssdm_op_WriteResp.m_axi.i128P1A, i64 %gmem1_addr" [arith5.cpp:88]   --->   Operation 421 'writeresp' 'gmem1_addr_resp' <Predicate = true> <Delay = 3.65> <CoreInst = "m_axi">   --->   Core 119 'm_axi' <Latency = 3> <II = 1> <Delay = 1.00> <Adapter> <Opcode : 'readrequnaligned' 'writerequnaligned' 'read' 'write' 'readreq' 'writereq' 'writeresp'>

State 140 <SV = 65> <Delay = 0.00>
ST_140 : Operation 422 [9/68] (3.65ns)   --->   "%gmem1_addr_resp = writeresp i1 @_ssdm_op_WriteResp.m_axi.i128P1A, i64 %gmem1_addr" [arith5.cpp:88]   --->   Operation 422 'writeresp' 'gmem1_addr_resp' <Predicate = true> <Delay = 3.65> <CoreInst = "m_axi">   --->   Core 119 'm_axi' <Latency = 3> <II = 1> <Delay = 1.00> <Adapter> <Opcode : 'readrequnaligned' 'writerequnaligned' 'read' 'write' 'readreq' 'writereq' 'writeresp'>

State 141 <SV = 66> <Delay = 0.00>
ST_141 : Operation 423 [8/68] (3.65ns)   --->   "%gmem1_addr_resp = writeresp i1 @_ssdm_op_WriteResp.m_axi.i128P1A, i64 %gmem1_addr" [arith5.cpp:88]   --->   Operation 423 'writeresp' 'gmem1_addr_resp' <Predicate = true> <Delay = 3.65> <CoreInst = "m_axi">   --->   Core 119 'm_axi' <Latency = 3> <II = 1> <Delay = 1.00> <Adapter> <Opcode : 'readrequnaligned' 'writerequnaligned' 'read' 'write' 'readreq' 'writereq' 'writeresp'>

State 142 <SV = 67> <Delay = 0.00>
ST_142 : Operation 424 [7/68] (3.65ns)   --->   "%gmem1_addr_resp = writeresp i1 @_ssdm_op_WriteResp.m_axi.i128P1A, i64 %gmem1_addr" [arith5.cpp:88]   --->   Operation 424 'writeresp' 'gmem1_addr_resp' <Predicate = true> <Delay = 3.65> <CoreInst = "m_axi">   --->   Core 119 'm_axi' <Latency = 3> <II = 1> <Delay = 1.00> <Adapter> <Opcode : 'readrequnaligned' 'writerequnaligned' 'read' 'write' 'readreq' 'writereq' 'writeresp'>

State 143 <SV = 68> <Delay = 0.00>
ST_143 : Operation 425 [6/68] (3.65ns)   --->   "%gmem1_addr_resp = writeresp i1 @_ssdm_op_WriteResp.m_axi.i128P1A, i64 %gmem1_addr" [arith5.cpp:88]   --->   Operation 425 'writeresp' 'gmem1_addr_resp' <Predicate = true> <Delay = 3.65> <CoreInst = "m_axi">   --->   Core 119 'm_axi' <Latency = 3> <II = 1> <Delay = 1.00> <Adapter> <Opcode : 'readrequnaligned' 'writerequnaligned' 'read' 'write' 'readreq' 'writereq' 'writeresp'>

State 144 <SV = 69> <Delay = 0.00>
ST_144 : Operation 426 [5/68] (3.65ns)   --->   "%gmem1_addr_resp = writeresp i1 @_ssdm_op_WriteResp.m_axi.i128P1A, i64 %gmem1_addr" [arith5.cpp:88]   --->   Operation 426 'writeresp' 'gmem1_addr_resp' <Predicate = true> <Delay = 3.65> <CoreInst = "m_axi">   --->   Core 119 'm_axi' <Latency = 3> <II = 1> <Delay = 1.00> <Adapter> <Opcode : 'readrequnaligned' 'writerequnaligned' 'read' 'write' 'readreq' 'writereq' 'writeresp'>

State 145 <SV = 70> <Delay = 0.00>
ST_145 : Operation 427 [4/68] (3.65ns)   --->   "%gmem1_addr_resp = writeresp i1 @_ssdm_op_WriteResp.m_axi.i128P1A, i64 %gmem1_addr" [arith5.cpp:88]   --->   Operation 427 'writeresp' 'gmem1_addr_resp' <Predicate = true> <Delay = 3.65> <CoreInst = "m_axi">   --->   Core 119 'm_axi' <Latency = 3> <II = 1> <Delay = 1.00> <Adapter> <Opcode : 'readrequnaligned' 'writerequnaligned' 'read' 'write' 'readreq' 'writereq' 'writeresp'>

State 146 <SV = 71> <Delay = 0.00>
ST_146 : Operation 428 [3/68] (3.65ns)   --->   "%gmem1_addr_resp = writeresp i1 @_ssdm_op_WriteResp.m_axi.i128P1A, i64 %gmem1_addr" [arith5.cpp:88]   --->   Operation 428 'writeresp' 'gmem1_addr_resp' <Predicate = true> <Delay = 3.65> <CoreInst = "m_axi">   --->   Core 119 'm_axi' <Latency = 3> <II = 1> <Delay = 1.00> <Adapter> <Opcode : 'readrequnaligned' 'writerequnaligned' 'read' 'write' 'readreq' 'writereq' 'writeresp'>

State 147 <SV = 72> <Delay = 0.00>
ST_147 : Operation 429 [2/68] (3.65ns)   --->   "%gmem1_addr_resp = writeresp i1 @_ssdm_op_WriteResp.m_axi.i128P1A, i64 %gmem1_addr" [arith5.cpp:88]   --->   Operation 429 'writeresp' 'gmem1_addr_resp' <Predicate = true> <Delay = 3.65> <CoreInst = "m_axi">   --->   Core 119 'm_axi' <Latency = 3> <II = 1> <Delay = 1.00> <Adapter> <Opcode : 'readrequnaligned' 'writerequnaligned' 'read' 'write' 'readreq' 'writereq' 'writeresp'>

State 148 <SV = 73> <Delay = 3.65>
ST_148 : Operation 430 [1/68] ( I:3.65ns O:3.65ns )   --->   "%gmem1_addr_resp = writeresp i1 @_ssdm_op_WriteResp.m_axi.i128P1A, i64 %gmem1_addr" [arith5.cpp:88]   --->   Operation 430 'writeresp' 'gmem1_addr_resp' <Predicate = true> <Delay = 3.65> <CoreInst = "m_axi">   --->   Core 119 'm_axi' <Latency = 3> <II = 1> <Delay = 1.00> <Adapter> <Opcode : 'readrequnaligned' 'writerequnaligned' 'read' 'write' 'readreq' 'writereq' 'writeresp'>
ST_148 : Operation 431 [1/1] (0.00ns)   --->   "%br_ln88 = br void %VITIS_LOOP_89_2" [arith5.cpp:88]   --->   Operation 431 'br' 'br_ln88' <Predicate = true> <Delay = 0.00>

State 149 <SV = 74> <Delay = 2.89>
ST_149 : Operation 432 [1/1] (0.00ns)   --->   "%c_4 = load i4 %c_2" [arith5.cpp:88]   --->   Operation 432 'load' 'c_4' <Predicate = true> <Delay = 0.00>
ST_149 : Operation 433 [1/1] (0.79ns)   --->   "%icmp_ln88 = icmp_eq  i4 %c_4, i4 8" [arith5.cpp:88]   --->   Operation 433 'icmp' 'icmp_ln88' <Predicate = true> <Delay = 0.79> <CoreInst = "Cmp">   --->   Core 9 'Cmp' <Latency = 0> <II = 1> <Delay = 0.78> <FuncUnit> <Opcode : 'seteq' 'setne' 'setle' 'setge' 'setlt' 'setgt'> <InPorts = 2> <OutPorts = 1>
ST_149 : Operation 434 [1/1] (0.79ns)   --->   "%add_ln88 = add i4 %c_4, i4 1" [arith5.cpp:88]   --->   Operation 434 'add' 'add_ln88' <Predicate = true> <Delay = 0.79> <CoreInst = "Adder">   --->   Core 1 'Adder' <Latency = 0> <II = 1> <Delay = 0.79> <FuncUnit> <Opcode : 'add' 'sub'> <InPorts = 2> <OutPorts = 1>
ST_149 : Operation 435 [1/1] (0.00ns)   --->   "%br_ln88 = br i1 %icmp_ln88, void %VITIS_LOOP_89_2.split, void %for.end86" [arith5.cpp:88]   --->   Operation 435 'br' 'br_ln88' <Predicate = true> <Delay = 0.00>
ST_149 : Operation 436 [1/1] (0.00ns)   --->   "%oi_load = load i32 %oi" [arith5.cpp:89]   --->   Operation 436 'load' 'oi_load' <Predicate = (!icmp_ln88)> <Delay = 0.00>
ST_149 : Operation 437 [1/1] (0.00ns)   --->   "%trunc_ln88 = trunc i4 %c_4" [arith5.cpp:88]   --->   Operation 437 'trunc' 'trunc_ln88' <Predicate = (!icmp_ln88)> <Delay = 0.00>
ST_149 : Operation 438 [1/1] (0.72ns)   --->   "%tmp_9 = sparsemux i32 @_ssdm_op_SparseMux.ap_auto.8i32.i32.i3, i3 0, i32 %clen, i3 1, i32 %clen_1, i3 2, i32 %clen_2, i3 3, i32 %clen_3, i3 4, i32 %clen_4, i3 5, i32 %clen_5, i3 6, i32 %clen_6, i3 7, i32 %clen_7, i32 0, i3 %trunc_ln88" [arith5.cpp:89]   --->   Operation 438 'sparsemux' 'tmp_9' <Predicate = (!icmp_ln88)> <Delay = 0.72> <CoreInst = "BinarySparseMux_DontCare">   --->   Core 149 'BinarySparseMux_DontCare' <Latency = 0> <II = 1> <Delay = 0.72> <FuncUnit> <Opcode : 'sparsemux'> <InPorts = 2> <OutPorts = 1>
ST_149 : Operation 439 [2/2] (2.10ns)   --->   "%call_ln89 = call void @arith_encode_Pipeline_VITIS_LOOP_89_2, i128 %gmem1, i32 %tmp_9, i3 %trunc_ln88, i32 %oi_load, i64 %out_r_read, i8 %arith_encode_unsigned_char_const_int_unsigned_char_cout, i8 %arith_encode_unsigned_char_const_int_unsigned_char_cout_9, i8 %arith_encode_unsigned_char_const_int_unsigned_char_cout_10, i8 %arith_encode_unsigned_char_const_int_unsigned_char_cout_11, i8 %arith_encode_unsigned_char_const_int_unsigned_char_cout_12, i8 %arith_encode_unsigned_char_const_int_unsigned_char_cout_13, i8 %arith_encode_unsigned_char_const_int_unsigned_char_cout_14, i8 %arith_encode_unsigned_char_const_int_unsigned_char_cout_15" [arith5.cpp:89]   --->   Operation 439 'call' 'call_ln89' <Predicate = (!icmp_ln88)> <Delay = 2.10> <CoreType = "Generic">   --->   Generic Core
ST_149 : Operation 440 [1/1] (1.01ns)   --->   "%icmp_ln89 = icmp_sgt  i32 %tmp_9, i32 0" [arith5.cpp:89]   --->   Operation 440 'icmp' 'icmp_ln89' <Predicate = (!icmp_ln88)> <Delay = 1.01> <CoreInst = "Cmp">   --->   Core 9 'Cmp' <Latency = 0> <II = 1> <Delay = 1.01> <FuncUnit> <Opcode : 'seteq' 'setne' 'setle' 'setge' 'setlt' 'setgt'> <InPorts = 2> <OutPorts = 1>
ST_149 : Operation 441 [1/1] (1.01ns)   --->   "%oi_6 = add i32 %tmp_9, i32 %oi_load" [arith5.cpp:89]   --->   Operation 441 'add' 'oi_6' <Predicate = (!icmp_ln88)> <Delay = 1.01> <CoreInst = "Adder">   --->   Core 1 'Adder' <Latency = 0> <II = 1> <Delay = 1.01> <FuncUnit> <Opcode : 'add' 'sub'> <InPorts = 2> <OutPorts = 1>
ST_149 : Operation 442 [1/1] (0.44ns)   --->   "%select_ln88 = select i1 %icmp_ln89, i32 %oi_6, i32 %oi_load" [arith5.cpp:88]   --->   Operation 442 'select' 'select_ln88' <Predicate = (!icmp_ln88)> <Delay = 0.44> <CoreInst = "Sel">   --->   Core 73 'Sel' <Latency = 0> <II = 1> <Delay = 0.44> <FuncUnit> <Opcode : 'select'> <InPorts = 3> <OutPorts = 1>
ST_149 : Operation 443 [1/1] (0.42ns)   --->   "%store_ln88 = store i4 %add_ln88, i4 %c_2" [arith5.cpp:88]   --->   Operation 443 'store' 'store_ln88' <Predicate = (!icmp_ln88)> <Delay = 0.42>
ST_149 : Operation 444 [1/1] (0.42ns)   --->   "%store_ln81 = store i32 %select_ln88, i32 %oi" [arith5.cpp:81]   --->   Operation 444 'store' 'store_ln81' <Predicate = (!icmp_ln88)> <Delay = 0.42>
ST_149 : Operation 445 [1/1] (0.00ns)   --->   "%oi_load_1 = load i32 %oi" [arith5.cpp:91]   --->   Operation 445 'load' 'oi_load_1' <Predicate = (icmp_ln88)> <Delay = 0.00>
ST_149 : Operation 446 [1/1] (0.00ns)   --->   "%ret_ln91 = ret i32 %oi_load_1" [arith5.cpp:91]   --->   Operation 446 'ret' 'ret_ln91' <Predicate = (icmp_ln88)> <Delay = 0.00>

State 150 <SV = 75> <Delay = 0.00>
ST_150 : Operation 447 [1/1] (0.00ns)   --->   "%speclooptripcount_ln81 = speclooptripcount void @_ssdm_op_SpecLoopTripCount, i64 8, i64 8, i64 8" [arith5.cpp:81]   --->   Operation 447 'speclooptripcount' 'speclooptripcount_ln81' <Predicate = true> <Delay = 0.00>
ST_150 : Operation 448 [1/1] (0.00ns)   --->   "%specloopname_ln88 = specloopname void @_ssdm_op_SpecLoopName, void @empty_21" [arith5.cpp:88]   --->   Operation 448 'specloopname' 'specloopname_ln88' <Predicate = true> <Delay = 0.00>
ST_150 : Operation 449 [1/2] (0.00ns)   --->   "%call_ln89 = call void @arith_encode_Pipeline_VITIS_LOOP_89_2, i128 %gmem1, i32 %tmp_9, i3 %trunc_ln88, i32 %oi_load, i64 %out_r_read, i8 %arith_encode_unsigned_char_const_int_unsigned_char_cout, i8 %arith_encode_unsigned_char_const_int_unsigned_char_cout_9, i8 %arith_encode_unsigned_char_const_int_unsigned_char_cout_10, i8 %arith_encode_unsigned_char_const_int_unsigned_char_cout_11, i8 %arith_encode_unsigned_char_const_int_unsigned_char_cout_12, i8 %arith_encode_unsigned_char_const_int_unsigned_char_cout_13, i8 %arith_encode_unsigned_char_const_int_unsigned_char_cout_14, i8 %arith_encode_unsigned_char_const_int_unsigned_char_cout_15" [arith5.cpp:89]   --->   Operation 449 'call' 'call_ln89' <Predicate = true> <Delay = 0.00> <CoreType = "Generic">   --->   Generic Core
ST_150 : Operation 450 [1/1] (0.00ns)   --->   "%br_ln88 = br void %VITIS_LOOP_89_2" [arith5.cpp:88]   --->   Operation 450 'br' 'br_ln88' <Predicate = true> <Delay = 0.00>


============================================================
+ Verbose Summary: Binding
============================================================
STG Binding: 
---------------- STG Properties BEGIN ----------------
- Is combinational: 0
- Is one-state seq: 0
- Is datapath-only: 0
- Is pipelined: 0
- Is top level: 1
Port [ Return ] is wired: 1; IO mode=ap_ctrl_chain:ce=0
Port [ gmem0]:  wired=1; compound=1; hidden=0; nouse=0; global=0; static=0; extern=0; dir=0; type=4; pingpong=0; private_global=0; IO mode=m_axi:ce=0
Port [ gmem1]:  wired=1; compound=1; hidden=0; nouse=0; global=0; static=0; extern=0; dir=1; type=4; pingpong=0; private_global=0; IO mode=m_axi:ce=0
Port [ in_r]:  wired=1; compound=0; hidden=0; nouse=0; global=0; static=0; extern=0; dir=0; type=0; pingpong=0; private_global=0; IO mode=ap_none:ce=0
Port [ n]:  wired=1; compound=0; hidden=0; nouse=0; global=0; static=0; extern=0; dir=0; type=0; pingpong=0; private_global=0; IO mode=ap_none:ce=0
Port [ out_r]:  wired=1; compound=0; hidden=0; nouse=0; global=0; static=0; extern=0; dir=0; type=0; pingpong=0; private_global=0; IO mode=ap_none:ce=0
Port [ arith_encode_unsigned_char_const_int_unsigned_char_buf]:  wired=0; compound=1; hidden=1; nouse=0; global=1; static=1; extern=0; dir=2; type=1; pingpong=0; private_global=1; MemPort=[23]; IO mode=ap_memory:ce=0
Port [ arith_encode_unsigned_char_const_int_unsigned_char_buf_2]:  wired=0; compound=1; hidden=1; nouse=0; global=1; static=1; extern=0; dir=2; type=1; pingpong=0; private_global=1; MemPort=[23]; IO mode=ap_memory:ce=0
Port [ arith_encode_unsigned_char_const_int_unsigned_char_buf_3]:  wired=0; compound=1; hidden=1; nouse=0; global=1; static=1; extern=0; dir=2; type=1; pingpong=0; private_global=1; MemPort=[23]; IO mode=ap_memory:ce=0
Port [ arith_encode_unsigned_char_const_int_unsigned_char_buf_4]:  wired=0; compound=1; hidden=1; nouse=0; global=1; static=1; extern=0; dir=2; type=1; pingpong=0; private_global=1; MemPort=[23]; IO mode=ap_memory:ce=0
Port [ arith_encode_unsigned_char_const_int_unsigned_char_buf_5]:  wired=0; compound=1; hidden=1; nouse=0; global=1; static=1; extern=0; dir=2; type=1; pingpong=0; private_global=1; MemPort=[23]; IO mode=ap_memory:ce=0
Port [ arith_encode_unsigned_char_const_int_unsigned_char_buf_6]:  wired=0; compound=1; hidden=1; nouse=0; global=1; static=1; extern=0; dir=2; type=1; pingpong=0; private_global=1; MemPort=[23]; IO mode=ap_memory:ce=0
Port [ arith_encode_unsigned_char_const_int_unsigned_char_buf_7]:  wired=0; compound=1; hidden=1; nouse=0; global=1; static=1; extern=0; dir=2; type=1; pingpong=0; private_global=1; MemPort=[23]; IO mode=ap_memory:ce=0
Port [ arith_encode_unsigned_char_const_int_unsigned_char_buf_8]:  wired=0; compound=1; hidden=1; nouse=0; global=1; static=1; extern=0; dir=2; type=1; pingpong=0; private_global=1; MemPort=[23]; IO mode=ap_memory:ce=0
Port [ arith_encode_unsigned_char_const_int_unsigned_char_cout]:  wired=0; compound=1; hidden=1; nouse=0; global=1; static=1; extern=0; dir=2; type=1; pingpong=0; private_global=1; MemPort=[23]; IO mode=ap_memory:ce=0
Port [ arith_encode_unsigned_char_const_int_unsigned_char_cout_9]:  wired=0; compound=1; hidden=1; nouse=0; global=1; static=1; extern=0; dir=2; type=1; pingpong=0; private_global=1; MemPort=[23]; IO mode=ap_memory:ce=0
Port [ arith_encode_unsigned_char_const_int_unsigned_char_cout_10]:  wired=0; compound=1; hidden=1; nouse=0; global=1; static=1; extern=0; dir=2; type=1; pingpong=0; private_global=1; MemPort=[23]; IO mode=ap_memory:ce=0
Port [ arith_encode_unsigned_char_const_int_unsigned_char_cout_11]:  wired=0; compound=1; hidden=1; nouse=0; global=1; static=1; extern=0; dir=2; type=1; pingpong=0; private_global=1; MemPort=[23]; IO mode=ap_memory:ce=0
Port [ arith_encode_unsigned_char_const_int_unsigned_char_cout_12]:  wired=0; compound=1; hidden=1; nouse=0; global=1; static=1; extern=0; dir=2; type=1; pingpong=0; private_global=1; MemPort=[23]; IO mode=ap_memory:ce=0
Port [ arith_encode_unsigned_char_const_int_unsigned_char_cout_13]:  wired=0; compound=1; hidden=1; nouse=0; global=1; static=1; extern=0; dir=2; type=1; pingpong=0; private_global=1; MemPort=[23]; IO mode=ap_memory:ce=0
Port [ arith_encode_unsigned_char_const_int_unsigned_char_cout_14]:  wired=0; compound=1; hidden=1; nouse=0; global=1; static=1; extern=0; dir=2; type=1; pingpong=0; private_global=1; MemPort=[23]; IO mode=ap_memory:ce=0
Port [ arith_encode_unsigned_char_const_int_unsigned_char_cout_15]:  wired=0; compound=1; hidden=1; nouse=0; global=1; static=1; extern=0; dir=2; type=1; pingpong=0; private_global=1; MemPort=[23]; IO mode=ap_memory:ce=0
---------------- STG Properties END ------------------

---------------- Datapath Model BEGIN ----------------

<LifeTime>
<method=bitvector/>
c                      (alloca           ) [ 0111111111111111111111111111111111111111111111111111111111111111111111111111100000000000000000000000000000000000000000000000000000000000000000000000000]
empty                  (alloca           ) [ 0011111111111111111111111111111111111111111111111111111111111111111111111111100000000000000000000000000000000000000000000000000000000000000000000000000]
empty_51               (alloca           ) [ 0011111111111111111111111111111111111111111111111111111111111111111111111111100000000000000000000000000000000000000000000000000000000000000000000000000]
empty_52               (alloca           ) [ 0011111111111111111111111111111111111111111111111111111111111111111111111111100000000000000000000000000000000000000000000000000000000000000000000000000]
empty_53               (alloca           ) [ 0011111111111111111111111111111111111111111111111111111111111111111111111111100000000000000000000000000000000000000000000000000000000000000000000000000]
empty_54               (alloca           ) [ 0011111111111111111111111111111111111111111111111111111111111111111111111111100000000000000000000000000000000000000000000000000000000000000000000000000]
empty_55               (alloca           ) [ 0011111111111111111111111111111111111111111111111111111111111111111111111111100000000000000000000000000000000000000000000000000000000000000000000000000]
empty_56               (alloca           ) [ 0011111111111111111111111111111111111111111111111111111111111111111111111111100000000000000000000000000000000000000000000000000000000000000000000000000]
empty_57               (alloca           ) [ 0011111111111111111111111111111111111111111111111111111111111111111111111111100000000000000000000000000000000000000000000000000000000000000000000000000]
out_r_read             (read             ) [ 0011111111111111111111111111111111111111111111111111111111111111111111111111111111111111111111111111111111111111111111111111111111111111111111111111111]
n_read                 (read             ) [ 0000000000000000000000000000000000000000000000000000000000000000000000000000000000000000000000000000000000000000000000000000000000000000000000000000000]
in_r_read              (read             ) [ 0011111111111111111111111111111111111111111111111111111111111111111111111111100000000000000000000000000000000000000000000000000000000000000000000000000]
shiftreg_loc           (alloca           ) [ 0011111111111111111111111111111111111111111111111111111111111111111111111111111110000000000000000000000000000000000000000000000000000000000000000000000]
specbitsmap_ln0        (specbitsmap      ) [ 0000000000000000000000000000000000000000000000000000000000000000000000000000000000000000000000000000000000000000000000000000000000000000000000000000000]
spectopmodule_ln39     (spectopmodule    ) [ 0000000000000000000000000000000000000000000000000000000000000000000000000000000000000000000000000000000000000000000000000000000000000000000000000000000]
specinterface_ln39     (specinterface    ) [ 0000000000000000000000000000000000000000000000000000000000000000000000000000000000000000000000000000000000000000000000000000000000000000000000000000000]
specinterface_ln0      (specinterface    ) [ 0000000000000000000000000000000000000000000000000000000000000000000000000000000000000000000000000000000000000000000000000000000000000000000000000000000]
specbitsmap_ln0        (specbitsmap      ) [ 0000000000000000000000000000000000000000000000000000000000000000000000000000000000000000000000000000000000000000000000000000000000000000000000000000000]
specinterface_ln0      (specinterface    ) [ 0000000000000000000000000000000000000000000000000000000000000000000000000000000000000000000000000000000000000000000000000000000000000000000000000000000]
specbitsmap_ln0        (specbitsmap      ) [ 0000000000000000000000000000000000000000000000000000000000000000000000000000000000000000000000000000000000000000000000000000000000000000000000000000000]
specinterface_ln0      (specinterface    ) [ 0000000000000000000000000000000000000000000000000000000000000000000000000000000000000000000000000000000000000000000000000000000000000000000000000000000]
specinterface_ln0      (specinterface    ) [ 0000000000000000000000000000000000000000000000000000000000000000000000000000000000000000000000000000000000000000000000000000000000000000000000000000000]
specbitsmap_ln0        (specbitsmap      ) [ 0000000000000000000000000000000000000000000000000000000000000000000000000000000000000000000000000000000000000000000000000000000000000000000000000000000]
specinterface_ln0      (specinterface    ) [ 0000000000000000000000000000000000000000000000000000000000000000000000000000000000000000000000000000000000000000000000000000000000000000000000000000000]
specinterface_ln0      (specinterface    ) [ 0000000000000000000000000000000000000000000000000000000000000000000000000000000000000000000000000000000000000000000000000000000000000000000000000000000]
specinterface_ln0      (specinterface    ) [ 0000000000000000000000000000000000000000000000000000000000000000000000000000000000000000000000000000000000000000000000000000000000000000000000000000000]
specinterface_ln0      (specinterface    ) [ 0000000000000000000000000000000000000000000000000000000000000000000000000000000000000000000000000000000000000000000000000000000000000000000000000000000]
specinterface_ln0      (specinterface    ) [ 0000000000000000000000000000000000000000000000000000000000000000000000000000000000000000000000000000000000000000000000000000000000000000000000000000000]
add_ln61               (add              ) [ 0000000000000000000000000000000000000000000000000000000000000000000000000000000000000000000000000000000000000000000000000000000000000000000000000000000]
tmp                    (bitselect        ) [ 0000000000000000000000000000000000000000000000000000000000000000000000000000000000000000000000000000000000000000000000000000000000000000000000000000000]
sub_ln61               (sub              ) [ 0000000000000000000000000000000000000000000000000000000000000000000000000000000000000000000000000000000000000000000000000000000000000000000000000000000]
tmp_s                  (partselect       ) [ 0000000000000000000000000000000000000000000000000000000000000000000000000000000000000000000000000000000000000000000000000000000000000000000000000000000]
zext_ln61              (zext             ) [ 0000000000000000000000000000000000000000000000000000000000000000000000000000000000000000000000000000000000000000000000000000000000000000000000000000000]
sub_ln61_1             (sub              ) [ 0000000000000000000000000000000000000000000000000000000000000000000000000000000000000000000000000000000000000000000000000000000000000000000000000000000]
tmp_1                  (partselect       ) [ 0000000000000000000000000000000000000000000000000000000000000000000000000000000000000000000000000000000000000000000000000000000000000000000000000000000]
zext_ln61_1            (zext             ) [ 0000000000000000000000000000000000000000000000000000000000000000000000000000000000000000000000000000000000000000000000000000000000000000000000000000000]
chunk                  (select           ) [ 0000000000000000000000000000000000000000000000000000000000000000000000000000000000000000000000000000000000000000000000000000000000000000000000000000000]
sext_ln61              (sext             ) [ 0011111111111111111111111111111111111111111111111111111111111111111111111111100000000000000000000000000000000000000000000000000000000000000000000000000]
sext_ln63              (sext             ) [ 0011111111111111111111111111111111111111111111111111111111111111111111111111100000000000000000000000000000000000000000000000000000000000000000000000000]
sext_ln63_3            (sext             ) [ 0011111111111111111111111111111111111111111111111111111111111111111111111111100000000000000000000000000000000000000000000000000000000000000000000000000]
sext_ln63_1            (sext             ) [ 0011111111111111111111111111111111111111111111111111111111111111111111111111100000000000000000000000000000000000000000000000000000000000000000000000000]
store_ln63             (store            ) [ 0000000000000000000000000000000000000000000000000000000000000000000000000000000000000000000000000000000000000000000000000000000000000000000000000000000]
br_ln63                (br               ) [ 0000000000000000000000000000000000000000000000000000000000000000000000000000000000000000000000000000000000000000000000000000000000000000000000000000000]
c_3                    (load             ) [ 0000000000000000000000000000000000000000000000000000000000000000000000000000000000000000000000000000000000000000000000000000000000000000000000000000000]
icmp_ln63              (icmp             ) [ 0011111111111111111111111111111111111111111111111111111111111111111111111111100000000000000000000000000000000000000000000000000000000000000000000000000]
add_ln63_1             (add              ) [ 0001111111111111111111111111111111111111111111111111111111111111111111111111100000000000000000000000000000000000000000000000000000000000000000000000000]
br_ln63                (br               ) [ 0000000000000000000000000000000000000000000000000000000000000000000000000000000000000000000000000000000000000000000000000000000000000000000000000000000]
zext_ln63              (zext             ) [ 0000000000000000000000000000000000000000000000000000000000000000000000000000000000000000000000000000000000000000000000000000000000000000000000000000000]
trunc_ln63             (trunc            ) [ 0001111111111111111111111111111111111111111111111111111111111111111111111111100000000000000000000000000000000000000000000000000000000000000000000000000]
mul_ln63               (mul              ) [ 0001000000000000000000000000000000000000000000000000000000000000000000000000000000000000000000000000000000000000000000000000000000000000000000000000000]
oi                     (alloca           ) [ 0011111111111111111111111111111111111111111111111111111111111111111111111111111111111111111111111111111111111111111111111111111111111111111111111111111]
c_2                    (alloca           ) [ 0011111111111111111111111111111111111111111111111111111111111111111111111111111111111111111111111111111111111111111111111111111111111111111111111111111]
p_load43               (load             ) [ 0000000000000000000000000000000000000000000000000000000000000000000000000000000000000000000000000000000000000000000000000000000000000000000000000000000]
p_load42               (load             ) [ 0000000000000000000000000000000000000000000000000000000000000000000000000000000000000000000000000000000000000000000000000000000000000000000000000000000]
p_load41               (load             ) [ 0000000000000000000000000000000000000000000000000000000000000000000000000000000000000000000000000000000000000000000000000000000000000000000000000000000]
p_load40               (load             ) [ 0000000000000000000000000000000000000000000000000000000000000000000000000000000000000000000000000000000000000000000000000000000000000000000000000000000]
p_load39               (load             ) [ 0000000000000000000000000000000000000000000000000000000000000000000000000000000000000000000000000000000000000000000000000000000000000000000000000000000]
p_load38               (load             ) [ 0000000000000000000000000000000000000000000000000000000000000000000000000000000000000000000000000000000000000000000000000000000000000000000000000000000]
p_load37               (load             ) [ 0000000000000000000000000000000000000000000000000000000000000000000000000000000000000000000000000000000000000000000000000000000000000000000000000000000]
p_load                 (load             ) [ 0000000000000000000000000000000000000000000000000000000000000000000000000000000000000000000000000000000000000000000000000000000000000000000000000000000]
len                    (xor              ) [ 0000000000000000000000000000000000000000000000000000000000000000000000000000010000000000000000000000000000000000000000000000000000000000000000000000000]
len_10                 (xor              ) [ 0000000000000000000000000000000000000000000000000000000000000000000000000000010000000000000000000000000000000000000000000000000000000000000000000000000]
len_11                 (xor              ) [ 0000000000000000000000000000000000000000000000000000000000000000000000000000010000000000000000000000000000000000000000000000000000000000000000000000000]
len_12                 (xor              ) [ 0000000000000000000000000000000000000000000000000000000000000000000000000000010000000000000000000000000000000000000000000000000000000000000000000000000]
len_13                 (xor              ) [ 0000000000000000000000000000000000000000000000000000000000000000000000000000010000000000000000000000000000000000000000000000000000000000000000000000000]
len_14                 (xor              ) [ 0000000000000000000000000000000000000000000000000000000000000000000000000000010000000000000000000000000000000000000000000000000000000000000000000000000]
len_15                 (xor              ) [ 0000000000000000000000000000000000000000000000000000000000000000000000000000010000000000000000000000000000000000000000000000000000000000000000000000000]
len_16                 (xor              ) [ 0000000000000000000000000000000000000000000000000000000000000000000000000000010000000000000000000000000000000000000000000000000000000000000000000000000]
store_ln88             (store            ) [ 0000000000000000000000000000000000000000000000000000000000000000000000000000000000000000000000000000000000000000000000000000000000000000000000000000000]
store_ln81             (store            ) [ 0000000000000000000000000000000000000000000000000000000000000000000000000000000000000000000000000000000000000000000000000000000000000000000000000000000]
sext_ln63_4            (sext             ) [ 0000000000000000000000000000000000000000000000000000000000000000000000000000000000000000000000000000000000000000000000000000000000000000000000000000000]
sext_ln63_2            (sext             ) [ 0000000000000000000000000000000000000000000000000000000000000000000000000000000000000000000000000000000000000000000000000000000000000000000000000000000]
add_ln63               (add              ) [ 0000111111111111111111111111111111111111111111111111111111111111111111111111100000000000000000000000000000000000000000000000000000000000000000000000000]
sub_ln65               (sub              ) [ 0000000000000000000000000000000000000000000000000000000000000000000000000000000000000000000000000000000000000000000000000000000000000000000000000000000]
icmp_ln65              (icmp             ) [ 0000000000000000000000000000000000000000000000000000000000000000000000000000000000000000000000000000000000000000000000000000000000000000000000000000000]
trunc_ln65             (trunc            ) [ 0000000000000000000000000000000000000000000000000000000000000000000000000000000000000000000000000000000000000000000000000000000000000000000000000000000]
len_8                  (select           ) [ 0000000000000000000000000000000000000000000000000000000000000000000000000000000000000000000000000000000000000000000000000000000000000000000000000000000]
trunc_ln65_1           (trunc            ) [ 0000100000000000000000000000000000000000000000000000000000000000000000000000000000000000000000000000000000000000000000000000000000000000000000000000000]
tmp_16                 (bitselect        ) [ 0000000000000000000000000000000000000000000000000000000000000000000000000000000000000000000000000000000000000000000000000000000000000000000000000000000]
len_9                  (select           ) [ 0000111111111111111111111111111111111111111111111111111111111111111111111111100000000000000000000000000000000000000000000000000000000000000000000000000]
empty_59               (icmp             ) [ 0000100000000000000000000000000000000000000000000000000000000000000000000000000000000000000000000000000000000000000000000000000000000000000000000000000]
gmem0_addr             (getelementptr    ) [ 0000011111111111111111111111111111111111111111111111111111111111111111111110000000000000000000000000000000000000000000000000000000000000000000000000000]
zext_ln66              (zext             ) [ 0000011111111111111111111111111111111111111111111111111111111111111111111110000000000000000000000000000000000000000000000000000000000000000000000000000]
smax                   (select           ) [ 0000011111111111111111111111111111111111111111111111111111111111111111111111100000000000000000000000000000000000000000000000000000000000000000000000000]
empty_58               (readreq          ) [ 0000000000000000000000000000000000000000000000000000000000000000000000000000000000000000000000000000000000000000000000000000000000000000000000000000000]
speclooptripcount_ln63 (speclooptripcount) [ 0000000000000000000000000000000000000000000000000000000000000000000000000000000000000000000000000000000000000000000000000000000000000000000000000000000]
specloopname_ln63      (specloopname     ) [ 0000000000000000000000000000000000000000000000000000000000000000000000000000000000000000000000000000000000000000000000000000000000000000000000000000000]
zext_ln65              (zext             ) [ 0000000000000000000000000000000000000000000000000000000000000000000000000000000000000000000000000000000000000000000000000000000000000000000000000000000]
call_ln65              (call             ) [ 0000000000000000000000000000000000000000000000000000000000000000000000000000000000000000000000000000000000000000000000000000000000000000000000000000000]
clen_8                 (xor              ) [ 0000000000000000000000000000000000000000000000000000000000000000000000000000000000000000000000000000000000000000000000000000000000000000000000000000000]
switch_ln67            (switch           ) [ 0000000000000000000000000000000000000000000000000000000000000000000000000000000000000000000000000000000000000000000000000000000000000000000000000000000]
store_ln67             (store            ) [ 0000000000000000000000000000000000000000000000000000000000000000000000000000000000000000000000000000000000000000000000000000000000000000000000000000000]
br_ln67                (br               ) [ 0000000000000000000000000000000000000000000000000000000000000000000000000000000000000000000000000000000000000000000000000000000000000000000000000000000]
store_ln67             (store            ) [ 0000000000000000000000000000000000000000000000000000000000000000000000000000000000000000000000000000000000000000000000000000000000000000000000000000000]
br_ln67                (br               ) [ 0000000000000000000000000000000000000000000000000000000000000000000000000000000000000000000000000000000000000000000000000000000000000000000000000000000]
store_ln67             (store            ) [ 0000000000000000000000000000000000000000000000000000000000000000000000000000000000000000000000000000000000000000000000000000000000000000000000000000000]
br_ln67                (br               ) [ 0000000000000000000000000000000000000000000000000000000000000000000000000000000000000000000000000000000000000000000000000000000000000000000000000000000]
store_ln67             (store            ) [ 0000000000000000000000000000000000000000000000000000000000000000000000000000000000000000000000000000000000000000000000000000000000000000000000000000000]
br_ln67                (br               ) [ 0000000000000000000000000000000000000000000000000000000000000000000000000000000000000000000000000000000000000000000000000000000000000000000000000000000]
store_ln67             (store            ) [ 0000000000000000000000000000000000000000000000000000000000000000000000000000000000000000000000000000000000000000000000000000000000000000000000000000000]
br_ln67                (br               ) [ 0000000000000000000000000000000000000000000000000000000000000000000000000000000000000000000000000000000000000000000000000000000000000000000000000000000]
store_ln67             (store            ) [ 0000000000000000000000000000000000000000000000000000000000000000000000000000000000000000000000000000000000000000000000000000000000000000000000000000000]
br_ln67                (br               ) [ 0000000000000000000000000000000000000000000000000000000000000000000000000000000000000000000000000000000000000000000000000000000000000000000000000000000]
store_ln67             (store            ) [ 0000000000000000000000000000000000000000000000000000000000000000000000000000000000000000000000000000000000000000000000000000000000000000000000000000000]
br_ln67                (br               ) [ 0000000000000000000000000000000000000000000000000000000000000000000000000000000000000000000000000000000000000000000000000000000000000000000000000000000]
store_ln67             (store            ) [ 0000000000000000000000000000000000000000000000000000000000000000000000000000000000000000000000000000000000000000000000000000000000000000000000000000000]
br_ln67                (br               ) [ 0000000000000000000000000000000000000000000000000000000000000000000000000000000000000000000000000000000000000000000000000000000000000000000000000000000]
store_ln63             (store            ) [ 0000000000000000000000000000000000000000000000000000000000000000000000000000000000000000000000000000000000000000000000000000000000000000000000000000000]
br_ln63                (br               ) [ 0000000000000000000000000000000000000000000000000000000000000000000000000000000000000000000000000000000000000000000000000000000000000000000000000000000]
clen                   (call             ) [ 0000000000000000000000000000000000000000000000000000000000000000000000000000001111111111111111111111111111111111111111111111111111111111111111111111111]
trunc_ln76             (trunc            ) [ 0000000000000000000000000000000000000000000000000000000000000000000000000000001000000000000000000000000000000000000000000000000000000000000000000000000]
clen_1                 (call             ) [ 0000000000000000000000000000000000000000000000000000000000000000000000000000001111111111111111111111111111111111111111111111111111111111111111111111111]
trunc_ln76_1           (trunc            ) [ 0000000000000000000000000000000000000000000000000000000000000000000000000000001000000000000000000000000000000000000000000000000000000000000000000000000]
clen_2                 (call             ) [ 0000000000000000000000000000000000000000000000000000000000000000000000000000001111111111111111111111111111111111111111111111111111111111111111111111111]
trunc_ln76_2           (trunc            ) [ 0000000000000000000000000000000000000000000000000000000000000000000000000000001000000000000000000000000000000000000000000000000000000000000000000000000]
clen_3                 (call             ) [ 0000000000000000000000000000000000000000000000000000000000000000000000000000001111111111111111111111111111111111111111111111111111111111111111111111111]
trunc_ln76_3           (trunc            ) [ 0000000000000000000000000000000000000000000000000000000000000000000000000000001000000000000000000000000000000000000000000000000000000000000000000000000]
clen_4                 (call             ) [ 0000000000000000000000000000000000000000000000000000000000000000000000000000001111111111111111111111111111111111111111111111111111111111111111111111111]
trunc_ln76_4           (trunc            ) [ 0000000000000000000000000000000000000000000000000000000000000000000000000000001000000000000000000000000000000000000000000000000000000000000000000000000]
clen_5                 (call             ) [ 0000000000000000000000000000000000000000000000000000000000000000000000000000001111111111111111111111111111111111111111111111111111111111111111111111111]
trunc_ln76_5           (trunc            ) [ 0000000000000000000000000000000000000000000000000000000000000000000000000000001000000000000000000000000000000000000000000000000000000000000000000000000]
clen_6                 (call             ) [ 0000000000000000000000000000000000000000000000000000000000000000000000000000001111111111111111111111111111111111111111111111111111111111111111111111111]
trunc_ln76_6           (trunc            ) [ 0000000000000000000000000000000000000000000000000000000000000000000000000000001000000000000000000000000000000000000000000000000000000000000000000000000]
clen_7                 (call             ) [ 0000000000000000000000000000000000000000000000000000000000000000000000000000001111111111111111111111111111111111111111111111111111111111111111111111111]
trunc_ln56             (trunc            ) [ 0000000000000000000000000000000000000000000000000000000000000000000000000000001000000000000000000000000000000000000000000000000000000000000000000000000]
call_ln76              (call             ) [ 0000000000000000000000000000000000000000000000000000000000000000000000000000000000000000000000000000000000000000000000000000000000000000000000000000000]
trunc_ln7              (partselect       ) [ 0000000000000000000000000000000000000000000000000000000000000000000000000000000000000000000000000000000000000000000000000000000000000000000000000000000]
sext_ln88              (sext             ) [ 0000000000000000000000000000000000000000000000000000000000000000000000000000000000000000000000000000000000000000000000000000000000000000000000000000000]
gmem1_addr             (getelementptr    ) [ 0000000000000000000000000000000000000000000000000000000000000000000000000000000011111111111111111111111111111111111111111111111111111111111111111111100]
gmem1_addr_req         (writereq         ) [ 0000000000000000000000000000000000000000000000000000000000000000000000000000000000000000000000000000000000000000000000000000000000000000000000000000000]
shiftreg_loc_load      (load             ) [ 0000000000000000000000000000000000000000000000000000000000000000000000000000000000000000000000000000000000000000000000000000000000000000000000000000000]
write_ln88             (write            ) [ 0000000000000000000000000000000000000000000000000000000000000000000000000000000000000000000000000000000000000000000000000000000000000000000000000000000]
gmem1_addr_resp        (writeresp        ) [ 0000000000000000000000000000000000000000000000000000000000000000000000000000000000000000000000000000000000000000000000000000000000000000000000000000000]
br_ln88                (br               ) [ 0000000000000000000000000000000000000000000000000000000000000000000000000000000000000000000000000000000000000000000000000000000000000000000000000000000]
c_4                    (load             ) [ 0000000000000000000000000000000000000000000000000000000000000000000000000000000000000000000000000000000000000000000000000000000000000000000000000000000]
icmp_ln88              (icmp             ) [ 0000000000000000000000000000000000000000000000000000000000000000000000000000000000000000000000000000000000000000000000000000000000000000000000000000011]
add_ln88               (add              ) [ 0000000000000000000000000000000000000000000000000000000000000000000000000000000000000000000000000000000000000000000000000000000000000000000000000000000]
br_ln88                (br               ) [ 0000000000000000000000000000000000000000000000000000000000000000000000000000000000000000000000000000000000000000000000000000000000000000000000000000000]
oi_load                (load             ) [ 0000000000000000000000000000000000000000000000000000000000000000000000000000000000000000000000000000000000000000000000000000000000000000000000000000001]
trunc_ln88             (trunc            ) [ 0000000000000000000000000000000000000000000000000000000000000000000000000000000000000000000000000000000000000000000000000000000000000000000000000000001]
tmp_9                  (sparsemux        ) [ 0000000000000000000000000000000000000000000000000000000000000000000000000000000000000000000000000000000000000000000000000000000000000000000000000000001]
icmp_ln89              (icmp             ) [ 0000000000000000000000000000000000000000000000000000000000000000000000000000000000000000000000000000000000000000000000000000000000000000000000000000000]
oi_6                   (add              ) [ 0000000000000000000000000000000000000000000000000000000000000000000000000000000000000000000000000000000000000000000000000000000000000000000000000000000]
select_ln88            (select           ) [ 0000000000000000000000000000000000000000000000000000000000000000000000000000000000000000000000000000000000000000000000000000000000000000000000000000000]
store_ln88             (store            ) [ 0000000000000000000000000000000000000000000000000000000000000000000000000000000000000000000000000000000000000000000000000000000000000000000000000000000]
store_ln81             (store            ) [ 0000000000000000000000000000000000000000000000000000000000000000000000000000000000000000000000000000000000000000000000000000000000000000000000000000000]
oi_load_1              (load             ) [ 0000000000000000000000000000000000000000000000000000000000000000000000000000000000000000000000000000000000000000000000000000000000000000000000000000000]
ret_ln91               (ret              ) [ 0000000000000000000000000000000000000000000000000000000000000000000000000000000000000000000000000000000000000000000000000000000000000000000000000000000]
speclooptripcount_ln81 (speclooptripcount) [ 0000000000000000000000000000000000000000000000000000000000000000000000000000000000000000000000000000000000000000000000000000000000000000000000000000000]
specloopname_ln88      (specloopname     ) [ 0000000000000000000000000000000000000000000000000000000000000000000000000000000000000000000000000000000000000000000000000000000000000000000000000000000]
call_ln89              (call             ) [ 0000000000000000000000000000000000000000000000000000000000000000000000000000000000000000000000000000000000000000000000000000000000000000000000000000000]
br_ln88                (br               ) [ 0000000000000000000000000000000000000000000000000000000000000000000000000000000000000000000000000000000000000000000000000000000000000000000000000000000]
</LifeTime>

<model>

<comp_list>
<comp id="0" class="1000" name="gmem0">
<pin_list>
<pin id="1" dir="1" index="0" bw="1" slack="0"/>
</pin_list>
<bind>
<StgValue><ssdm name="gmem0"/><MemPortTyVec>0 </MemPortTyVec>
</StgValue>
</bind>
</comp>

<comp id="2" class="1000" name="gmem1">
<pin_list>
<pin id="3" dir="1" index="0" bw="1" slack="0"/>
</pin_list>
<bind>
<StgValue><ssdm name="gmem1"/><MemPortTyVec>1 </MemPortTyVec>
</StgValue>
</bind>
</comp>

<comp id="4" class="1000" name="in_r">
<pin_list>
<pin id="5" dir="1" index="0" bw="1" slack="0"/>
</pin_list>
<bind>
<StgValue><ssdm name="in_r"/></StgValue>
</bind>
</comp>

<comp id="6" class="1000" name="n">
<pin_list>
<pin id="7" dir="1" index="0" bw="1" slack="0"/>
</pin_list>
<bind>
<StgValue><ssdm name="n"/></StgValue>
</bind>
</comp>

<comp id="8" class="1000" name="out_r">
<pin_list>
<pin id="9" dir="1" index="0" bw="1" slack="0"/>
</pin_list>
<bind>
<StgValue><ssdm name="out_r"/></StgValue>
</bind>
</comp>

<comp id="10" class="1000" name="arith_encode_unsigned_char_const_int_unsigned_char_buf">
<pin_list>
<pin id="11" dir="1" index="0" bw="1" slack="0"/>
</pin_list>
<bind>
<StgValue><ssdm name="arith_encode_unsigned_char_const_int_unsigned_char_buf"/><MemPortTyVec>2 3 </MemPortTyVec>
</StgValue>
</bind>
</comp>

<comp id="12" class="1000" name="arith_encode_unsigned_char_const_int_unsigned_char_buf_2">
<pin_list>
<pin id="13" dir="1" index="0" bw="1" slack="0"/>
</pin_list>
<bind>
<StgValue><ssdm name="arith_encode_unsigned_char_const_int_unsigned_char_buf_2"/><MemPortTyVec>2 3 </MemPortTyVec>
</StgValue>
</bind>
</comp>

<comp id="14" class="1000" name="arith_encode_unsigned_char_const_int_unsigned_char_buf_3">
<pin_list>
<pin id="15" dir="1" index="0" bw="1" slack="0"/>
</pin_list>
<bind>
<StgValue><ssdm name="arith_encode_unsigned_char_const_int_unsigned_char_buf_3"/><MemPortTyVec>2 3 </MemPortTyVec>
</StgValue>
</bind>
</comp>

<comp id="16" class="1000" name="arith_encode_unsigned_char_const_int_unsigned_char_buf_4">
<pin_list>
<pin id="17" dir="1" index="0" bw="1" slack="0"/>
</pin_list>
<bind>
<StgValue><ssdm name="arith_encode_unsigned_char_const_int_unsigned_char_buf_4"/><MemPortTyVec>2 3 </MemPortTyVec>
</StgValue>
</bind>
</comp>

<comp id="18" class="1000" name="arith_encode_unsigned_char_const_int_unsigned_char_buf_5">
<pin_list>
<pin id="19" dir="1" index="0" bw="1" slack="0"/>
</pin_list>
<bind>
<StgValue><ssdm name="arith_encode_unsigned_char_const_int_unsigned_char_buf_5"/><MemPortTyVec>2 3 </MemPortTyVec>
</StgValue>
</bind>
</comp>

<comp id="20" class="1000" name="arith_encode_unsigned_char_const_int_unsigned_char_buf_6">
<pin_list>
<pin id="21" dir="1" index="0" bw="1" slack="0"/>
</pin_list>
<bind>
<StgValue><ssdm name="arith_encode_unsigned_char_const_int_unsigned_char_buf_6"/><MemPortTyVec>2 3 </MemPortTyVec>
</StgValue>
</bind>
</comp>

<comp id="22" class="1000" name="arith_encode_unsigned_char_const_int_unsigned_char_buf_7">
<pin_list>
<pin id="23" dir="1" index="0" bw="1" slack="0"/>
</pin_list>
<bind>
<StgValue><ssdm name="arith_encode_unsigned_char_const_int_unsigned_char_buf_7"/><MemPortTyVec>2 3 </MemPortTyVec>
</StgValue>
</bind>
</comp>

<comp id="24" class="1000" name="arith_encode_unsigned_char_const_int_unsigned_char_buf_8">
<pin_list>
<pin id="25" dir="1" index="0" bw="1" slack="0"/>
</pin_list>
<bind>
<StgValue><ssdm name="arith_encode_unsigned_char_const_int_unsigned_char_buf_8"/><MemPortTyVec>2 3 </MemPortTyVec>
</StgValue>
</bind>
</comp>

<comp id="26" class="1000" name="arith_encode_unsigned_char_const_int_unsigned_char_cout">
<pin_list>
<pin id="27" dir="1" index="0" bw="1" slack="0"/>
</pin_list>
<bind>
<StgValue><ssdm name="arith_encode_unsigned_char_const_int_unsigned_char_cout"/><MemPortTyVec>2 3 </MemPortTyVec>
</StgValue>
</bind>
</comp>

<comp id="28" class="1000" name="arith_encode_unsigned_char_const_int_unsigned_char_cout_9">
<pin_list>
<pin id="29" dir="1" index="0" bw="1" slack="0"/>
</pin_list>
<bind>
<StgValue><ssdm name="arith_encode_unsigned_char_const_int_unsigned_char_cout_9"/><MemPortTyVec>2 3 </MemPortTyVec>
</StgValue>
</bind>
</comp>

<comp id="30" class="1000" name="arith_encode_unsigned_char_const_int_unsigned_char_cout_10">
<pin_list>
<pin id="31" dir="1" index="0" bw="1" slack="0"/>
</pin_list>
<bind>
<StgValue><ssdm name="arith_encode_unsigned_char_const_int_unsigned_char_cout_10"/><MemPortTyVec>2 3 </MemPortTyVec>
</StgValue>
</bind>
</comp>

<comp id="32" class="1000" name="arith_encode_unsigned_char_const_int_unsigned_char_cout_11">
<pin_list>
<pin id="33" dir="1" index="0" bw="1" slack="0"/>
</pin_list>
<bind>
<StgValue><ssdm name="arith_encode_unsigned_char_const_int_unsigned_char_cout_11"/><MemPortTyVec>2 3 </MemPortTyVec>
</StgValue>
</bind>
</comp>

<comp id="34" class="1000" name="arith_encode_unsigned_char_const_int_unsigned_char_cout_12">
<pin_list>
<pin id="35" dir="1" index="0" bw="1" slack="0"/>
</pin_list>
<bind>
<StgValue><ssdm name="arith_encode_unsigned_char_const_int_unsigned_char_cout_12"/><MemPortTyVec>2 3 </MemPortTyVec>
</StgValue>
</bind>
</comp>

<comp id="36" class="1000" name="arith_encode_unsigned_char_const_int_unsigned_char_cout_13">
<pin_list>
<pin id="37" dir="1" index="0" bw="1" slack="0"/>
</pin_list>
<bind>
<StgValue><ssdm name="arith_encode_unsigned_char_const_int_unsigned_char_cout_13"/><MemPortTyVec>2 3 </MemPortTyVec>
</StgValue>
</bind>
</comp>

<comp id="38" class="1000" name="arith_encode_unsigned_char_const_int_unsigned_char_cout_14">
<pin_list>
<pin id="39" dir="1" index="0" bw="1" slack="0"/>
</pin_list>
<bind>
<StgValue><ssdm name="arith_encode_unsigned_char_const_int_unsigned_char_cout_14"/><MemPortTyVec>2 3 </MemPortTyVec>
</StgValue>
</bind>
</comp>

<comp id="40" class="1000" name="arith_encode_unsigned_char_const_int_unsigned_char_cout_15">
<pin_list>
<pin id="41" dir="1" index="0" bw="1" slack="0"/>
</pin_list>
<bind>
<StgValue><ssdm name="arith_encode_unsigned_char_const_int_unsigned_char_cout_15"/><MemPortTyVec>2 3 </MemPortTyVec>
</StgValue>
</bind>
</comp>

<comp id="42" class="1001" name="const_42">
<pin_list>
<pin id="43" dir="1" index="0" bw="1" slack="0"/>
</pin_list>
<bind>
<StgValue><ssdm name=""/></StgValue>
</bind>
</comp>

<comp id="44" class="1001" name="const_44">
<pin_list>
<pin id="45" dir="1" index="0" bw="1" slack="0"/>
</pin_list>
<bind>
<StgValue><ssdm name="_ssdm_op_Read.s_axilite.i64"/></StgValue>
</bind>
</comp>

<comp id="46" class="1001" name="const_46">
<pin_list>
<pin id="47" dir="1" index="0" bw="1" slack="0"/>
</pin_list>
<bind>
<StgValue><ssdm name="_ssdm_op_Read.ap_none.i32"/></StgValue>
</bind>
</comp>

<comp id="48" class="1001" name="const_48">
<pin_list>
<pin id="49" dir="1" index="0" bw="1" slack="0"/>
</pin_list>
<bind>
<StgValue><ssdm name=""/></StgValue>
</bind>
</comp>

<comp id="50" class="1001" name="const_50">
<pin_list>
<pin id="51" dir="1" index="0" bw="1" slack="2147483647"/>
</pin_list>
<bind>
<StgValue><ssdm name="_ssdm_op_SpecBitsMap"/></StgValue>
</bind>
</comp>

<comp id="52" class="1001" name="const_52">
<pin_list>
<pin id="53" dir="1" index="0" bw="1" slack="0"/>
</pin_list>
<bind>
<StgValue><ssdm name=""/></StgValue>
</bind>
</comp>

<comp id="54" class="1001" name="const_54">
<pin_list>
<pin id="55" dir="1" index="0" bw="1" slack="2147483647"/>
</pin_list>
<bind>
<StgValue><ssdm name="_ssdm_op_SpecTopModule"/></StgValue>
</bind>
</comp>

<comp id="56" class="1001" name="const_56">
<pin_list>
<pin id="57" dir="1" index="0" bw="1" slack="2147483647"/>
</pin_list>
<bind>
<StgValue><ssdm name="empty_17"/></StgValue>
</bind>
</comp>

<comp id="58" class="1001" name="const_58">
<pin_list>
<pin id="59" dir="1" index="0" bw="1" slack="2147483647"/>
</pin_list>
<bind>
<StgValue><ssdm name="_ssdm_op_SpecInterface"/></StgValue>
</bind>
</comp>

<comp id="60" class="1001" name="const_60">
<pin_list>
<pin id="61" dir="1" index="0" bw="1" slack="2147483647"/>
</pin_list>
<bind>
<StgValue><ssdm name="empty_4"/></StgValue>
</bind>
</comp>

<comp id="62" class="1001" name="const_62">
<pin_list>
<pin id="63" dir="1" index="0" bw="1" slack="2147483647"/>
</pin_list>
<bind>
<StgValue><ssdm name="empty_18"/></StgValue>
</bind>
</comp>

<comp id="64" class="1001" name="const_64">
<pin_list>
<pin id="65" dir="1" index="0" bw="1" slack="0"/>
</pin_list>
<bind>
<StgValue><ssdm name=""/></StgValue>
</bind>
</comp>

<comp id="66" class="1001" name="const_66">
<pin_list>
<pin id="67" dir="1" index="0" bw="1" slack="2147483647"/>
</pin_list>
<bind>
<StgValue><ssdm name="empty_19"/></StgValue>
</bind>
</comp>

<comp id="68" class="1001" name="const_68">
<pin_list>
<pin id="69" dir="1" index="0" bw="1" slack="2147483647"/>
</pin_list>
<bind>
<StgValue><ssdm name=""/></StgValue>
</bind>
</comp>

<comp id="70" class="1001" name="const_70">
<pin_list>
<pin id="71" dir="1" index="0" bw="1" slack="2147483647"/>
</pin_list>
<bind>
<StgValue><ssdm name="empty_5"/></StgValue>
</bind>
</comp>

<comp id="72" class="1001" name="const_72">
<pin_list>
<pin id="73" dir="1" index="0" bw="1" slack="2147483647"/>
</pin_list>
<bind>
<StgValue><ssdm name="empty_16"/></StgValue>
</bind>
</comp>

<comp id="74" class="1001" name="const_74">
<pin_list>
<pin id="75" dir="1" index="0" bw="1" slack="0"/>
</pin_list>
<bind>
<StgValue><ssdm name=""/></StgValue>
</bind>
</comp>

<comp id="76" class="1001" name="const_76">
<pin_list>
<pin id="77" dir="1" index="0" bw="1" slack="2147483647"/>
</pin_list>
<bind>
<StgValue><ssdm name="empty_15"/></StgValue>
</bind>
</comp>

<comp id="78" class="1001" name="const_78">
<pin_list>
<pin id="79" dir="1" index="0" bw="1" slack="2147483647"/>
</pin_list>
<bind>
<StgValue><ssdm name="empty_14"/></StgValue>
</bind>
</comp>

<comp id="80" class="1001" name="const_80">
<pin_list>
<pin id="81" dir="1" index="0" bw="1" slack="2147483647"/>
</pin_list>
<bind>
<StgValue><ssdm name="empty_22"/></StgValue>
</bind>
</comp>

<comp id="82" class="1001" name="const_82">
<pin_list>
<pin id="83" dir="1" index="0" bw="1" slack="2147483647"/>
</pin_list>
<bind>
<StgValue><ssdm name="empty_12"/></StgValue>
</bind>
</comp>

<comp id="84" class="1001" name="const_84">
<pin_list>
<pin id="85" dir="1" index="0" bw="1" slack="2147483647"/>
</pin_list>
<bind>
<StgValue><ssdm name="empty_11"/></StgValue>
</bind>
</comp>

<comp id="86" class="1001" name="const_86">
<pin_list>
<pin id="87" dir="1" index="0" bw="1" slack="2147483647"/>
</pin_list>
<bind>
<StgValue><ssdm name="empty_10"/></StgValue>
</bind>
</comp>

<comp id="88" class="1001" name="const_88">
<pin_list>
<pin id="89" dir="1" index="0" bw="1" slack="2147483647"/>
</pin_list>
<bind>
<StgValue><ssdm name="empty_9"/></StgValue>
</bind>
</comp>

<comp id="90" class="1001" name="const_90">
<pin_list>
<pin id="91" dir="1" index="0" bw="1" slack="2147483647"/>
</pin_list>
<bind>
<StgValue><ssdm name="empty_8"/></StgValue>
</bind>
</comp>

<comp id="92" class="1001" name="const_92">
<pin_list>
<pin id="93" dir="1" index="0" bw="1" slack="2147483647"/>
</pin_list>
<bind>
<StgValue><ssdm name="empty_7"/></StgValue>
</bind>
</comp>

<comp id="94" class="1001" name="const_94">
<pin_list>
<pin id="95" dir="1" index="0" bw="1" slack="2147483647"/>
</pin_list>
<bind>
<StgValue><ssdm name="empty_6"/></StgValue>
</bind>
</comp>

<comp id="96" class="1001" name="const_96">
<pin_list>
<pin id="97" dir="1" index="0" bw="1" slack="0"/>
</pin_list>
<bind>
<StgValue><ssdm name=""/></StgValue>
</bind>
</comp>

<comp id="98" class="1001" name="const_98">
<pin_list>
<pin id="99" dir="1" index="0" bw="1" slack="0"/>
</pin_list>
<bind>
<StgValue><ssdm name="_ssdm_op_BitSelect.i1.i32.i32"/></StgValue>
</bind>
</comp>

<comp id="100" class="1001" name="const_100">
<pin_list>
<pin id="101" dir="1" index="0" bw="1" slack="0"/>
</pin_list>
<bind>
<StgValue><ssdm name=""/></StgValue>
</bind>
</comp>

<comp id="102" class="1001" name="const_102">
<pin_list>
<pin id="103" dir="1" index="0" bw="1" slack="0"/>
</pin_list>
<bind>
<StgValue><ssdm name=""/></StgValue>
</bind>
</comp>

<comp id="104" class="1001" name="const_104">
<pin_list>
<pin id="105" dir="1" index="0" bw="1" slack="0"/>
</pin_list>
<bind>
<StgValue><ssdm name="_ssdm_op_PartSelect.i29.i32.i32.i32"/></StgValue>
</bind>
</comp>

<comp id="106" class="1001" name="const_106">
<pin_list>
<pin id="107" dir="1" index="0" bw="1" slack="0"/>
</pin_list>
<bind>
<StgValue><ssdm name=""/></StgValue>
</bind>
</comp>

<comp id="108" class="1001" name="const_108">
<pin_list>
<pin id="109" dir="1" index="0" bw="1" slack="0"/>
</pin_list>
<bind>
<StgValue><ssdm name=""/></StgValue>
</bind>
</comp>

<comp id="110" class="1001" name="const_110">
<pin_list>
<pin id="111" dir="1" index="0" bw="1" slack="0"/>
</pin_list>
<bind>
<StgValue><ssdm name=""/></StgValue>
</bind>
</comp>

<comp id="112" class="1001" name="const_112">
<pin_list>
<pin id="113" dir="1" index="0" bw="1" slack="0"/>
</pin_list>
<bind>
<StgValue><ssdm name=""/></StgValue>
</bind>
</comp>

<comp id="114" class="1001" name="const_114">
<pin_list>
<pin id="115" dir="1" index="0" bw="1" slack="0"/>
</pin_list>
<bind>
<StgValue><ssdm name=""/></StgValue>
</bind>
</comp>

<comp id="116" class="1001" name="const_116">
<pin_list>
<pin id="117" dir="1" index="0" bw="1" slack="0"/>
</pin_list>
<bind>
<StgValue><ssdm name="encode_chunk"/></StgValue>
</bind>
</comp>

<comp id="118" class="1001" name="const_118">
<pin_list>
<pin id="119" dir="1" index="0" bw="1" slack="0"/>
</pin_list>
<bind>
<StgValue><ssdm name=""/></StgValue>
</bind>
</comp>

<comp id="120" class="1001" name="const_120">
<pin_list>
<pin id="121" dir="1" index="0" bw="1" slack="0"/>
</pin_list>
<bind>
<StgValue><ssdm name="_ssdm_op_ReadReq.m_axi.p1i8"/></StgValue>
</bind>
</comp>

<comp id="122" class="1001" name="const_122">
<pin_list>
<pin id="123" dir="1" index="0" bw="1" slack="0"/>
</pin_list>
<bind>
<StgValue><ssdm name="arith_encode_Pipeline_VITIS_LOOP_66_1"/></StgValue>
</bind>
</comp>

<comp id="124" class="1001" name="const_124">
<pin_list>
<pin id="125" dir="1" index="0" bw="1" slack="2147483647"/>
</pin_list>
<bind>
<StgValue><ssdm name="_ssdm_op_SpecLoopTripCount"/></StgValue>
</bind>
</comp>

<comp id="126" class="1001" name="const_126">
<pin_list>
<pin id="127" dir="1" index="0" bw="1" slack="2147483647"/>
</pin_list>
<bind>
<StgValue><ssdm name=""/></StgValue>
</bind>
</comp>

<comp id="128" class="1001" name="const_128">
<pin_list>
<pin id="129" dir="1" index="0" bw="1" slack="2147483647"/>
</pin_list>
<bind>
<StgValue><ssdm name="_ssdm_op_SpecLoopName"/></StgValue>
</bind>
</comp>

<comp id="130" class="1001" name="const_130">
<pin_list>
<pin id="131" dir="1" index="0" bw="1" slack="2147483647"/>
</pin_list>
<bind>
<StgValue><ssdm name="empty_24"/></StgValue>
</bind>
</comp>

<comp id="132" class="1001" name="const_132">
<pin_list>
<pin id="133" dir="1" index="0" bw="1" slack="0"/>
</pin_list>
<bind>
<StgValue><ssdm name=""/></StgValue>
</bind>
</comp>

<comp id="134" class="1001" name="const_134">
<pin_list>
<pin id="135" dir="1" index="0" bw="1" slack="0"/>
</pin_list>
<bind>
<StgValue><ssdm name=""/></StgValue>
</bind>
</comp>

<comp id="136" class="1001" name="const_136">
<pin_list>
<pin id="137" dir="1" index="0" bw="1" slack="0"/>
</pin_list>
<bind>
<StgValue><ssdm name=""/></StgValue>
</bind>
</comp>

<comp id="138" class="1001" name="const_138">
<pin_list>
<pin id="139" dir="1" index="0" bw="1" slack="0"/>
</pin_list>
<bind>
<StgValue><ssdm name=""/></StgValue>
</bind>
</comp>

<comp id="140" class="1001" name="const_140">
<pin_list>
<pin id="141" dir="1" index="0" bw="1" slack="0"/>
</pin_list>
<bind>
<StgValue><ssdm name=""/></StgValue>
</bind>
</comp>

<comp id="142" class="1001" name="const_142">
<pin_list>
<pin id="143" dir="1" index="0" bw="1" slack="0"/>
</pin_list>
<bind>
<StgValue><ssdm name=""/></StgValue>
</bind>
</comp>

<comp id="144" class="1001" name="const_144">
<pin_list>
<pin id="145" dir="1" index="0" bw="1" slack="0"/>
</pin_list>
<bind>
<StgValue><ssdm name=""/></StgValue>
</bind>
</comp>

<comp id="146" class="1001" name="const_146">
<pin_list>
<pin id="147" dir="1" index="0" bw="1" slack="0"/>
</pin_list>
<bind>
<StgValue><ssdm name="arith_encode_Pipeline_Header"/></StgValue>
</bind>
</comp>

<comp id="148" class="1001" name="const_148">
<pin_list>
<pin id="149" dir="1" index="0" bw="1" slack="0"/>
</pin_list>
<bind>
<StgValue><ssdm name="_ssdm_op_PartSelect.i60.i64.i32.i32"/></StgValue>
</bind>
</comp>

<comp id="150" class="1001" name="const_150">
<pin_list>
<pin id="151" dir="1" index="0" bw="1" slack="0"/>
</pin_list>
<bind>
<StgValue><ssdm name=""/></StgValue>
</bind>
</comp>

<comp id="152" class="1001" name="const_152">
<pin_list>
<pin id="153" dir="1" index="0" bw="1" slack="0"/>
</pin_list>
<bind>
<StgValue><ssdm name=""/></StgValue>
</bind>
</comp>

<comp id="154" class="1001" name="const_154">
<pin_list>
<pin id="155" dir="1" index="0" bw="1" slack="0"/>
</pin_list>
<bind>
<StgValue><ssdm name="_ssdm_op_WriteReq.m_axi.i128P1A"/></StgValue>
</bind>
</comp>

<comp id="156" class="1001" name="const_156">
<pin_list>
<pin id="157" dir="1" index="0" bw="1" slack="0"/>
</pin_list>
<bind>
<StgValue><ssdm name="_ssdm_op_Write.m_axi.i128P1A"/></StgValue>
</bind>
</comp>

<comp id="158" class="1001" name="const_158">
<pin_list>
<pin id="159" dir="1" index="0" bw="1" slack="0"/>
</pin_list>
<bind>
<StgValue><ssdm name=""/></StgValue>
</bind>
</comp>

<comp id="160" class="1001" name="const_160">
<pin_list>
<pin id="161" dir="1" index="0" bw="1" slack="0"/>
</pin_list>
<bind>
<StgValue><ssdm name="_ssdm_op_WriteResp.m_axi.i128P1A"/></StgValue>
</bind>
</comp>

<comp id="162" class="1001" name="const_162">
<pin_list>
<pin id="163" dir="1" index="0" bw="1" slack="0"/>
</pin_list>
<bind>
<StgValue><ssdm name="_ssdm_op_SparseMux.ap_auto.8i32.i32.i3"/></StgValue>
</bind>
</comp>

<comp id="164" class="1001" name="const_164">
<pin_list>
<pin id="165" dir="1" index="0" bw="1" slack="0"/>
</pin_list>
<bind>
<StgValue><ssdm name=""/></StgValue>
</bind>
</comp>

<comp id="166" class="1001" name="const_166">
<pin_list>
<pin id="167" dir="1" index="0" bw="1" slack="0"/>
</pin_list>
<bind>
<StgValue><ssdm name=""/></StgValue>
</bind>
</comp>

<comp id="168" class="1001" name="const_168">
<pin_list>
<pin id="169" dir="1" index="0" bw="1" slack="0"/>
</pin_list>
<bind>
<StgValue><ssdm name="arith_encode_Pipeline_VITIS_LOOP_89_2"/></StgValue>
</bind>
</comp>

<comp id="170" class="1001" name="const_170">
<pin_list>
<pin id="171" dir="1" index="0" bw="1" slack="2147483647"/>
</pin_list>
<bind>
<StgValue><ssdm name="empty_21"/></StgValue>
</bind>
</comp>

<comp id="172" class="1004" name="c_fu_172">
<pin_list>
<pin id="173" dir="0" index="0" bw="1" slack="0"/>
<pin id="174" dir="1" index="1" bw="4" slack="0"/>
</pin_list>
<bind>
<opcode="alloca(26) " fcode="alloca"/>
<opset="c/1 "/>
</bind>
</comp>

<comp id="176" class="1004" name="empty_fu_176">
<pin_list>
<pin id="177" dir="0" index="0" bw="1" slack="0"/>
<pin id="178" dir="1" index="1" bw="32" slack="1"/>
</pin_list>
<bind>
<opcode="alloca(26) " fcode="alloca"/>
<opset="empty/1 "/>
</bind>
</comp>

<comp id="180" class="1004" name="empty_51_fu_180">
<pin_list>
<pin id="181" dir="0" index="0" bw="1" slack="0"/>
<pin id="182" dir="1" index="1" bw="32" slack="1"/>
</pin_list>
<bind>
<opcode="alloca(26) " fcode="alloca"/>
<opset="empty_51/1 "/>
</bind>
</comp>

<comp id="184" class="1004" name="empty_52_fu_184">
<pin_list>
<pin id="185" dir="0" index="0" bw="1" slack="0"/>
<pin id="186" dir="1" index="1" bw="32" slack="1"/>
</pin_list>
<bind>
<opcode="alloca(26) " fcode="alloca"/>
<opset="empty_52/1 "/>
</bind>
</comp>

<comp id="188" class="1004" name="empty_53_fu_188">
<pin_list>
<pin id="189" dir="0" index="0" bw="1" slack="0"/>
<pin id="190" dir="1" index="1" bw="32" slack="1"/>
</pin_list>
<bind>
<opcode="alloca(26) " fcode="alloca"/>
<opset="empty_53/1 "/>
</bind>
</comp>

<comp id="192" class="1004" name="empty_54_fu_192">
<pin_list>
<pin id="193" dir="0" index="0" bw="1" slack="0"/>
<pin id="194" dir="1" index="1" bw="32" slack="1"/>
</pin_list>
<bind>
<opcode="alloca(26) " fcode="alloca"/>
<opset="empty_54/1 "/>
</bind>
</comp>

<comp id="196" class="1004" name="empty_55_fu_196">
<pin_list>
<pin id="197" dir="0" index="0" bw="1" slack="0"/>
<pin id="198" dir="1" index="1" bw="32" slack="1"/>
</pin_list>
<bind>
<opcode="alloca(26) " fcode="alloca"/>
<opset="empty_55/1 "/>
</bind>
</comp>

<comp id="200" class="1004" name="empty_56_fu_200">
<pin_list>
<pin id="201" dir="0" index="0" bw="1" slack="0"/>
<pin id="202" dir="1" index="1" bw="32" slack="1"/>
</pin_list>
<bind>
<opcode="alloca(26) " fcode="alloca"/>
<opset="empty_56/1 "/>
</bind>
</comp>

<comp id="204" class="1004" name="empty_57_fu_204">
<pin_list>
<pin id="205" dir="0" index="0" bw="1" slack="0"/>
<pin id="206" dir="1" index="1" bw="32" slack="1"/>
</pin_list>
<bind>
<opcode="alloca(26) " fcode="alloca"/>
<opset="empty_57/1 "/>
</bind>
</comp>

<comp id="208" class="1004" name="shiftreg_loc_fu_208">
<pin_list>
<pin id="209" dir="0" index="0" bw="1" slack="0"/>
<pin id="210" dir="1" index="1" bw="128" slack="2"/>
</pin_list>
<bind>
<opcode="alloca(26) " fcode="alloca"/>
<opset="shiftreg_loc/1 "/>
</bind>
</comp>

<comp id="212" class="1004" name="oi_fu_212">
<pin_list>
<pin id="213" dir="0" index="0" bw="1" slack="0"/>
<pin id="214" dir="1" index="1" bw="32" slack="0"/>
</pin_list>
<bind>
<opcode="alloca(26) " fcode="alloca"/>
<opset="oi/2 "/>
</bind>
</comp>

<comp id="216" class="1004" name="c_2_fu_216">
<pin_list>
<pin id="217" dir="0" index="0" bw="1" slack="0"/>
<pin id="218" dir="1" index="1" bw="4" slack="0"/>
</pin_list>
<bind>
<opcode="alloca(26) " fcode="alloca"/>
<opset="c_2/2 "/>
</bind>
</comp>

<comp id="220" class="1004" name="out_r_read_read_fu_220">
<pin_list>
<pin id="221" dir="0" index="0" bw="64" slack="0"/>
<pin id="222" dir="0" index="1" bw="64" slack="0"/>
<pin id="223" dir="1" index="2" bw="64" slack="4"/>
</pin_list>
<bind>
<opcode="read(1150) " fcode="read"/>
<opset="out_r_read/1 "/>
</bind>
</comp>

<comp id="226" class="1004" name="n_read_read_fu_226">
<pin_list>
<pin id="227" dir="0" index="0" bw="32" slack="0"/>
<pin id="228" dir="0" index="1" bw="32" slack="0"/>
<pin id="229" dir="1" index="2" bw="32" slack="0"/>
</pin_list>
<bind>
<opcode="read(1150) " fcode="read"/>
<opset="n_read/1 "/>
</bind>
</comp>

<comp id="232" class="1004" name="in_r_read_read_fu_232">
<pin_list>
<pin id="233" dir="0" index="0" bw="64" slack="0"/>
<pin id="234" dir="0" index="1" bw="64" slack="0"/>
<pin id="235" dir="1" index="2" bw="64" slack="2"/>
</pin_list>
<bind>
<opcode="read(1150) " fcode="read"/>
<opset="in_r_read/1 "/>
</bind>
</comp>

<comp id="238" class="1004" name="grp_readreq_fu_238">
<pin_list>
<pin id="239" dir="0" index="0" bw="1" slack="0"/>
<pin id="240" dir="0" index="1" bw="8" slack="0"/>
<pin id="241" dir="0" index="2" bw="31" slack="0"/>
<pin id="242" dir="1" index="3" bw="1" slack="2147483647"/>
</pin_list>
<bind>
<opcode="readreq(1154) " fcode="readreq"/>
<opset="empty_58/4 "/>
</bind>
</comp>

<comp id="244" class="1004" name="gmem1_addr_req_writereq_fu_244">
<pin_list>
<pin id="245" dir="0" index="0" bw="1" slack="0"/>
<pin id="246" dir="0" index="1" bw="128" slack="0"/>
<pin id="247" dir="0" index="2" bw="1" slack="0"/>
<pin id="248" dir="1" index="3" bw="1" slack="2147483647"/>
</pin_list>
<bind>
<opcode="writereq(1155) " fcode="writereq"/>
<opset="gmem1_addr_req/79 "/>
</bind>
</comp>

<comp id="251" class="1004" name="write_ln88_write_fu_251">
<pin_list>
<pin id="252" dir="0" index="0" bw="0" slack="0"/>
<pin id="253" dir="0" index="1" bw="128" slack="1"/>
<pin id="254" dir="0" index="2" bw="128" slack="0"/>
<pin id="255" dir="0" index="3" bw="1" slack="0"/>
<pin id="256" dir="1" index="4" bw="0" slack="2147483647"/>
</pin_list>
<bind>
<opcode="write(1151) " fcode="write"/>
<opset="write_ln88/80 "/>
</bind>
</comp>

<comp id="259" class="1004" name="grp_writeresp_fu_259">
<pin_list>
<pin id="260" dir="0" index="0" bw="1" slack="0"/>
<pin id="261" dir="0" index="1" bw="128" slack="2"/>
<pin id="262" dir="1" index="2" bw="1" slack="2147483647"/>
</pin_list>
<bind>
<opcode="writeresp(1158) " fcode="writeresp"/>
<opset="gmem1_addr_resp/81 "/>
</bind>
</comp>

<comp id="264" class="1004" name="grp_encode_chunk_fu_264">
<pin_list>
<pin id="265" dir="0" index="0" bw="32" slack="0"/>
<pin id="266" dir="0" index="1" bw="8" slack="0"/>
<pin id="267" dir="0" index="2" bw="32" slack="0"/>
<pin id="268" dir="0" index="3" bw="8" slack="0"/>
<pin id="269" dir="1" index="4" bw="32" slack="0"/>
</pin_list>
<bind>
<opcode="call(48) " fcode="call"/>
<opset="clen/2 "/>
</bind>
</comp>

<comp id="273" class="1004" name="grp_encode_chunk_fu_273">
<pin_list>
<pin id="274" dir="0" index="0" bw="32" slack="0"/>
<pin id="275" dir="0" index="1" bw="8" slack="0"/>
<pin id="276" dir="0" index="2" bw="32" slack="0"/>
<pin id="277" dir="0" index="3" bw="8" slack="0"/>
<pin id="278" dir="1" index="4" bw="32" slack="0"/>
</pin_list>
<bind>
<opcode="call(48) " fcode="call"/>
<opset="clen_1/2 "/>
</bind>
</comp>

<comp id="282" class="1004" name="grp_encode_chunk_fu_282">
<pin_list>
<pin id="283" dir="0" index="0" bw="32" slack="0"/>
<pin id="284" dir="0" index="1" bw="8" slack="0"/>
<pin id="285" dir="0" index="2" bw="32" slack="0"/>
<pin id="286" dir="0" index="3" bw="8" slack="0"/>
<pin id="287" dir="1" index="4" bw="32" slack="0"/>
</pin_list>
<bind>
<opcode="call(48) " fcode="call"/>
<opset="clen_2/2 "/>
</bind>
</comp>

<comp id="291" class="1004" name="grp_encode_chunk_fu_291">
<pin_list>
<pin id="292" dir="0" index="0" bw="32" slack="0"/>
<pin id="293" dir="0" index="1" bw="8" slack="0"/>
<pin id="294" dir="0" index="2" bw="32" slack="0"/>
<pin id="295" dir="0" index="3" bw="8" slack="0"/>
<pin id="296" dir="1" index="4" bw="32" slack="0"/>
</pin_list>
<bind>
<opcode="call(48) " fcode="call"/>
<opset="clen_3/2 "/>
</bind>
</comp>

<comp id="300" class="1004" name="grp_encode_chunk_fu_300">
<pin_list>
<pin id="301" dir="0" index="0" bw="32" slack="0"/>
<pin id="302" dir="0" index="1" bw="8" slack="0"/>
<pin id="303" dir="0" index="2" bw="32" slack="0"/>
<pin id="304" dir="0" index="3" bw="8" slack="0"/>
<pin id="305" dir="1" index="4" bw="32" slack="0"/>
</pin_list>
<bind>
<opcode="call(48) " fcode="call"/>
<opset="clen_4/2 "/>
</bind>
</comp>

<comp id="309" class="1004" name="grp_encode_chunk_fu_309">
<pin_list>
<pin id="310" dir="0" index="0" bw="32" slack="0"/>
<pin id="311" dir="0" index="1" bw="8" slack="0"/>
<pin id="312" dir="0" index="2" bw="32" slack="0"/>
<pin id="313" dir="0" index="3" bw="8" slack="0"/>
<pin id="314" dir="1" index="4" bw="32" slack="0"/>
</pin_list>
<bind>
<opcode="call(48) " fcode="call"/>
<opset="clen_5/2 "/>
</bind>
</comp>

<comp id="318" class="1004" name="grp_encode_chunk_fu_318">
<pin_list>
<pin id="319" dir="0" index="0" bw="32" slack="0"/>
<pin id="320" dir="0" index="1" bw="8" slack="0"/>
<pin id="321" dir="0" index="2" bw="32" slack="0"/>
<pin id="322" dir="0" index="3" bw="8" slack="0"/>
<pin id="323" dir="1" index="4" bw="32" slack="0"/>
</pin_list>
<bind>
<opcode="call(48) " fcode="call"/>
<opset="clen_6/2 "/>
</bind>
</comp>

<comp id="327" class="1004" name="grp_encode_chunk_fu_327">
<pin_list>
<pin id="328" dir="0" index="0" bw="32" slack="0"/>
<pin id="329" dir="0" index="1" bw="8" slack="0"/>
<pin id="330" dir="0" index="2" bw="32" slack="0"/>
<pin id="331" dir="0" index="3" bw="8" slack="0"/>
<pin id="332" dir="1" index="4" bw="32" slack="0"/>
</pin_list>
<bind>
<opcode="call(48) " fcode="call"/>
<opset="clen_7/2 "/>
</bind>
</comp>

<comp id="336" class="1004" name="grp_arith_encode_Pipeline_VITIS_LOOP_66_1_fu_336">
<pin_list>
<pin id="337" dir="0" index="0" bw="0" slack="0"/>
<pin id="338" dir="0" index="1" bw="8" slack="0"/>
<pin id="339" dir="0" index="2" bw="31" slack="71"/>
<pin id="340" dir="0" index="3" bw="64" slack="72"/>
<pin id="341" dir="0" index="4" bw="3" slack="73"/>
<pin id="342" dir="0" index="5" bw="8" slack="0"/>
<pin id="343" dir="0" index="6" bw="8" slack="0"/>
<pin id="344" dir="0" index="7" bw="8" slack="0"/>
<pin id="345" dir="0" index="8" bw="8" slack="0"/>
<pin id="346" dir="0" index="9" bw="8" slack="0"/>
<pin id="347" dir="0" index="10" bw="8" slack="0"/>
<pin id="348" dir="0" index="11" bw="8" slack="0"/>
<pin id="349" dir="0" index="12" bw="8" slack="0"/>
<pin id="350" dir="1" index="13" bw="0" slack="2147483647"/>
</pin_list>
<bind>
<opcode="call(48) " fcode="call"/>
<opset="call_ln65/75 "/>
</bind>
</comp>

<comp id="361" class="1004" name="grp_arith_encode_Pipeline_Header_fu_361">
<pin_list>
<pin id="362" dir="0" index="0" bw="0" slack="0"/>
<pin id="363" dir="0" index="1" bw="16" slack="0"/>
<pin id="364" dir="0" index="2" bw="16" slack="0"/>
<pin id="365" dir="0" index="3" bw="16" slack="0"/>
<pin id="366" dir="0" index="4" bw="16" slack="0"/>
<pin id="367" dir="0" index="5" bw="16" slack="0"/>
<pin id="368" dir="0" index="6" bw="16" slack="0"/>
<pin id="369" dir="0" index="7" bw="16" slack="0"/>
<pin id="370" dir="0" index="8" bw="16" slack="0"/>
<pin id="371" dir="0" index="9" bw="128" slack="2"/>
<pin id="372" dir="1" index="10" bw="0" slack="2147483647"/>
</pin_list>
<bind>
<opcode="call(48) " fcode="call"/>
<opset="call_ln76/77 "/>
</bind>
</comp>

<comp id="374" class="1004" name="grp_arith_encode_Pipeline_VITIS_LOOP_89_2_fu_374">
<pin_list>
<pin id="375" dir="0" index="0" bw="0" slack="0"/>
<pin id="376" dir="0" index="1" bw="128" slack="0"/>
<pin id="377" dir="0" index="2" bw="32" slack="0"/>
<pin id="378" dir="0" index="3" bw="3" slack="0"/>
<pin id="379" dir="0" index="4" bw="32" slack="0"/>
<pin id="380" dir="0" index="5" bw="64" slack="74"/>
<pin id="381" dir="0" index="6" bw="8" slack="0"/>
<pin id="382" dir="0" index="7" bw="8" slack="0"/>
<pin id="383" dir="0" index="8" bw="8" slack="0"/>
<pin id="384" dir="0" index="9" bw="8" slack="0"/>
<pin id="385" dir="0" index="10" bw="8" slack="0"/>
<pin id="386" dir="0" index="11" bw="8" slack="0"/>
<pin id="387" dir="0" index="12" bw="8" slack="0"/>
<pin id="388" dir="0" index="13" bw="8" slack="0"/>
<pin id="389" dir="1" index="14" bw="0" slack="2147483647"/>
</pin_list>
<bind>
<opcode="call(48) " fcode="call"/>
<opset="call_ln89/149 "/>
</bind>
</comp>

<comp id="400" class="1004" name="grp_load_fu_400">
<pin_list>
<pin id="401" dir="0" index="0" bw="32" slack="73"/>
<pin id="402" dir="1" index="1" bw="32" slack="0"/>
</pin_list>
<bind>
<opcode="load(27) " fcode="load"/>
<opset="oi_load/149 oi_load_1/149 "/>
</bind>
</comp>

<comp id="404" class="1004" name="add_ln61_fu_404">
<pin_list>
<pin id="405" dir="0" index="0" bw="32" slack="0"/>
<pin id="406" dir="0" index="1" bw="4" slack="0"/>
<pin id="407" dir="1" index="2" bw="32" slack="0"/>
</pin_list>
<bind>
<opcode="add(8) " fcode="add"/>
<opset="add_ln61/1 "/>
</bind>
</comp>

<comp id="410" class="1004" name="tmp_fu_410">
<pin_list>
<pin id="411" dir="0" index="0" bw="1" slack="0"/>
<pin id="412" dir="0" index="1" bw="32" slack="0"/>
<pin id="413" dir="0" index="2" bw="6" slack="0"/>
<pin id="414" dir="1" index="3" bw="1" slack="0"/>
</pin_list>
<bind>
<opcode="bitselect(1000) " fcode="bitselect"/>
<opset="tmp/1 "/>
</bind>
</comp>

<comp id="418" class="1004" name="sub_ln61_fu_418">
<pin_list>
<pin id="419" dir="0" index="0" bw="4" slack="0"/>
<pin id="420" dir="0" index="1" bw="32" slack="0"/>
<pin id="421" dir="1" index="2" bw="32" slack="0"/>
</pin_list>
<bind>
<opcode="sub(10) " fcode="sub"/>
<opset="sub_ln61/1 "/>
</bind>
</comp>

<comp id="424" class="1004" name="tmp_s_fu_424">
<pin_list>
<pin id="425" dir="0" index="0" bw="29" slack="0"/>
<pin id="426" dir="0" index="1" bw="32" slack="0"/>
<pin id="427" dir="0" index="2" bw="3" slack="0"/>
<pin id="428" dir="0" index="3" bw="6" slack="0"/>
<pin id="429" dir="1" index="4" bw="29" slack="0"/>
</pin_list>
<bind>
<opcode="partselect(1002) " fcode="partselect"/>
<opset="tmp_s/1 "/>
</bind>
</comp>

<comp id="434" class="1004" name="zext_ln61_fu_434">
<pin_list>
<pin id="435" dir="0" index="0" bw="29" slack="0"/>
<pin id="436" dir="1" index="1" bw="30" slack="0"/>
</pin_list>
<bind>
<opcode="zext(34) " fcode="zext"/>
<opset="zext_ln61/1 "/>
</bind>
</comp>

<comp id="438" class="1004" name="sub_ln61_1_fu_438">
<pin_list>
<pin id="439" dir="0" index="0" bw="1" slack="0"/>
<pin id="440" dir="0" index="1" bw="29" slack="0"/>
<pin id="441" dir="1" index="2" bw="30" slack="0"/>
</pin_list>
<bind>
<opcode="sub(10) " fcode="sub"/>
<opset="sub_ln61_1/1 "/>
</bind>
</comp>

<comp id="444" class="1004" name="tmp_1_fu_444">
<pin_list>
<pin id="445" dir="0" index="0" bw="29" slack="0"/>
<pin id="446" dir="0" index="1" bw="32" slack="0"/>
<pin id="447" dir="0" index="2" bw="3" slack="0"/>
<pin id="448" dir="0" index="3" bw="6" slack="0"/>
<pin id="449" dir="1" index="4" bw="29" slack="0"/>
</pin_list>
<bind>
<opcode="partselect(1002) " fcode="partselect"/>
<opset="tmp_1/1 "/>
</bind>
</comp>

<comp id="454" class="1004" name="zext_ln61_1_fu_454">
<pin_list>
<pin id="455" dir="0" index="0" bw="29" slack="0"/>
<pin id="456" dir="1" index="1" bw="30" slack="0"/>
</pin_list>
<bind>
<opcode="zext(34) " fcode="zext"/>
<opset="zext_ln61_1/1 "/>
</bind>
</comp>

<comp id="458" class="1004" name="chunk_fu_458">
<pin_list>
<pin id="459" dir="0" index="0" bw="1" slack="0"/>
<pin id="460" dir="0" index="1" bw="30" slack="0"/>
<pin id="461" dir="0" index="2" bw="30" slack="0"/>
<pin id="462" dir="1" index="3" bw="30" slack="0"/>
</pin_list>
<bind>
<opcode="select(49) " fcode="select"/>
<opset="chunk/1 "/>
</bind>
</comp>

<comp id="466" class="1004" name="sext_ln61_fu_466">
<pin_list>
<pin id="467" dir="0" index="0" bw="30" slack="0"/>
<pin id="468" dir="1" index="1" bw="32" slack="2"/>
</pin_list>
<bind>
<opcode="sext(35) " fcode="sext"/>
<opset="sext_ln61/1 "/>
</bind>
</comp>

<comp id="470" class="1004" name="sext_ln63_fu_470">
<pin_list>
<pin id="471" dir="0" index="0" bw="30" slack="0"/>
<pin id="472" dir="1" index="1" bw="34" slack="2"/>
</pin_list>
<bind>
<opcode="sext(35) " fcode="sext"/>
<opset="sext_ln63/1 "/>
</bind>
</comp>

<comp id="474" class="1004" name="sext_ln63_3_fu_474">
<pin_list>
<pin id="475" dir="0" index="0" bw="30" slack="0"/>
<pin id="476" dir="1" index="1" bw="33" slack="1"/>
</pin_list>
<bind>
<opcode="sext(35) " fcode="sext"/>
<opset="sext_ln63_3/1 "/>
</bind>
</comp>

<comp id="478" class="1004" name="sext_ln63_1_fu_478">
<pin_list>
<pin id="479" dir="0" index="0" bw="32" slack="0"/>
<pin id="480" dir="1" index="1" bw="34" slack="2"/>
</pin_list>
<bind>
<opcode="sext(35) " fcode="sext"/>
<opset="sext_ln63_1/1 "/>
</bind>
</comp>

<comp id="482" class="1004" name="store_ln63_store_fu_482">
<pin_list>
<pin id="483" dir="0" index="0" bw="1" slack="0"/>
<pin id="484" dir="0" index="1" bw="4" slack="0"/>
<pin id="485" dir="1" index="2" bw="0" slack="2147483647"/>
</pin_list>
<bind>
<opcode="store(28) " fcode="store"/>
<opset="store_ln63/1 "/>
</bind>
</comp>

<comp id="487" class="1004" name="c_3_load_fu_487">
<pin_list>
<pin id="488" dir="0" index="0" bw="4" slack="1"/>
<pin id="489" dir="1" index="1" bw="4" slack="0"/>
</pin_list>
<bind>
<opcode="load(27) " fcode="load"/>
<opset="c_3/2 "/>
</bind>
</comp>

<comp id="490" class="1004" name="icmp_ln63_fu_490">
<pin_list>
<pin id="491" dir="0" index="0" bw="4" slack="0"/>
<pin id="492" dir="0" index="1" bw="4" slack="0"/>
<pin id="493" dir="1" index="2" bw="1" slack="2147483647"/>
</pin_list>
<bind>
<opcode="icmp(45) " fcode="icmp"/>
<opset="icmp_ln63/2 "/>
</bind>
</comp>

<comp id="496" class="1004" name="add_ln63_1_fu_496">
<pin_list>
<pin id="497" dir="0" index="0" bw="4" slack="0"/>
<pin id="498" dir="0" index="1" bw="1" slack="0"/>
<pin id="499" dir="1" index="2" bw="4" slack="74"/>
</pin_list>
<bind>
<opcode="add(8) " fcode="add"/>
<opset="add_ln63_1/2 "/>
</bind>
</comp>

<comp id="502" class="1004" name="zext_ln63_fu_502">
<pin_list>
<pin id="503" dir="0" index="0" bw="4" slack="0"/>
<pin id="504" dir="1" index="1" bw="33" slack="0"/>
</pin_list>
<bind>
<opcode="zext(34) " fcode="zext"/>
<opset="zext_ln63/2 "/>
</bind>
</comp>

<comp id="506" class="1004" name="trunc_ln63_fu_506">
<pin_list>
<pin id="507" dir="0" index="0" bw="4" slack="0"/>
<pin id="508" dir="1" index="1" bw="3" slack="73"/>
</pin_list>
<bind>
<opcode="trunc(33) " fcode="trunc"/>
<opset="trunc_ln63/2 "/>
</bind>
</comp>

<comp id="510" class="1004" name="mul_ln63_fu_510">
<pin_list>
<pin id="511" dir="0" index="0" bw="4" slack="0"/>
<pin id="512" dir="0" index="1" bw="30" slack="1"/>
<pin id="513" dir="1" index="2" bw="33" slack="1"/>
</pin_list>
<bind>
<opcode="mul(12) " fcode="mul"/>
<opset="mul_ln63/2 "/>
</bind>
</comp>

<comp id="515" class="1004" name="p_load43_load_fu_515">
<pin_list>
<pin id="516" dir="0" index="0" bw="32" slack="1"/>
<pin id="517" dir="1" index="1" bw="32" slack="0"/>
</pin_list>
<bind>
<opcode="load(27) " fcode="load"/>
<opset="p_load43/2 "/>
</bind>
</comp>

<comp id="518" class="1004" name="p_load42_load_fu_518">
<pin_list>
<pin id="519" dir="0" index="0" bw="32" slack="1"/>
<pin id="520" dir="1" index="1" bw="32" slack="0"/>
</pin_list>
<bind>
<opcode="load(27) " fcode="load"/>
<opset="p_load42/2 "/>
</bind>
</comp>

<comp id="521" class="1004" name="p_load41_load_fu_521">
<pin_list>
<pin id="522" dir="0" index="0" bw="32" slack="1"/>
<pin id="523" dir="1" index="1" bw="32" slack="0"/>
</pin_list>
<bind>
<opcode="load(27) " fcode="load"/>
<opset="p_load41/2 "/>
</bind>
</comp>

<comp id="524" class="1004" name="p_load40_load_fu_524">
<pin_list>
<pin id="525" dir="0" index="0" bw="32" slack="1"/>
<pin id="526" dir="1" index="1" bw="32" slack="0"/>
</pin_list>
<bind>
<opcode="load(27) " fcode="load"/>
<opset="p_load40/2 "/>
</bind>
</comp>

<comp id="527" class="1004" name="p_load39_load_fu_527">
<pin_list>
<pin id="528" dir="0" index="0" bw="32" slack="1"/>
<pin id="529" dir="1" index="1" bw="32" slack="0"/>
</pin_list>
<bind>
<opcode="load(27) " fcode="load"/>
<opset="p_load39/2 "/>
</bind>
</comp>

<comp id="530" class="1004" name="p_load38_load_fu_530">
<pin_list>
<pin id="531" dir="0" index="0" bw="32" slack="1"/>
<pin id="532" dir="1" index="1" bw="32" slack="0"/>
</pin_list>
<bind>
<opcode="load(27) " fcode="load"/>
<opset="p_load38/2 "/>
</bind>
</comp>

<comp id="533" class="1004" name="p_load37_load_fu_533">
<pin_list>
<pin id="534" dir="0" index="0" bw="32" slack="1"/>
<pin id="535" dir="1" index="1" bw="32" slack="0"/>
</pin_list>
<bind>
<opcode="load(27) " fcode="load"/>
<opset="p_load37/2 "/>
</bind>
</comp>

<comp id="536" class="1004" name="p_load_load_fu_536">
<pin_list>
<pin id="537" dir="0" index="0" bw="32" slack="1"/>
<pin id="538" dir="1" index="1" bw="32" slack="0"/>
</pin_list>
<bind>
<opcode="load(27) " fcode="load"/>
<opset="p_load/2 "/>
</bind>
</comp>

<comp id="539" class="1004" name="len_fu_539">
<pin_list>
<pin id="540" dir="0" index="0" bw="32" slack="0"/>
<pin id="541" dir="0" index="1" bw="32" slack="0"/>
<pin id="542" dir="1" index="2" bw="32" slack="0"/>
</pin_list>
<bind>
<opcode="xor(25) " fcode="xor"/>
<opset="len/2 "/>
</bind>
</comp>

<comp id="546" class="1004" name="len_10_fu_546">
<pin_list>
<pin id="547" dir="0" index="0" bw="32" slack="0"/>
<pin id="548" dir="0" index="1" bw="32" slack="0"/>
<pin id="549" dir="1" index="2" bw="32" slack="0"/>
</pin_list>
<bind>
<opcode="xor(25) " fcode="xor"/>
<opset="len_10/2 "/>
</bind>
</comp>

<comp id="553" class="1004" name="len_11_fu_553">
<pin_list>
<pin id="554" dir="0" index="0" bw="32" slack="0"/>
<pin id="555" dir="0" index="1" bw="32" slack="0"/>
<pin id="556" dir="1" index="2" bw="32" slack="0"/>
</pin_list>
<bind>
<opcode="xor(25) " fcode="xor"/>
<opset="len_11/2 "/>
</bind>
</comp>

<comp id="560" class="1004" name="len_12_fu_560">
<pin_list>
<pin id="561" dir="0" index="0" bw="32" slack="0"/>
<pin id="562" dir="0" index="1" bw="32" slack="0"/>
<pin id="563" dir="1" index="2" bw="32" slack="0"/>
</pin_list>
<bind>
<opcode="xor(25) " fcode="xor"/>
<opset="len_12/2 "/>
</bind>
</comp>

<comp id="567" class="1004" name="len_13_fu_567">
<pin_list>
<pin id="568" dir="0" index="0" bw="32" slack="0"/>
<pin id="569" dir="0" index="1" bw="32" slack="0"/>
<pin id="570" dir="1" index="2" bw="32" slack="0"/>
</pin_list>
<bind>
<opcode="xor(25) " fcode="xor"/>
<opset="len_13/2 "/>
</bind>
</comp>

<comp id="574" class="1004" name="len_14_fu_574">
<pin_list>
<pin id="575" dir="0" index="0" bw="32" slack="0"/>
<pin id="576" dir="0" index="1" bw="32" slack="0"/>
<pin id="577" dir="1" index="2" bw="32" slack="0"/>
</pin_list>
<bind>
<opcode="xor(25) " fcode="xor"/>
<opset="len_14/2 "/>
</bind>
</comp>

<comp id="581" class="1004" name="len_15_fu_581">
<pin_list>
<pin id="582" dir="0" index="0" bw="32" slack="0"/>
<pin id="583" dir="0" index="1" bw="32" slack="0"/>
<pin id="584" dir="1" index="2" bw="32" slack="0"/>
</pin_list>
<bind>
<opcode="xor(25) " fcode="xor"/>
<opset="len_15/2 "/>
</bind>
</comp>

<comp id="588" class="1004" name="len_16_fu_588">
<pin_list>
<pin id="589" dir="0" index="0" bw="32" slack="0"/>
<pin id="590" dir="0" index="1" bw="32" slack="0"/>
<pin id="591" dir="1" index="2" bw="32" slack="0"/>
</pin_list>
<bind>
<opcode="xor(25) " fcode="xor"/>
<opset="len_16/2 "/>
</bind>
</comp>

<comp id="595" class="1004" name="store_ln88_store_fu_595">
<pin_list>
<pin id="596" dir="0" index="0" bw="1" slack="0"/>
<pin id="597" dir="0" index="1" bw="4" slack="0"/>
<pin id="598" dir="1" index="2" bw="0" slack="2147483647"/>
</pin_list>
<bind>
<opcode="store(28) " fcode="store"/>
<opset="store_ln88/2 "/>
</bind>
</comp>

<comp id="600" class="1004" name="store_ln81_store_fu_600">
<pin_list>
<pin id="601" dir="0" index="0" bw="6" slack="0"/>
<pin id="602" dir="0" index="1" bw="32" slack="0"/>
<pin id="603" dir="1" index="2" bw="0" slack="2147483647"/>
</pin_list>
<bind>
<opcode="store(28) " fcode="store"/>
<opset="store_ln81/2 "/>
</bind>
</comp>

<comp id="605" class="1004" name="sext_ln63_4_fu_605">
<pin_list>
<pin id="606" dir="0" index="0" bw="33" slack="1"/>
<pin id="607" dir="1" index="1" bw="34" slack="0"/>
</pin_list>
<bind>
<opcode="sext(35) " fcode="sext"/>
<opset="sext_ln63_4/3 "/>
</bind>
</comp>

<comp id="608" class="1004" name="sext_ln63_2_fu_608">
<pin_list>
<pin id="609" dir="0" index="0" bw="33" slack="1"/>
<pin id="610" dir="1" index="1" bw="64" slack="0"/>
</pin_list>
<bind>
<opcode="sext(35) " fcode="sext"/>
<opset="sext_ln63_2/3 "/>
</bind>
</comp>

<comp id="611" class="1004" name="add_ln63_fu_611">
<pin_list>
<pin id="612" dir="0" index="0" bw="33" slack="0"/>
<pin id="613" dir="0" index="1" bw="64" slack="2"/>
<pin id="614" dir="1" index="2" bw="64" slack="1"/>
</pin_list>
<bind>
<opcode="add(8) " fcode="add"/>
<opset="add_ln63/3 "/>
</bind>
</comp>

<comp id="616" class="1004" name="sub_ln65_fu_616">
<pin_list>
<pin id="617" dir="0" index="0" bw="32" slack="2"/>
<pin id="618" dir="0" index="1" bw="33" slack="0"/>
<pin id="619" dir="1" index="2" bw="34" slack="0"/>
</pin_list>
<bind>
<opcode="sub(10) " fcode="sub"/>
<opset="sub_ln65/3 "/>
</bind>
</comp>

<comp id="621" class="1004" name="icmp_ln65_fu_621">
<pin_list>
<pin id="622" dir="0" index="0" bw="34" slack="0"/>
<pin id="623" dir="0" index="1" bw="34" slack="2"/>
<pin id="624" dir="1" index="2" bw="1" slack="0"/>
</pin_list>
<bind>
<opcode="icmp(45) " fcode="icmp"/>
<opset="icmp_ln65/3 "/>
</bind>
</comp>

<comp id="626" class="1004" name="trunc_ln65_fu_626">
<pin_list>
<pin id="627" dir="0" index="0" bw="34" slack="0"/>
<pin id="628" dir="1" index="1" bw="32" slack="0"/>
</pin_list>
<bind>
<opcode="trunc(33) " fcode="trunc"/>
<opset="trunc_ln65/3 "/>
</bind>
</comp>

<comp id="630" class="1004" name="len_8_fu_630">
<pin_list>
<pin id="631" dir="0" index="0" bw="1" slack="0"/>
<pin id="632" dir="0" index="1" bw="32" slack="2"/>
<pin id="633" dir="0" index="2" bw="32" slack="0"/>
<pin id="634" dir="1" index="3" bw="32" slack="0"/>
</pin_list>
<bind>
<opcode="select(49) " fcode="select"/>
<opset="len_8/3 "/>
</bind>
</comp>

<comp id="637" class="1004" name="trunc_ln65_1_fu_637">
<pin_list>
<pin id="638" dir="0" index="0" bw="32" slack="0"/>
<pin id="639" dir="1" index="1" bw="31" slack="0"/>
</pin_list>
<bind>
<opcode="trunc(33) " fcode="trunc"/>
<opset="trunc_ln65_1/3 "/>
</bind>
</comp>

<comp id="641" class="1004" name="tmp_16_fu_641">
<pin_list>
<pin id="642" dir="0" index="0" bw="1" slack="0"/>
<pin id="643" dir="0" index="1" bw="32" slack="0"/>
<pin id="644" dir="0" index="2" bw="6" slack="0"/>
<pin id="645" dir="1" index="3" bw="1" slack="0"/>
</pin_list>
<bind>
<opcode="bitselect(1000) " fcode="bitselect"/>
<opset="tmp_16/3 "/>
</bind>
</comp>

<comp id="649" class="1004" name="len_9_fu_649">
<pin_list>
<pin id="650" dir="0" index="0" bw="1" slack="0"/>
<pin id="651" dir="0" index="1" bw="31" slack="0"/>
<pin id="652" dir="0" index="2" bw="31" slack="0"/>
<pin id="653" dir="1" index="3" bw="31" slack="1"/>
</pin_list>
<bind>
<opcode="select(49) " fcode="select"/>
<opset="len_9/3 "/>
</bind>
</comp>

<comp id="657" class="1004" name="empty_59_fu_657">
<pin_list>
<pin id="658" dir="0" index="0" bw="32" slack="0"/>
<pin id="659" dir="0" index="1" bw="32" slack="0"/>
<pin id="660" dir="1" index="2" bw="1" slack="1"/>
</pin_list>
<bind>
<opcode="icmp(45) " fcode="icmp"/>
<opset="empty_59/3 "/>
</bind>
</comp>

<comp id="663" class="1004" name="gmem0_addr_fu_663">
<pin_list>
<pin id="664" dir="0" index="0" bw="64" slack="0"/>
<pin id="665" dir="0" index="1" bw="64" slack="1"/>
<pin id="666" dir="1" index="2" bw="64" slack="0"/>
</pin_list>
<bind>
<opcode="getelementptr(29) " fcode="getelementptr"/>
<opset="gmem0_addr/4 "/>
</bind>
</comp>

<comp id="669" class="1004" name="zext_ln66_fu_669">
<pin_list>
<pin id="670" dir="0" index="0" bw="31" slack="1"/>
<pin id="671" dir="1" index="1" bw="64" slack="0"/>
</pin_list>
<bind>
<opcode="zext(34) " fcode="zext"/>
<opset="zext_ln66/4 "/>
</bind>
</comp>

<comp id="673" class="1004" name="smax_fu_673">
<pin_list>
<pin id="674" dir="0" index="0" bw="1" slack="1"/>
<pin id="675" dir="0" index="1" bw="31" slack="1"/>
<pin id="676" dir="0" index="2" bw="31" slack="0"/>
<pin id="677" dir="1" index="3" bw="31" slack="71"/>
</pin_list>
<bind>
<opcode="select(49) " fcode="select"/>
<opset="smax/4 "/>
</bind>
</comp>

<comp id="679" class="1004" name="zext_ln65_fu_679">
<pin_list>
<pin id="680" dir="0" index="0" bw="31" slack="73"/>
<pin id="681" dir="1" index="1" bw="32" slack="0"/>
</pin_list>
<bind>
<opcode="zext(34) " fcode="zext"/>
<opset="zext_ln65/76 "/>
</bind>
</comp>

<comp id="682" class="1004" name="clen_8_fu_682">
<pin_list>
<pin id="683" dir="0" index="0" bw="32" slack="0"/>
<pin id="684" dir="0" index="1" bw="32" slack="0"/>
<pin id="685" dir="1" index="2" bw="32" slack="0"/>
</pin_list>
<bind>
<opcode="xor(25) " fcode="xor"/>
<opset="clen_8/76 "/>
</bind>
</comp>

<comp id="688" class="1004" name="switch_ln67_fu_688">
<pin_list>
<pin id="689" dir="0" index="0" bw="3" slack="74"/>
<pin id="690" dir="0" index="1" bw="1" slack="0"/>
<pin id="691" dir="0" index="2" bw="1" slack="0"/>
<pin id="692" dir="0" index="3" bw="3" slack="0"/>
<pin id="693" dir="0" index="4" bw="3" slack="0"/>
<pin id="694" dir="0" index="5" bw="3" slack="0"/>
<pin id="695" dir="0" index="6" bw="3" slack="0"/>
<pin id="696" dir="0" index="7" bw="2" slack="0"/>
<pin id="697" dir="1" index="8" bw="0" slack="2147483647"/>
</pin_list>
<bind>
<opcode="switch(3) " fcode="switch"/>
<opset="switch_ln67/76 "/>
</bind>
</comp>

<comp id="705" class="1004" name="store_ln67_store_fu_705">
<pin_list>
<pin id="706" dir="0" index="0" bw="32" slack="0"/>
<pin id="707" dir="0" index="1" bw="32" slack="75"/>
<pin id="708" dir="1" index="2" bw="0" slack="2147483647"/>
</pin_list>
<bind>
<opcode="store(28) " fcode="store"/>
<opset="store_ln67/76 "/>
</bind>
</comp>

<comp id="710" class="1004" name="store_ln67_store_fu_710">
<pin_list>
<pin id="711" dir="0" index="0" bw="32" slack="0"/>
<pin id="712" dir="0" index="1" bw="32" slack="75"/>
<pin id="713" dir="1" index="2" bw="0" slack="2147483647"/>
</pin_list>
<bind>
<opcode="store(28) " fcode="store"/>
<opset="store_ln67/76 "/>
</bind>
</comp>

<comp id="715" class="1004" name="store_ln67_store_fu_715">
<pin_list>
<pin id="716" dir="0" index="0" bw="32" slack="0"/>
<pin id="717" dir="0" index="1" bw="32" slack="75"/>
<pin id="718" dir="1" index="2" bw="0" slack="2147483647"/>
</pin_list>
<bind>
<opcode="store(28) " fcode="store"/>
<opset="store_ln67/76 "/>
</bind>
</comp>

<comp id="720" class="1004" name="store_ln67_store_fu_720">
<pin_list>
<pin id="721" dir="0" index="0" bw="32" slack="0"/>
<pin id="722" dir="0" index="1" bw="32" slack="75"/>
<pin id="723" dir="1" index="2" bw="0" slack="2147483647"/>
</pin_list>
<bind>
<opcode="store(28) " fcode="store"/>
<opset="store_ln67/76 "/>
</bind>
</comp>

<comp id="725" class="1004" name="store_ln67_store_fu_725">
<pin_list>
<pin id="726" dir="0" index="0" bw="32" slack="0"/>
<pin id="727" dir="0" index="1" bw="32" slack="75"/>
<pin id="728" dir="1" index="2" bw="0" slack="2147483647"/>
</pin_list>
<bind>
<opcode="store(28) " fcode="store"/>
<opset="store_ln67/76 "/>
</bind>
</comp>

<comp id="730" class="1004" name="store_ln67_store_fu_730">
<pin_list>
<pin id="731" dir="0" index="0" bw="32" slack="0"/>
<pin id="732" dir="0" index="1" bw="32" slack="75"/>
<pin id="733" dir="1" index="2" bw="0" slack="2147483647"/>
</pin_list>
<bind>
<opcode="store(28) " fcode="store"/>
<opset="store_ln67/76 "/>
</bind>
</comp>

<comp id="735" class="1004" name="store_ln67_store_fu_735">
<pin_list>
<pin id="736" dir="0" index="0" bw="32" slack="0"/>
<pin id="737" dir="0" index="1" bw="32" slack="75"/>
<pin id="738" dir="1" index="2" bw="0" slack="2147483647"/>
</pin_list>
<bind>
<opcode="store(28) " fcode="store"/>
<opset="store_ln67/76 "/>
</bind>
</comp>

<comp id="740" class="1004" name="store_ln67_store_fu_740">
<pin_list>
<pin id="741" dir="0" index="0" bw="32" slack="0"/>
<pin id="742" dir="0" index="1" bw="32" slack="75"/>
<pin id="743" dir="1" index="2" bw="0" slack="2147483647"/>
</pin_list>
<bind>
<opcode="store(28) " fcode="store"/>
<opset="store_ln67/76 "/>
</bind>
</comp>

<comp id="745" class="1004" name="store_ln63_store_fu_745">
<pin_list>
<pin id="746" dir="0" index="0" bw="4" slack="74"/>
<pin id="747" dir="0" index="1" bw="4" slack="75"/>
<pin id="748" dir="1" index="2" bw="0" slack="2147483647"/>
</pin_list>
<bind>
<opcode="store(28) " fcode="store"/>
<opset="store_ln63/76 "/>
</bind>
</comp>

<comp id="749" class="1004" name="trunc_ln76_fu_749">
<pin_list>
<pin id="750" dir="0" index="0" bw="32" slack="0"/>
<pin id="751" dir="1" index="1" bw="16" slack="0"/>
</pin_list>
<bind>
<opcode="trunc(33) " fcode="trunc"/>
<opset="trunc_ln76/77 "/>
</bind>
</comp>

<comp id="754" class="1004" name="trunc_ln76_1_fu_754">
<pin_list>
<pin id="755" dir="0" index="0" bw="32" slack="0"/>
<pin id="756" dir="1" index="1" bw="16" slack="0"/>
</pin_list>
<bind>
<opcode="trunc(33) " fcode="trunc"/>
<opset="trunc_ln76_1/77 "/>
</bind>
</comp>

<comp id="759" class="1004" name="trunc_ln76_2_fu_759">
<pin_list>
<pin id="760" dir="0" index="0" bw="32" slack="0"/>
<pin id="761" dir="1" index="1" bw="16" slack="0"/>
</pin_list>
<bind>
<opcode="trunc(33) " fcode="trunc"/>
<opset="trunc_ln76_2/77 "/>
</bind>
</comp>

<comp id="764" class="1004" name="trunc_ln76_3_fu_764">
<pin_list>
<pin id="765" dir="0" index="0" bw="32" slack="0"/>
<pin id="766" dir="1" index="1" bw="16" slack="0"/>
</pin_list>
<bind>
<opcode="trunc(33) " fcode="trunc"/>
<opset="trunc_ln76_3/77 "/>
</bind>
</comp>

<comp id="769" class="1004" name="trunc_ln76_4_fu_769">
<pin_list>
<pin id="770" dir="0" index="0" bw="32" slack="0"/>
<pin id="771" dir="1" index="1" bw="16" slack="0"/>
</pin_list>
<bind>
<opcode="trunc(33) " fcode="trunc"/>
<opset="trunc_ln76_4/77 "/>
</bind>
</comp>

<comp id="774" class="1004" name="trunc_ln76_5_fu_774">
<pin_list>
<pin id="775" dir="0" index="0" bw="32" slack="0"/>
<pin id="776" dir="1" index="1" bw="16" slack="0"/>
</pin_list>
<bind>
<opcode="trunc(33) " fcode="trunc"/>
<opset="trunc_ln76_5/77 "/>
</bind>
</comp>

<comp id="779" class="1004" name="trunc_ln76_6_fu_779">
<pin_list>
<pin id="780" dir="0" index="0" bw="32" slack="0"/>
<pin id="781" dir="1" index="1" bw="16" slack="0"/>
</pin_list>
<bind>
<opcode="trunc(33) " fcode="trunc"/>
<opset="trunc_ln76_6/77 "/>
</bind>
</comp>

<comp id="784" class="1004" name="trunc_ln56_fu_784">
<pin_list>
<pin id="785" dir="0" index="0" bw="32" slack="0"/>
<pin id="786" dir="1" index="1" bw="16" slack="0"/>
</pin_list>
<bind>
<opcode="trunc(33) " fcode="trunc"/>
<opset="trunc_ln56/77 "/>
</bind>
</comp>

<comp id="789" class="1004" name="trunc_ln7_fu_789">
<pin_list>
<pin id="790" dir="0" index="0" bw="60" slack="0"/>
<pin id="791" dir="0" index="1" bw="64" slack="4"/>
<pin id="792" dir="0" index="2" bw="4" slack="0"/>
<pin id="793" dir="0" index="3" bw="7" slack="0"/>
<pin id="794" dir="1" index="4" bw="60" slack="0"/>
</pin_list>
<bind>
<opcode="partselect(1002) " fcode="partselect"/>
<opset="trunc_ln7/79 "/>
</bind>
</comp>

<comp id="798" class="1004" name="sext_ln88_fu_798">
<pin_list>
<pin id="799" dir="0" index="0" bw="60" slack="0"/>
<pin id="800" dir="1" index="1" bw="64" slack="0"/>
</pin_list>
<bind>
<opcode="sext(35) " fcode="sext"/>
<opset="sext_ln88/79 "/>
</bind>
</comp>

<comp id="802" class="1004" name="gmem1_addr_fu_802">
<pin_list>
<pin id="803" dir="0" index="0" bw="64" slack="0"/>
<pin id="804" dir="0" index="1" bw="64" slack="0"/>
<pin id="805" dir="1" index="2" bw="64" slack="0"/>
</pin_list>
<bind>
<opcode="getelementptr(29) " fcode="getelementptr"/>
<opset="gmem1_addr/79 "/>
</bind>
</comp>

<comp id="809" class="1004" name="shiftreg_loc_load_load_fu_809">
<pin_list>
<pin id="810" dir="0" index="0" bw="128" slack="5"/>
<pin id="811" dir="1" index="1" bw="128" slack="0"/>
</pin_list>
<bind>
<opcode="load(27) " fcode="load"/>
<opset="shiftreg_loc_load/80 "/>
</bind>
</comp>

<comp id="813" class="1004" name="c_4_load_fu_813">
<pin_list>
<pin id="814" dir="0" index="0" bw="4" slack="73"/>
<pin id="815" dir="1" index="1" bw="4" slack="0"/>
</pin_list>
<bind>
<opcode="load(27) " fcode="load"/>
<opset="c_4/149 "/>
</bind>
</comp>

<comp id="816" class="1004" name="icmp_ln88_fu_816">
<pin_list>
<pin id="817" dir="0" index="0" bw="4" slack="0"/>
<pin id="818" dir="0" index="1" bw="4" slack="0"/>
<pin id="819" dir="1" index="2" bw="1" slack="2147483647"/>
</pin_list>
<bind>
<opcode="icmp(45) " fcode="icmp"/>
<opset="icmp_ln88/149 "/>
</bind>
</comp>

<comp id="822" class="1004" name="add_ln88_fu_822">
<pin_list>
<pin id="823" dir="0" index="0" bw="4" slack="0"/>
<pin id="824" dir="0" index="1" bw="1" slack="0"/>
<pin id="825" dir="1" index="2" bw="4" slack="0"/>
</pin_list>
<bind>
<opcode="add(8) " fcode="add"/>
<opset="add_ln88/149 "/>
</bind>
</comp>

<comp id="828" class="1004" name="trunc_ln88_fu_828">
<pin_list>
<pin id="829" dir="0" index="0" bw="4" slack="0"/>
<pin id="830" dir="1" index="1" bw="3" slack="0"/>
</pin_list>
<bind>
<opcode="trunc(33) " fcode="trunc"/>
<opset="trunc_ln88/149 "/>
</bind>
</comp>

<comp id="833" class="1004" name="tmp_9_fu_833">
<pin_list>
<pin id="834" dir="0" index="0" bw="32" slack="0"/>
<pin id="835" dir="0" index="1" bw="3" slack="0"/>
<pin id="836" dir="0" index="2" bw="32" slack="72"/>
<pin id="837" dir="0" index="3" bw="3" slack="0"/>
<pin id="838" dir="0" index="4" bw="32" slack="72"/>
<pin id="839" dir="0" index="5" bw="3" slack="0"/>
<pin id="840" dir="0" index="6" bw="32" slack="72"/>
<pin id="841" dir="0" index="7" bw="3" slack="0"/>
<pin id="842" dir="0" index="8" bw="32" slack="72"/>
<pin id="843" dir="0" index="9" bw="3" slack="0"/>
<pin id="844" dir="0" index="10" bw="32" slack="72"/>
<pin id="845" dir="0" index="11" bw="3" slack="0"/>
<pin id="846" dir="0" index="12" bw="32" slack="72"/>
<pin id="847" dir="0" index="13" bw="3" slack="0"/>
<pin id="848" dir="0" index="14" bw="32" slack="72"/>
<pin id="849" dir="0" index="15" bw="3" slack="0"/>
<pin id="850" dir="0" index="16" bw="32" slack="72"/>
<pin id="851" dir="0" index="17" bw="32" slack="0"/>
<pin id="852" dir="0" index="18" bw="3" slack="0"/>
<pin id="853" dir="1" index="19" bw="32" slack="0"/>
</pin_list>
<bind>
<opcode="sparsemux(1197) " fcode="sparsemux"/>
<opset="tmp_9/149 "/>
</bind>
</comp>

<comp id="866" class="1004" name="icmp_ln89_fu_866">
<pin_list>
<pin id="867" dir="0" index="0" bw="32" slack="0"/>
<pin id="868" dir="0" index="1" bw="32" slack="0"/>
<pin id="869" dir="1" index="2" bw="1" slack="0"/>
</pin_list>
<bind>
<opcode="icmp(45) " fcode="icmp"/>
<opset="icmp_ln89/149 "/>
</bind>
</comp>

<comp id="872" class="1004" name="oi_6_fu_872">
<pin_list>
<pin id="873" dir="0" index="0" bw="32" slack="0"/>
<pin id="874" dir="0" index="1" bw="32" slack="0"/>
<pin id="875" dir="1" index="2" bw="32" slack="0"/>
</pin_list>
<bind>
<opcode="add(8) " fcode="add"/>
<opset="oi_6/149 "/>
</bind>
</comp>

<comp id="878" class="1004" name="select_ln88_fu_878">
<pin_list>
<pin id="879" dir="0" index="0" bw="1" slack="0"/>
<pin id="880" dir="0" index="1" bw="32" slack="0"/>
<pin id="881" dir="0" index="2" bw="32" slack="0"/>
<pin id="882" dir="1" index="3" bw="32" slack="0"/>
</pin_list>
<bind>
<opcode="select(49) " fcode="select"/>
<opset="select_ln88/149 "/>
</bind>
</comp>

<comp id="886" class="1004" name="store_ln88_store_fu_886">
<pin_list>
<pin id="887" dir="0" index="0" bw="4" slack="0"/>
<pin id="888" dir="0" index="1" bw="4" slack="73"/>
<pin id="889" dir="1" index="2" bw="0" slack="2147483647"/>
</pin_list>
<bind>
<opcode="store(28) " fcode="store"/>
<opset="store_ln88/149 "/>
</bind>
</comp>

<comp id="891" class="1004" name="store_ln81_store_fu_891">
<pin_list>
<pin id="892" dir="0" index="0" bw="32" slack="0"/>
<pin id="893" dir="0" index="1" bw="32" slack="73"/>
<pin id="894" dir="1" index="2" bw="0" slack="2147483647"/>
</pin_list>
<bind>
<opcode="store(28) " fcode="store"/>
<opset="store_ln81/149 "/>
</bind>
</comp>

<comp id="896" class="1005" name="c_reg_896">
<pin_list>
<pin id="897" dir="0" index="0" bw="4" slack="0"/>
<pin id="898" dir="1" index="1" bw="4" slack="0"/>
</pin_list>
<bind>
<opset="c "/>
</bind>
</comp>

<comp id="903" class="1005" name="empty_reg_903">
<pin_list>
<pin id="904" dir="0" index="0" bw="32" slack="1"/>
<pin id="905" dir="1" index="1" bw="32" slack="1"/>
</pin_list>
<bind>
<opset="empty "/>
</bind>
</comp>

<comp id="909" class="1005" name="empty_51_reg_909">
<pin_list>
<pin id="910" dir="0" index="0" bw="32" slack="1"/>
<pin id="911" dir="1" index="1" bw="32" slack="1"/>
</pin_list>
<bind>
<opset="empty_51 "/>
</bind>
</comp>

<comp id="915" class="1005" name="empty_52_reg_915">
<pin_list>
<pin id="916" dir="0" index="0" bw="32" slack="1"/>
<pin id="917" dir="1" index="1" bw="32" slack="1"/>
</pin_list>
<bind>
<opset="empty_52 "/>
</bind>
</comp>

<comp id="921" class="1005" name="empty_53_reg_921">
<pin_list>
<pin id="922" dir="0" index="0" bw="32" slack="1"/>
<pin id="923" dir="1" index="1" bw="32" slack="1"/>
</pin_list>
<bind>
<opset="empty_53 "/>
</bind>
</comp>

<comp id="927" class="1005" name="empty_54_reg_927">
<pin_list>
<pin id="928" dir="0" index="0" bw="32" slack="1"/>
<pin id="929" dir="1" index="1" bw="32" slack="1"/>
</pin_list>
<bind>
<opset="empty_54 "/>
</bind>
</comp>

<comp id="933" class="1005" name="empty_55_reg_933">
<pin_list>
<pin id="934" dir="0" index="0" bw="32" slack="1"/>
<pin id="935" dir="1" index="1" bw="32" slack="1"/>
</pin_list>
<bind>
<opset="empty_55 "/>
</bind>
</comp>

<comp id="939" class="1005" name="empty_56_reg_939">
<pin_list>
<pin id="940" dir="0" index="0" bw="32" slack="1"/>
<pin id="941" dir="1" index="1" bw="32" slack="1"/>
</pin_list>
<bind>
<opset="empty_56 "/>
</bind>
</comp>

<comp id="945" class="1005" name="empty_57_reg_945">
<pin_list>
<pin id="946" dir="0" index="0" bw="32" slack="1"/>
<pin id="947" dir="1" index="1" bw="32" slack="1"/>
</pin_list>
<bind>
<opset="empty_57 "/>
</bind>
</comp>

<comp id="951" class="1005" name="out_r_read_reg_951">
<pin_list>
<pin id="952" dir="0" index="0" bw="64" slack="4"/>
<pin id="953" dir="1" index="1" bw="64" slack="4"/>
</pin_list>
<bind>
<opset="out_r_read "/>
</bind>
</comp>

<comp id="957" class="1005" name="in_r_read_reg_957">
<pin_list>
<pin id="958" dir="0" index="0" bw="64" slack="2"/>
<pin id="959" dir="1" index="1" bw="64" slack="2"/>
</pin_list>
<bind>
<opset="in_r_read "/>
</bind>
</comp>

<comp id="962" class="1005" name="shiftreg_loc_reg_962">
<pin_list>
<pin id="963" dir="0" index="0" bw="128" slack="2"/>
<pin id="964" dir="1" index="1" bw="128" slack="2"/>
</pin_list>
<bind>
<opset="shiftreg_loc "/>
</bind>
</comp>

<comp id="968" class="1005" name="sext_ln61_reg_968">
<pin_list>
<pin id="969" dir="0" index="0" bw="32" slack="2"/>
<pin id="970" dir="1" index="1" bw="32" slack="2"/>
</pin_list>
<bind>
<opset="sext_ln61 "/>
</bind>
</comp>

<comp id="973" class="1005" name="sext_ln63_reg_973">
<pin_list>
<pin id="974" dir="0" index="0" bw="34" slack="2"/>
<pin id="975" dir="1" index="1" bw="34" slack="2"/>
</pin_list>
<bind>
<opset="sext_ln63 "/>
</bind>
</comp>

<comp id="978" class="1005" name="sext_ln63_3_reg_978">
<pin_list>
<pin id="979" dir="0" index="0" bw="33" slack="1"/>
<pin id="980" dir="1" index="1" bw="33" slack="1"/>
</pin_list>
<bind>
<opset="sext_ln63_3 "/>
</bind>
</comp>

<comp id="983" class="1005" name="sext_ln63_1_reg_983">
<pin_list>
<pin id="984" dir="0" index="0" bw="34" slack="2"/>
<pin id="985" dir="1" index="1" bw="34" slack="2"/>
</pin_list>
<bind>
<opset="sext_ln63_1 "/>
</bind>
</comp>

<comp id="991" class="1005" name="add_ln63_1_reg_991">
<pin_list>
<pin id="992" dir="0" index="0" bw="4" slack="74"/>
<pin id="993" dir="1" index="1" bw="4" slack="74"/>
</pin_list>
<bind>
<opset="add_ln63_1 "/>
</bind>
</comp>

<comp id="996" class="1005" name="trunc_ln63_reg_996">
<pin_list>
<pin id="997" dir="0" index="0" bw="3" slack="73"/>
<pin id="998" dir="1" index="1" bw="3" slack="73"/>
</pin_list>
<bind>
<opset="trunc_ln63 "/>
</bind>
</comp>

<comp id="1002" class="1005" name="mul_ln63_reg_1002">
<pin_list>
<pin id="1003" dir="0" index="0" bw="33" slack="1"/>
<pin id="1004" dir="1" index="1" bw="33" slack="1"/>
</pin_list>
<bind>
<opset="mul_ln63 "/>
</bind>
</comp>

<comp id="1008" class="1005" name="oi_reg_1008">
<pin_list>
<pin id="1009" dir="0" index="0" bw="32" slack="0"/>
<pin id="1010" dir="1" index="1" bw="32" slack="0"/>
</pin_list>
<bind>
<opset="oi "/>
</bind>
</comp>

<comp id="1015" class="1005" name="c_2_reg_1015">
<pin_list>
<pin id="1016" dir="0" index="0" bw="4" slack="0"/>
<pin id="1017" dir="1" index="1" bw="4" slack="0"/>
</pin_list>
<bind>
<opset="c_2 "/>
</bind>
</comp>

<comp id="1022" class="1005" name="len_reg_1022">
<pin_list>
<pin id="1023" dir="0" index="0" bw="32" slack="1"/>
<pin id="1024" dir="1" index="1" bw="32" slack="1"/>
</pin_list>
<bind>
<opset="len "/>
</bind>
</comp>

<comp id="1027" class="1005" name="len_10_reg_1027">
<pin_list>
<pin id="1028" dir="0" index="0" bw="32" slack="1"/>
<pin id="1029" dir="1" index="1" bw="32" slack="1"/>
</pin_list>
<bind>
<opset="len_10 "/>
</bind>
</comp>

<comp id="1032" class="1005" name="len_11_reg_1032">
<pin_list>
<pin id="1033" dir="0" index="0" bw="32" slack="1"/>
<pin id="1034" dir="1" index="1" bw="32" slack="1"/>
</pin_list>
<bind>
<opset="len_11 "/>
</bind>
</comp>

<comp id="1037" class="1005" name="len_12_reg_1037">
<pin_list>
<pin id="1038" dir="0" index="0" bw="32" slack="1"/>
<pin id="1039" dir="1" index="1" bw="32" slack="1"/>
</pin_list>
<bind>
<opset="len_12 "/>
</bind>
</comp>

<comp id="1042" class="1005" name="len_13_reg_1042">
<pin_list>
<pin id="1043" dir="0" index="0" bw="32" slack="1"/>
<pin id="1044" dir="1" index="1" bw="32" slack="1"/>
</pin_list>
<bind>
<opset="len_13 "/>
</bind>
</comp>

<comp id="1047" class="1005" name="len_14_reg_1047">
<pin_list>
<pin id="1048" dir="0" index="0" bw="32" slack="1"/>
<pin id="1049" dir="1" index="1" bw="32" slack="1"/>
</pin_list>
<bind>
<opset="len_14 "/>
</bind>
</comp>

<comp id="1052" class="1005" name="len_15_reg_1052">
<pin_list>
<pin id="1053" dir="0" index="0" bw="32" slack="1"/>
<pin id="1054" dir="1" index="1" bw="32" slack="1"/>
</pin_list>
<bind>
<opset="len_15 "/>
</bind>
</comp>

<comp id="1057" class="1005" name="len_16_reg_1057">
<pin_list>
<pin id="1058" dir="0" index="0" bw="32" slack="1"/>
<pin id="1059" dir="1" index="1" bw="32" slack="1"/>
</pin_list>
<bind>
<opset="len_16 "/>
</bind>
</comp>

<comp id="1062" class="1005" name="add_ln63_reg_1062">
<pin_list>
<pin id="1063" dir="0" index="0" bw="64" slack="1"/>
<pin id="1064" dir="1" index="1" bw="64" slack="1"/>
</pin_list>
<bind>
<opset="add_ln63 "/>
</bind>
</comp>

<comp id="1068" class="1005" name="trunc_ln65_1_reg_1068">
<pin_list>
<pin id="1069" dir="0" index="0" bw="31" slack="1"/>
<pin id="1070" dir="1" index="1" bw="31" slack="1"/>
</pin_list>
<bind>
<opset="trunc_ln65_1 "/>
</bind>
</comp>

<comp id="1073" class="1005" name="len_9_reg_1073">
<pin_list>
<pin id="1074" dir="0" index="0" bw="31" slack="1"/>
<pin id="1075" dir="1" index="1" bw="31" slack="1"/>
</pin_list>
<bind>
<opset="len_9 "/>
</bind>
</comp>

<comp id="1079" class="1005" name="empty_59_reg_1079">
<pin_list>
<pin id="1080" dir="0" index="0" bw="1" slack="1"/>
<pin id="1081" dir="1" index="1" bw="1" slack="1"/>
</pin_list>
<bind>
<opset="empty_59 "/>
</bind>
</comp>

<comp id="1084" class="1005" name="gmem0_addr_reg_1084">
<pin_list>
<pin id="1085" dir="0" index="0" bw="8" slack="1"/>
<pin id="1086" dir="1" index="1" bw="8" slack="1"/>
</pin_list>
<bind>
<opset="gmem0_addr "/>
</bind>
</comp>

<comp id="1089" class="1005" name="zext_ln66_reg_1089">
<pin_list>
<pin id="1090" dir="0" index="0" bw="64" slack="1"/>
<pin id="1091" dir="1" index="1" bw="64" slack="1"/>
</pin_list>
<bind>
<opset="zext_ln66 "/>
</bind>
</comp>

<comp id="1094" class="1005" name="smax_reg_1094">
<pin_list>
<pin id="1095" dir="0" index="0" bw="31" slack="71"/>
<pin id="1096" dir="1" index="1" bw="31" slack="71"/>
</pin_list>
<bind>
<opset="smax "/>
</bind>
</comp>

<comp id="1099" class="1005" name="clen_reg_1099">
<pin_list>
<pin id="1100" dir="0" index="0" bw="32" slack="72"/>
<pin id="1101" dir="1" index="1" bw="32" slack="72"/>
</pin_list>
<bind>
<opset="clen "/>
</bind>
</comp>

<comp id="1104" class="1005" name="trunc_ln76_reg_1104">
<pin_list>
<pin id="1105" dir="0" index="0" bw="16" slack="1"/>
<pin id="1106" dir="1" index="1" bw="16" slack="1"/>
</pin_list>
<bind>
<opset="trunc_ln76 "/>
</bind>
</comp>

<comp id="1109" class="1005" name="clen_1_reg_1109">
<pin_list>
<pin id="1110" dir="0" index="0" bw="32" slack="72"/>
<pin id="1111" dir="1" index="1" bw="32" slack="72"/>
</pin_list>
<bind>
<opset="clen_1 "/>
</bind>
</comp>

<comp id="1114" class="1005" name="trunc_ln76_1_reg_1114">
<pin_list>
<pin id="1115" dir="0" index="0" bw="16" slack="1"/>
<pin id="1116" dir="1" index="1" bw="16" slack="1"/>
</pin_list>
<bind>
<opset="trunc_ln76_1 "/>
</bind>
</comp>

<comp id="1119" class="1005" name="clen_2_reg_1119">
<pin_list>
<pin id="1120" dir="0" index="0" bw="32" slack="72"/>
<pin id="1121" dir="1" index="1" bw="32" slack="72"/>
</pin_list>
<bind>
<opset="clen_2 "/>
</bind>
</comp>

<comp id="1124" class="1005" name="trunc_ln76_2_reg_1124">
<pin_list>
<pin id="1125" dir="0" index="0" bw="16" slack="1"/>
<pin id="1126" dir="1" index="1" bw="16" slack="1"/>
</pin_list>
<bind>
<opset="trunc_ln76_2 "/>
</bind>
</comp>

<comp id="1129" class="1005" name="clen_3_reg_1129">
<pin_list>
<pin id="1130" dir="0" index="0" bw="32" slack="72"/>
<pin id="1131" dir="1" index="1" bw="32" slack="72"/>
</pin_list>
<bind>
<opset="clen_3 "/>
</bind>
</comp>

<comp id="1134" class="1005" name="trunc_ln76_3_reg_1134">
<pin_list>
<pin id="1135" dir="0" index="0" bw="16" slack="1"/>
<pin id="1136" dir="1" index="1" bw="16" slack="1"/>
</pin_list>
<bind>
<opset="trunc_ln76_3 "/>
</bind>
</comp>

<comp id="1139" class="1005" name="clen_4_reg_1139">
<pin_list>
<pin id="1140" dir="0" index="0" bw="32" slack="72"/>
<pin id="1141" dir="1" index="1" bw="32" slack="72"/>
</pin_list>
<bind>
<opset="clen_4 "/>
</bind>
</comp>

<comp id="1144" class="1005" name="trunc_ln76_4_reg_1144">
<pin_list>
<pin id="1145" dir="0" index="0" bw="16" slack="1"/>
<pin id="1146" dir="1" index="1" bw="16" slack="1"/>
</pin_list>
<bind>
<opset="trunc_ln76_4 "/>
</bind>
</comp>

<comp id="1149" class="1005" name="clen_5_reg_1149">
<pin_list>
<pin id="1150" dir="0" index="0" bw="32" slack="72"/>
<pin id="1151" dir="1" index="1" bw="32" slack="72"/>
</pin_list>
<bind>
<opset="clen_5 "/>
</bind>
</comp>

<comp id="1154" class="1005" name="trunc_ln76_5_reg_1154">
<pin_list>
<pin id="1155" dir="0" index="0" bw="16" slack="1"/>
<pin id="1156" dir="1" index="1" bw="16" slack="1"/>
</pin_list>
<bind>
<opset="trunc_ln76_5 "/>
</bind>
</comp>

<comp id="1159" class="1005" name="clen_6_reg_1159">
<pin_list>
<pin id="1160" dir="0" index="0" bw="32" slack="72"/>
<pin id="1161" dir="1" index="1" bw="32" slack="72"/>
</pin_list>
<bind>
<opset="clen_6 "/>
</bind>
</comp>

<comp id="1164" class="1005" name="trunc_ln76_6_reg_1164">
<pin_list>
<pin id="1165" dir="0" index="0" bw="16" slack="1"/>
<pin id="1166" dir="1" index="1" bw="16" slack="1"/>
</pin_list>
<bind>
<opset="trunc_ln76_6 "/>
</bind>
</comp>

<comp id="1169" class="1005" name="clen_7_reg_1169">
<pin_list>
<pin id="1170" dir="0" index="0" bw="32" slack="72"/>
<pin id="1171" dir="1" index="1" bw="32" slack="72"/>
</pin_list>
<bind>
<opset="clen_7 "/>
</bind>
</comp>

<comp id="1174" class="1005" name="trunc_ln56_reg_1174">
<pin_list>
<pin id="1175" dir="0" index="0" bw="16" slack="1"/>
<pin id="1176" dir="1" index="1" bw="16" slack="1"/>
</pin_list>
<bind>
<opset="trunc_ln56 "/>
</bind>
</comp>

<comp id="1179" class="1005" name="gmem1_addr_reg_1179">
<pin_list>
<pin id="1180" dir="0" index="0" bw="128" slack="1"/>
<pin id="1181" dir="1" index="1" bw="128" slack="1"/>
</pin_list>
<bind>
<opset="gmem1_addr "/>
</bind>
</comp>

<comp id="1188" class="1005" name="oi_load_reg_1188">
<pin_list>
<pin id="1189" dir="0" index="0" bw="32" slack="1"/>
<pin id="1190" dir="1" index="1" bw="32" slack="1"/>
</pin_list>
<bind>
<opset="oi_load "/>
</bind>
</comp>

<comp id="1193" class="1005" name="trunc_ln88_reg_1193">
<pin_list>
<pin id="1194" dir="0" index="0" bw="3" slack="1"/>
<pin id="1195" dir="1" index="1" bw="3" slack="1"/>
</pin_list>
<bind>
<opset="trunc_ln88 "/>
</bind>
</comp>

<comp id="1198" class="1005" name="tmp_9_reg_1198">
<pin_list>
<pin id="1199" dir="0" index="0" bw="32" slack="1"/>
<pin id="1200" dir="1" index="1" bw="32" slack="1"/>
</pin_list>
<bind>
<opset="tmp_9 "/>
</bind>
</comp>

</comp_list>

<net_list>
<net id="175"><net_src comp="42" pin="0"/><net_sink comp="172" pin=0"/></net>

<net id="179"><net_src comp="42" pin="0"/><net_sink comp="176" pin=0"/></net>

<net id="183"><net_src comp="42" pin="0"/><net_sink comp="180" pin=0"/></net>

<net id="187"><net_src comp="42" pin="0"/><net_sink comp="184" pin=0"/></net>

<net id="191"><net_src comp="42" pin="0"/><net_sink comp="188" pin=0"/></net>

<net id="195"><net_src comp="42" pin="0"/><net_sink comp="192" pin=0"/></net>

<net id="199"><net_src comp="42" pin="0"/><net_sink comp="196" pin=0"/></net>

<net id="203"><net_src comp="42" pin="0"/><net_sink comp="200" pin=0"/></net>

<net id="207"><net_src comp="42" pin="0"/><net_sink comp="204" pin=0"/></net>

<net id="211"><net_src comp="48" pin="0"/><net_sink comp="208" pin=0"/></net>

<net id="215"><net_src comp="42" pin="0"/><net_sink comp="212" pin=0"/></net>

<net id="219"><net_src comp="42" pin="0"/><net_sink comp="216" pin=0"/></net>

<net id="224"><net_src comp="44" pin="0"/><net_sink comp="220" pin=0"/></net>

<net id="225"><net_src comp="8" pin="0"/><net_sink comp="220" pin=1"/></net>

<net id="230"><net_src comp="46" pin="0"/><net_sink comp="226" pin=0"/></net>

<net id="231"><net_src comp="6" pin="0"/><net_sink comp="226" pin=1"/></net>

<net id="236"><net_src comp="44" pin="0"/><net_sink comp="232" pin=0"/></net>

<net id="237"><net_src comp="4" pin="0"/><net_sink comp="232" pin=1"/></net>

<net id="243"><net_src comp="120" pin="0"/><net_sink comp="238" pin=0"/></net>

<net id="249"><net_src comp="154" pin="0"/><net_sink comp="244" pin=0"/></net>

<net id="250"><net_src comp="48" pin="0"/><net_sink comp="244" pin=2"/></net>

<net id="257"><net_src comp="156" pin="0"/><net_sink comp="251" pin=0"/></net>

<net id="258"><net_src comp="158" pin="0"/><net_sink comp="251" pin=3"/></net>

<net id="263"><net_src comp="160" pin="0"/><net_sink comp="259" pin=0"/></net>

<net id="270"><net_src comp="116" pin="0"/><net_sink comp="264" pin=0"/></net>

<net id="271"><net_src comp="10" pin="0"/><net_sink comp="264" pin=1"/></net>

<net id="272"><net_src comp="26" pin="0"/><net_sink comp="264" pin=3"/></net>

<net id="279"><net_src comp="116" pin="0"/><net_sink comp="273" pin=0"/></net>

<net id="280"><net_src comp="12" pin="0"/><net_sink comp="273" pin=1"/></net>

<net id="281"><net_src comp="28" pin="0"/><net_sink comp="273" pin=3"/></net>

<net id="288"><net_src comp="116" pin="0"/><net_sink comp="282" pin=0"/></net>

<net id="289"><net_src comp="14" pin="0"/><net_sink comp="282" pin=1"/></net>

<net id="290"><net_src comp="30" pin="0"/><net_sink comp="282" pin=3"/></net>

<net id="297"><net_src comp="116" pin="0"/><net_sink comp="291" pin=0"/></net>

<net id="298"><net_src comp="16" pin="0"/><net_sink comp="291" pin=1"/></net>

<net id="299"><net_src comp="32" pin="0"/><net_sink comp="291" pin=3"/></net>

<net id="306"><net_src comp="116" pin="0"/><net_sink comp="300" pin=0"/></net>

<net id="307"><net_src comp="18" pin="0"/><net_sink comp="300" pin=1"/></net>

<net id="308"><net_src comp="34" pin="0"/><net_sink comp="300" pin=3"/></net>

<net id="315"><net_src comp="116" pin="0"/><net_sink comp="309" pin=0"/></net>

<net id="316"><net_src comp="20" pin="0"/><net_sink comp="309" pin=1"/></net>

<net id="317"><net_src comp="36" pin="0"/><net_sink comp="309" pin=3"/></net>

<net id="324"><net_src comp="116" pin="0"/><net_sink comp="318" pin=0"/></net>

<net id="325"><net_src comp="22" pin="0"/><net_sink comp="318" pin=1"/></net>

<net id="326"><net_src comp="38" pin="0"/><net_sink comp="318" pin=3"/></net>

<net id="333"><net_src comp="116" pin="0"/><net_sink comp="327" pin=0"/></net>

<net id="334"><net_src comp="24" pin="0"/><net_sink comp="327" pin=1"/></net>

<net id="335"><net_src comp="40" pin="0"/><net_sink comp="327" pin=3"/></net>

<net id="351"><net_src comp="122" pin="0"/><net_sink comp="336" pin=0"/></net>

<net id="352"><net_src comp="0" pin="0"/><net_sink comp="336" pin=1"/></net>

<net id="353"><net_src comp="10" pin="0"/><net_sink comp="336" pin=5"/></net>

<net id="354"><net_src comp="12" pin="0"/><net_sink comp="336" pin=6"/></net>

<net id="355"><net_src comp="14" pin="0"/><net_sink comp="336" pin=7"/></net>

<net id="356"><net_src comp="16" pin="0"/><net_sink comp="336" pin=8"/></net>

<net id="357"><net_src comp="18" pin="0"/><net_sink comp="336" pin=9"/></net>

<net id="358"><net_src comp="20" pin="0"/><net_sink comp="336" pin=10"/></net>

<net id="359"><net_src comp="22" pin="0"/><net_sink comp="336" pin=11"/></net>

<net id="360"><net_src comp="24" pin="0"/><net_sink comp="336" pin=12"/></net>

<net id="373"><net_src comp="146" pin="0"/><net_sink comp="361" pin=0"/></net>

<net id="390"><net_src comp="168" pin="0"/><net_sink comp="374" pin=0"/></net>

<net id="391"><net_src comp="2" pin="0"/><net_sink comp="374" pin=1"/></net>

<net id="392"><net_src comp="26" pin="0"/><net_sink comp="374" pin=6"/></net>

<net id="393"><net_src comp="28" pin="0"/><net_sink comp="374" pin=7"/></net>

<net id="394"><net_src comp="30" pin="0"/><net_sink comp="374" pin=8"/></net>

<net id="395"><net_src comp="32" pin="0"/><net_sink comp="374" pin=9"/></net>

<net id="396"><net_src comp="34" pin="0"/><net_sink comp="374" pin=10"/></net>

<net id="397"><net_src comp="36" pin="0"/><net_sink comp="374" pin=11"/></net>

<net id="398"><net_src comp="38" pin="0"/><net_sink comp="374" pin=12"/></net>

<net id="399"><net_src comp="40" pin="0"/><net_sink comp="374" pin=13"/></net>

<net id="403"><net_src comp="400" pin="1"/><net_sink comp="374" pin=4"/></net>

<net id="408"><net_src comp="226" pin="2"/><net_sink comp="404" pin=0"/></net>

<net id="409"><net_src comp="96" pin="0"/><net_sink comp="404" pin=1"/></net>

<net id="415"><net_src comp="98" pin="0"/><net_sink comp="410" pin=0"/></net>

<net id="416"><net_src comp="404" pin="2"/><net_sink comp="410" pin=1"/></net>

<net id="417"><net_src comp="100" pin="0"/><net_sink comp="410" pin=2"/></net>

<net id="422"><net_src comp="102" pin="0"/><net_sink comp="418" pin=0"/></net>

<net id="423"><net_src comp="226" pin="2"/><net_sink comp="418" pin=1"/></net>

<net id="430"><net_src comp="104" pin="0"/><net_sink comp="424" pin=0"/></net>

<net id="431"><net_src comp="418" pin="2"/><net_sink comp="424" pin=1"/></net>

<net id="432"><net_src comp="106" pin="0"/><net_sink comp="424" pin=2"/></net>

<net id="433"><net_src comp="100" pin="0"/><net_sink comp="424" pin=3"/></net>

<net id="437"><net_src comp="424" pin="4"/><net_sink comp="434" pin=0"/></net>

<net id="442"><net_src comp="108" pin="0"/><net_sink comp="438" pin=0"/></net>

<net id="443"><net_src comp="434" pin="1"/><net_sink comp="438" pin=1"/></net>

<net id="450"><net_src comp="104" pin="0"/><net_sink comp="444" pin=0"/></net>

<net id="451"><net_src comp="404" pin="2"/><net_sink comp="444" pin=1"/></net>

<net id="452"><net_src comp="106" pin="0"/><net_sink comp="444" pin=2"/></net>

<net id="453"><net_src comp="100" pin="0"/><net_sink comp="444" pin=3"/></net>

<net id="457"><net_src comp="444" pin="4"/><net_sink comp="454" pin=0"/></net>

<net id="463"><net_src comp="410" pin="3"/><net_sink comp="458" pin=0"/></net>

<net id="464"><net_src comp="438" pin="2"/><net_sink comp="458" pin=1"/></net>

<net id="465"><net_src comp="454" pin="1"/><net_sink comp="458" pin=2"/></net>

<net id="469"><net_src comp="458" pin="3"/><net_sink comp="466" pin=0"/></net>

<net id="473"><net_src comp="458" pin="3"/><net_sink comp="470" pin=0"/></net>

<net id="477"><net_src comp="458" pin="3"/><net_sink comp="474" pin=0"/></net>

<net id="481"><net_src comp="226" pin="2"/><net_sink comp="478" pin=0"/></net>

<net id="486"><net_src comp="110" pin="0"/><net_sink comp="482" pin=0"/></net>

<net id="494"><net_src comp="487" pin="1"/><net_sink comp="490" pin=0"/></net>

<net id="495"><net_src comp="112" pin="0"/><net_sink comp="490" pin=1"/></net>

<net id="500"><net_src comp="487" pin="1"/><net_sink comp="496" pin=0"/></net>

<net id="501"><net_src comp="114" pin="0"/><net_sink comp="496" pin=1"/></net>

<net id="505"><net_src comp="487" pin="1"/><net_sink comp="502" pin=0"/></net>

<net id="509"><net_src comp="487" pin="1"/><net_sink comp="506" pin=0"/></net>

<net id="514"><net_src comp="502" pin="1"/><net_sink comp="510" pin=0"/></net>

<net id="543"><net_src comp="515" pin="1"/><net_sink comp="539" pin=0"/></net>

<net id="544"><net_src comp="64" pin="0"/><net_sink comp="539" pin=1"/></net>

<net id="545"><net_src comp="539" pin="2"/><net_sink comp="264" pin=2"/></net>

<net id="550"><net_src comp="518" pin="1"/><net_sink comp="546" pin=0"/></net>

<net id="551"><net_src comp="64" pin="0"/><net_sink comp="546" pin=1"/></net>

<net id="552"><net_src comp="546" pin="2"/><net_sink comp="273" pin=2"/></net>

<net id="557"><net_src comp="521" pin="1"/><net_sink comp="553" pin=0"/></net>

<net id="558"><net_src comp="64" pin="0"/><net_sink comp="553" pin=1"/></net>

<net id="559"><net_src comp="553" pin="2"/><net_sink comp="282" pin=2"/></net>

<net id="564"><net_src comp="524" pin="1"/><net_sink comp="560" pin=0"/></net>

<net id="565"><net_src comp="64" pin="0"/><net_sink comp="560" pin=1"/></net>

<net id="566"><net_src comp="560" pin="2"/><net_sink comp="291" pin=2"/></net>

<net id="571"><net_src comp="527" pin="1"/><net_sink comp="567" pin=0"/></net>

<net id="572"><net_src comp="64" pin="0"/><net_sink comp="567" pin=1"/></net>

<net id="573"><net_src comp="567" pin="2"/><net_sink comp="300" pin=2"/></net>

<net id="578"><net_src comp="530" pin="1"/><net_sink comp="574" pin=0"/></net>

<net id="579"><net_src comp="64" pin="0"/><net_sink comp="574" pin=1"/></net>

<net id="580"><net_src comp="574" pin="2"/><net_sink comp="309" pin=2"/></net>

<net id="585"><net_src comp="533" pin="1"/><net_sink comp="581" pin=0"/></net>

<net id="586"><net_src comp="64" pin="0"/><net_sink comp="581" pin=1"/></net>

<net id="587"><net_src comp="581" pin="2"/><net_sink comp="318" pin=2"/></net>

<net id="592"><net_src comp="536" pin="1"/><net_sink comp="588" pin=0"/></net>

<net id="593"><net_src comp="64" pin="0"/><net_sink comp="588" pin=1"/></net>

<net id="594"><net_src comp="588" pin="2"/><net_sink comp="327" pin=2"/></net>

<net id="599"><net_src comp="110" pin="0"/><net_sink comp="595" pin=0"/></net>

<net id="604"><net_src comp="74" pin="0"/><net_sink comp="600" pin=0"/></net>

<net id="615"><net_src comp="608" pin="1"/><net_sink comp="611" pin=0"/></net>

<net id="620"><net_src comp="605" pin="1"/><net_sink comp="616" pin=1"/></net>

<net id="625"><net_src comp="616" pin="2"/><net_sink comp="621" pin=0"/></net>

<net id="629"><net_src comp="616" pin="2"/><net_sink comp="626" pin=0"/></net>

<net id="635"><net_src comp="621" pin="2"/><net_sink comp="630" pin=0"/></net>

<net id="636"><net_src comp="626" pin="1"/><net_sink comp="630" pin=2"/></net>

<net id="640"><net_src comp="630" pin="3"/><net_sink comp="637" pin=0"/></net>

<net id="646"><net_src comp="98" pin="0"/><net_sink comp="641" pin=0"/></net>

<net id="647"><net_src comp="630" pin="3"/><net_sink comp="641" pin=1"/></net>

<net id="648"><net_src comp="100" pin="0"/><net_sink comp="641" pin=2"/></net>

<net id="654"><net_src comp="641" pin="3"/><net_sink comp="649" pin=0"/></net>

<net id="655"><net_src comp="118" pin="0"/><net_sink comp="649" pin=1"/></net>

<net id="656"><net_src comp="637" pin="1"/><net_sink comp="649" pin=2"/></net>

<net id="661"><net_src comp="630" pin="3"/><net_sink comp="657" pin=0"/></net>

<net id="662"><net_src comp="52" pin="0"/><net_sink comp="657" pin=1"/></net>

<net id="667"><net_src comp="0" pin="0"/><net_sink comp="663" pin=0"/></net>

<net id="668"><net_src comp="663" pin="2"/><net_sink comp="238" pin=1"/></net>

<net id="672"><net_src comp="669" pin="1"/><net_sink comp="238" pin=2"/></net>

<net id="678"><net_src comp="118" pin="0"/><net_sink comp="673" pin=2"/></net>

<net id="686"><net_src comp="679" pin="1"/><net_sink comp="682" pin=0"/></net>

<net id="687"><net_src comp="64" pin="0"/><net_sink comp="682" pin=1"/></net>

<net id="698"><net_src comp="132" pin="0"/><net_sink comp="688" pin=1"/></net>

<net id="699"><net_src comp="134" pin="0"/><net_sink comp="688" pin=2"/></net>

<net id="700"><net_src comp="136" pin="0"/><net_sink comp="688" pin=3"/></net>

<net id="701"><net_src comp="138" pin="0"/><net_sink comp="688" pin=4"/></net>

<net id="702"><net_src comp="140" pin="0"/><net_sink comp="688" pin=5"/></net>

<net id="703"><net_src comp="142" pin="0"/><net_sink comp="688" pin=6"/></net>

<net id="704"><net_src comp="144" pin="0"/><net_sink comp="688" pin=7"/></net>

<net id="709"><net_src comp="682" pin="2"/><net_sink comp="705" pin=0"/></net>

<net id="714"><net_src comp="682" pin="2"/><net_sink comp="710" pin=0"/></net>

<net id="719"><net_src comp="682" pin="2"/><net_sink comp="715" pin=0"/></net>

<net id="724"><net_src comp="682" pin="2"/><net_sink comp="720" pin=0"/></net>

<net id="729"><net_src comp="682" pin="2"/><net_sink comp="725" pin=0"/></net>

<net id="734"><net_src comp="682" pin="2"/><net_sink comp="730" pin=0"/></net>

<net id="739"><net_src comp="682" pin="2"/><net_sink comp="735" pin=0"/></net>

<net id="744"><net_src comp="682" pin="2"/><net_sink comp="740" pin=0"/></net>

<net id="752"><net_src comp="264" pin="4"/><net_sink comp="749" pin=0"/></net>

<net id="753"><net_src comp="749" pin="1"/><net_sink comp="361" pin=1"/></net>

<net id="757"><net_src comp="273" pin="4"/><net_sink comp="754" pin=0"/></net>

<net id="758"><net_src comp="754" pin="1"/><net_sink comp="361" pin=2"/></net>

<net id="762"><net_src comp="282" pin="4"/><net_sink comp="759" pin=0"/></net>

<net id="763"><net_src comp="759" pin="1"/><net_sink comp="361" pin=3"/></net>

<net id="767"><net_src comp="291" pin="4"/><net_sink comp="764" pin=0"/></net>

<net id="768"><net_src comp="764" pin="1"/><net_sink comp="361" pin=4"/></net>

<net id="772"><net_src comp="300" pin="4"/><net_sink comp="769" pin=0"/></net>

<net id="773"><net_src comp="769" pin="1"/><net_sink comp="361" pin=5"/></net>

<net id="777"><net_src comp="309" pin="4"/><net_sink comp="774" pin=0"/></net>

<net id="778"><net_src comp="774" pin="1"/><net_sink comp="361" pin=6"/></net>

<net id="782"><net_src comp="318" pin="4"/><net_sink comp="779" pin=0"/></net>

<net id="783"><net_src comp="779" pin="1"/><net_sink comp="361" pin=7"/></net>

<net id="787"><net_src comp="327" pin="4"/><net_sink comp="784" pin=0"/></net>

<net id="788"><net_src comp="784" pin="1"/><net_sink comp="361" pin=8"/></net>

<net id="795"><net_src comp="148" pin="0"/><net_sink comp="789" pin=0"/></net>

<net id="796"><net_src comp="150" pin="0"/><net_sink comp="789" pin=2"/></net>

<net id="797"><net_src comp="152" pin="0"/><net_sink comp="789" pin=3"/></net>

<net id="801"><net_src comp="789" pin="4"/><net_sink comp="798" pin=0"/></net>

<net id="806"><net_src comp="2" pin="0"/><net_sink comp="802" pin=0"/></net>

<net id="807"><net_src comp="798" pin="1"/><net_sink comp="802" pin=1"/></net>

<net id="808"><net_src comp="802" pin="2"/><net_sink comp="244" pin=1"/></net>

<net id="812"><net_src comp="809" pin="1"/><net_sink comp="251" pin=2"/></net>

<net id="820"><net_src comp="813" pin="1"/><net_sink comp="816" pin=0"/></net>

<net id="821"><net_src comp="112" pin="0"/><net_sink comp="816" pin=1"/></net>

<net id="826"><net_src comp="813" pin="1"/><net_sink comp="822" pin=0"/></net>

<net id="827"><net_src comp="114" pin="0"/><net_sink comp="822" pin=1"/></net>

<net id="831"><net_src comp="813" pin="1"/><net_sink comp="828" pin=0"/></net>

<net id="832"><net_src comp="828" pin="1"/><net_sink comp="374" pin=3"/></net>

<net id="854"><net_src comp="162" pin="0"/><net_sink comp="833" pin=0"/></net>

<net id="855"><net_src comp="132" pin="0"/><net_sink comp="833" pin=1"/></net>

<net id="856"><net_src comp="134" pin="0"/><net_sink comp="833" pin=3"/></net>

<net id="857"><net_src comp="136" pin="0"/><net_sink comp="833" pin=5"/></net>

<net id="858"><net_src comp="138" pin="0"/><net_sink comp="833" pin=7"/></net>

<net id="859"><net_src comp="140" pin="0"/><net_sink comp="833" pin=9"/></net>

<net id="860"><net_src comp="142" pin="0"/><net_sink comp="833" pin=11"/></net>

<net id="861"><net_src comp="144" pin="0"/><net_sink comp="833" pin=13"/></net>

<net id="862"><net_src comp="164" pin="0"/><net_sink comp="833" pin=15"/></net>

<net id="863"><net_src comp="166" pin="0"/><net_sink comp="833" pin=17"/></net>

<net id="864"><net_src comp="828" pin="1"/><net_sink comp="833" pin=18"/></net>

<net id="865"><net_src comp="833" pin="19"/><net_sink comp="374" pin=2"/></net>

<net id="870"><net_src comp="833" pin="19"/><net_sink comp="866" pin=0"/></net>

<net id="871"><net_src comp="52" pin="0"/><net_sink comp="866" pin=1"/></net>

<net id="876"><net_src comp="833" pin="19"/><net_sink comp="872" pin=0"/></net>

<net id="877"><net_src comp="400" pin="1"/><net_sink comp="872" pin=1"/></net>

<net id="883"><net_src comp="866" pin="2"/><net_sink comp="878" pin=0"/></net>

<net id="884"><net_src comp="872" pin="2"/><net_sink comp="878" pin=1"/></net>

<net id="885"><net_src comp="400" pin="1"/><net_sink comp="878" pin=2"/></net>

<net id="890"><net_src comp="822" pin="2"/><net_sink comp="886" pin=0"/></net>

<net id="895"><net_src comp="878" pin="3"/><net_sink comp="891" pin=0"/></net>

<net id="899"><net_src comp="172" pin="1"/><net_sink comp="896" pin=0"/></net>

<net id="900"><net_src comp="896" pin="1"/><net_sink comp="482" pin=1"/></net>

<net id="901"><net_src comp="896" pin="1"/><net_sink comp="487" pin=0"/></net>

<net id="902"><net_src comp="896" pin="1"/><net_sink comp="745" pin=1"/></net>

<net id="906"><net_src comp="176" pin="1"/><net_sink comp="903" pin=0"/></net>

<net id="907"><net_src comp="903" pin="1"/><net_sink comp="515" pin=0"/></net>

<net id="908"><net_src comp="903" pin="1"/><net_sink comp="735" pin=1"/></net>

<net id="912"><net_src comp="180" pin="1"/><net_sink comp="909" pin=0"/></net>

<net id="913"><net_src comp="909" pin="1"/><net_sink comp="518" pin=0"/></net>

<net id="914"><net_src comp="909" pin="1"/><net_sink comp="730" pin=1"/></net>

<net id="918"><net_src comp="184" pin="1"/><net_sink comp="915" pin=0"/></net>

<net id="919"><net_src comp="915" pin="1"/><net_sink comp="521" pin=0"/></net>

<net id="920"><net_src comp="915" pin="1"/><net_sink comp="725" pin=1"/></net>

<net id="924"><net_src comp="188" pin="1"/><net_sink comp="921" pin=0"/></net>

<net id="925"><net_src comp="921" pin="1"/><net_sink comp="524" pin=0"/></net>

<net id="926"><net_src comp="921" pin="1"/><net_sink comp="720" pin=1"/></net>

<net id="930"><net_src comp="192" pin="1"/><net_sink comp="927" pin=0"/></net>

<net id="931"><net_src comp="927" pin="1"/><net_sink comp="527" pin=0"/></net>

<net id="932"><net_src comp="927" pin="1"/><net_sink comp="715" pin=1"/></net>

<net id="936"><net_src comp="196" pin="1"/><net_sink comp="933" pin=0"/></net>

<net id="937"><net_src comp="933" pin="1"/><net_sink comp="530" pin=0"/></net>

<net id="938"><net_src comp="933" pin="1"/><net_sink comp="710" pin=1"/></net>

<net id="942"><net_src comp="200" pin="1"/><net_sink comp="939" pin=0"/></net>

<net id="943"><net_src comp="939" pin="1"/><net_sink comp="533" pin=0"/></net>

<net id="944"><net_src comp="939" pin="1"/><net_sink comp="705" pin=1"/></net>

<net id="948"><net_src comp="204" pin="1"/><net_sink comp="945" pin=0"/></net>

<net id="949"><net_src comp="945" pin="1"/><net_sink comp="536" pin=0"/></net>

<net id="950"><net_src comp="945" pin="1"/><net_sink comp="740" pin=1"/></net>

<net id="954"><net_src comp="220" pin="2"/><net_sink comp="951" pin=0"/></net>

<net id="955"><net_src comp="951" pin="1"/><net_sink comp="789" pin=1"/></net>

<net id="956"><net_src comp="951" pin="1"/><net_sink comp="374" pin=5"/></net>

<net id="960"><net_src comp="232" pin="2"/><net_sink comp="957" pin=0"/></net>

<net id="961"><net_src comp="957" pin="1"/><net_sink comp="611" pin=1"/></net>

<net id="965"><net_src comp="208" pin="1"/><net_sink comp="962" pin=0"/></net>

<net id="966"><net_src comp="962" pin="1"/><net_sink comp="361" pin=9"/></net>

<net id="967"><net_src comp="962" pin="1"/><net_sink comp="809" pin=0"/></net>

<net id="971"><net_src comp="466" pin="1"/><net_sink comp="968" pin=0"/></net>

<net id="972"><net_src comp="968" pin="1"/><net_sink comp="630" pin=1"/></net>

<net id="976"><net_src comp="470" pin="1"/><net_sink comp="973" pin=0"/></net>

<net id="977"><net_src comp="973" pin="1"/><net_sink comp="621" pin=1"/></net>

<net id="981"><net_src comp="474" pin="1"/><net_sink comp="978" pin=0"/></net>

<net id="982"><net_src comp="978" pin="1"/><net_sink comp="510" pin=1"/></net>

<net id="986"><net_src comp="478" pin="1"/><net_sink comp="983" pin=0"/></net>

<net id="987"><net_src comp="983" pin="1"/><net_sink comp="616" pin=0"/></net>

<net id="994"><net_src comp="496" pin="2"/><net_sink comp="991" pin=0"/></net>

<net id="995"><net_src comp="991" pin="1"/><net_sink comp="745" pin=0"/></net>

<net id="999"><net_src comp="506" pin="1"/><net_sink comp="996" pin=0"/></net>

<net id="1000"><net_src comp="996" pin="1"/><net_sink comp="336" pin=4"/></net>

<net id="1001"><net_src comp="996" pin="1"/><net_sink comp="688" pin=0"/></net>

<net id="1005"><net_src comp="510" pin="2"/><net_sink comp="1002" pin=0"/></net>

<net id="1006"><net_src comp="1002" pin="1"/><net_sink comp="605" pin=0"/></net>

<net id="1007"><net_src comp="1002" pin="1"/><net_sink comp="608" pin=0"/></net>

<net id="1011"><net_src comp="212" pin="1"/><net_sink comp="1008" pin=0"/></net>

<net id="1012"><net_src comp="1008" pin="1"/><net_sink comp="600" pin=1"/></net>

<net id="1013"><net_src comp="1008" pin="1"/><net_sink comp="400" pin=0"/></net>

<net id="1014"><net_src comp="1008" pin="1"/><net_sink comp="891" pin=1"/></net>

<net id="1018"><net_src comp="216" pin="1"/><net_sink comp="1015" pin=0"/></net>

<net id="1019"><net_src comp="1015" pin="1"/><net_sink comp="595" pin=1"/></net>

<net id="1020"><net_src comp="1015" pin="1"/><net_sink comp="813" pin=0"/></net>

<net id="1021"><net_src comp="1015" pin="1"/><net_sink comp="886" pin=1"/></net>

<net id="1025"><net_src comp="539" pin="2"/><net_sink comp="1022" pin=0"/></net>

<net id="1026"><net_src comp="1022" pin="1"/><net_sink comp="264" pin=2"/></net>

<net id="1030"><net_src comp="546" pin="2"/><net_sink comp="1027" pin=0"/></net>

<net id="1031"><net_src comp="1027" pin="1"/><net_sink comp="273" pin=2"/></net>

<net id="1035"><net_src comp="553" pin="2"/><net_sink comp="1032" pin=0"/></net>

<net id="1036"><net_src comp="1032" pin="1"/><net_sink comp="282" pin=2"/></net>

<net id="1040"><net_src comp="560" pin="2"/><net_sink comp="1037" pin=0"/></net>

<net id="1041"><net_src comp="1037" pin="1"/><net_sink comp="291" pin=2"/></net>

<net id="1045"><net_src comp="567" pin="2"/><net_sink comp="1042" pin=0"/></net>

<net id="1046"><net_src comp="1042" pin="1"/><net_sink comp="300" pin=2"/></net>

<net id="1050"><net_src comp="574" pin="2"/><net_sink comp="1047" pin=0"/></net>

<net id="1051"><net_src comp="1047" pin="1"/><net_sink comp="309" pin=2"/></net>

<net id="1055"><net_src comp="581" pin="2"/><net_sink comp="1052" pin=0"/></net>

<net id="1056"><net_src comp="1052" pin="1"/><net_sink comp="318" pin=2"/></net>

<net id="1060"><net_src comp="588" pin="2"/><net_sink comp="1057" pin=0"/></net>

<net id="1061"><net_src comp="1057" pin="1"/><net_sink comp="327" pin=2"/></net>

<net id="1065"><net_src comp="611" pin="2"/><net_sink comp="1062" pin=0"/></net>

<net id="1066"><net_src comp="1062" pin="1"/><net_sink comp="663" pin=1"/></net>

<net id="1067"><net_src comp="1062" pin="1"/><net_sink comp="336" pin=3"/></net>

<net id="1071"><net_src comp="637" pin="1"/><net_sink comp="1068" pin=0"/></net>

<net id="1072"><net_src comp="1068" pin="1"/><net_sink comp="673" pin=1"/></net>

<net id="1076"><net_src comp="649" pin="3"/><net_sink comp="1073" pin=0"/></net>

<net id="1077"><net_src comp="1073" pin="1"/><net_sink comp="669" pin=0"/></net>

<net id="1078"><net_src comp="1073" pin="1"/><net_sink comp="679" pin=0"/></net>

<net id="1082"><net_src comp="657" pin="2"/><net_sink comp="1079" pin=0"/></net>

<net id="1083"><net_src comp="1079" pin="1"/><net_sink comp="673" pin=0"/></net>

<net id="1087"><net_src comp="663" pin="2"/><net_sink comp="1084" pin=0"/></net>

<net id="1088"><net_src comp="1084" pin="1"/><net_sink comp="238" pin=1"/></net>

<net id="1092"><net_src comp="669" pin="1"/><net_sink comp="1089" pin=0"/></net>

<net id="1093"><net_src comp="1089" pin="1"/><net_sink comp="238" pin=2"/></net>

<net id="1097"><net_src comp="673" pin="3"/><net_sink comp="1094" pin=0"/></net>

<net id="1098"><net_src comp="1094" pin="1"/><net_sink comp="336" pin=2"/></net>

<net id="1102"><net_src comp="264" pin="4"/><net_sink comp="1099" pin=0"/></net>

<net id="1103"><net_src comp="1099" pin="1"/><net_sink comp="833" pin=2"/></net>

<net id="1107"><net_src comp="749" pin="1"/><net_sink comp="1104" pin=0"/></net>

<net id="1108"><net_src comp="1104" pin="1"/><net_sink comp="361" pin=1"/></net>

<net id="1112"><net_src comp="273" pin="4"/><net_sink comp="1109" pin=0"/></net>

<net id="1113"><net_src comp="1109" pin="1"/><net_sink comp="833" pin=4"/></net>

<net id="1117"><net_src comp="754" pin="1"/><net_sink comp="1114" pin=0"/></net>

<net id="1118"><net_src comp="1114" pin="1"/><net_sink comp="361" pin=2"/></net>

<net id="1122"><net_src comp="282" pin="4"/><net_sink comp="1119" pin=0"/></net>

<net id="1123"><net_src comp="1119" pin="1"/><net_sink comp="833" pin=6"/></net>

<net id="1127"><net_src comp="759" pin="1"/><net_sink comp="1124" pin=0"/></net>

<net id="1128"><net_src comp="1124" pin="1"/><net_sink comp="361" pin=3"/></net>

<net id="1132"><net_src comp="291" pin="4"/><net_sink comp="1129" pin=0"/></net>

<net id="1133"><net_src comp="1129" pin="1"/><net_sink comp="833" pin=8"/></net>

<net id="1137"><net_src comp="764" pin="1"/><net_sink comp="1134" pin=0"/></net>

<net id="1138"><net_src comp="1134" pin="1"/><net_sink comp="361" pin=4"/></net>

<net id="1142"><net_src comp="300" pin="4"/><net_sink comp="1139" pin=0"/></net>

<net id="1143"><net_src comp="1139" pin="1"/><net_sink comp="833" pin=10"/></net>

<net id="1147"><net_src comp="769" pin="1"/><net_sink comp="1144" pin=0"/></net>

<net id="1148"><net_src comp="1144" pin="1"/><net_sink comp="361" pin=5"/></net>

<net id="1152"><net_src comp="309" pin="4"/><net_sink comp="1149" pin=0"/></net>

<net id="1153"><net_src comp="1149" pin="1"/><net_sink comp="833" pin=12"/></net>

<net id="1157"><net_src comp="774" pin="1"/><net_sink comp="1154" pin=0"/></net>

<net id="1158"><net_src comp="1154" pin="1"/><net_sink comp="361" pin=6"/></net>

<net id="1162"><net_src comp="318" pin="4"/><net_sink comp="1159" pin=0"/></net>

<net id="1163"><net_src comp="1159" pin="1"/><net_sink comp="833" pin=14"/></net>

<net id="1167"><net_src comp="779" pin="1"/><net_sink comp="1164" pin=0"/></net>

<net id="1168"><net_src comp="1164" pin="1"/><net_sink comp="361" pin=7"/></net>

<net id="1172"><net_src comp="327" pin="4"/><net_sink comp="1169" pin=0"/></net>

<net id="1173"><net_src comp="1169" pin="1"/><net_sink comp="833" pin=16"/></net>

<net id="1177"><net_src comp="784" pin="1"/><net_sink comp="1174" pin=0"/></net>

<net id="1178"><net_src comp="1174" pin="1"/><net_sink comp="361" pin=8"/></net>

<net id="1182"><net_src comp="802" pin="2"/><net_sink comp="1179" pin=0"/></net>

<net id="1183"><net_src comp="1179" pin="1"/><net_sink comp="251" pin=1"/></net>

<net id="1184"><net_src comp="1179" pin="1"/><net_sink comp="259" pin=1"/></net>

<net id="1191"><net_src comp="400" pin="1"/><net_sink comp="1188" pin=0"/></net>

<net id="1192"><net_src comp="1188" pin="1"/><net_sink comp="374" pin=4"/></net>

<net id="1196"><net_src comp="828" pin="1"/><net_sink comp="1193" pin=0"/></net>

<net id="1197"><net_src comp="1193" pin="1"/><net_sink comp="374" pin=3"/></net>

<net id="1201"><net_src comp="833" pin="19"/><net_sink comp="1198" pin=0"/></net>

<net id="1202"><net_src comp="1198" pin="1"/><net_sink comp="374" pin=2"/></net>

</net_list>

</model> 
---------------- Datapath Model END ------------------

* FSMD analyzer results:
  - Output states:
	Port: gmem1 | {79 80 81 82 83 84 85 86 87 88 89 90 91 92 93 94 95 96 97 98 99 100 101 102 103 104 105 106 107 108 109 110 111 112 113 114 115 116 117 118 119 120 121 122 123 124 125 126 127 128 129 130 131 132 133 134 135 136 137 138 139 140 141 142 143 144 145 146 147 148 149 150 }
	Port: arith_encode_unsigned_char_const_int_unsigned_char_buf | {75 76 }
	Port: arith_encode_unsigned_char_const_int_unsigned_char_buf_2 | {75 76 }
	Port: arith_encode_unsigned_char_const_int_unsigned_char_buf_3 | {75 76 }
	Port: arith_encode_unsigned_char_const_int_unsigned_char_buf_4 | {75 76 }
	Port: arith_encode_unsigned_char_const_int_unsigned_char_buf_5 | {75 76 }
	Port: arith_encode_unsigned_char_const_int_unsigned_char_buf_6 | {75 76 }
	Port: arith_encode_unsigned_char_const_int_unsigned_char_buf_7 | {75 76 }
	Port: arith_encode_unsigned_char_const_int_unsigned_char_buf_8 | {75 76 }
	Port: arith_encode_unsigned_char_const_int_unsigned_char_cout | {2 77 }
	Port: arith_encode_unsigned_char_const_int_unsigned_char_cout_9 | {2 77 }
	Port: arith_encode_unsigned_char_const_int_unsigned_char_cout_10 | {2 77 }
	Port: arith_encode_unsigned_char_const_int_unsigned_char_cout_11 | {2 77 }
	Port: arith_encode_unsigned_char_const_int_unsigned_char_cout_12 | {2 77 }
	Port: arith_encode_unsigned_char_const_int_unsigned_char_cout_13 | {2 77 }
	Port: arith_encode_unsigned_char_const_int_unsigned_char_cout_14 | {2 77 }
	Port: arith_encode_unsigned_char_const_int_unsigned_char_cout_15 | {2 77 }
 - Input state : 
	Port: arith_encode : gmem0 | {4 5 6 7 8 9 10 11 12 13 14 15 16 17 18 19 20 21 22 23 24 25 26 27 28 29 30 31 32 33 34 35 36 37 38 39 40 41 42 43 44 45 46 47 48 49 50 51 52 53 54 55 56 57 58 59 60 61 62 63 64 65 66 67 68 69 70 71 72 73 74 75 76 }
	Port: arith_encode : in_r | {1 }
	Port: arith_encode : n | {1 }
	Port: arith_encode : out_r | {1 }
	Port: arith_encode : arith_encode_unsigned_char_const_int_unsigned_char_buf | {2 77 }
	Port: arith_encode : arith_encode_unsigned_char_const_int_unsigned_char_buf_2 | {2 77 }
	Port: arith_encode : arith_encode_unsigned_char_const_int_unsigned_char_buf_3 | {2 77 }
	Port: arith_encode : arith_encode_unsigned_char_const_int_unsigned_char_buf_4 | {2 77 }
	Port: arith_encode : arith_encode_unsigned_char_const_int_unsigned_char_buf_5 | {2 77 }
	Port: arith_encode : arith_encode_unsigned_char_const_int_unsigned_char_buf_6 | {2 77 }
	Port: arith_encode : arith_encode_unsigned_char_const_int_unsigned_char_buf_7 | {2 77 }
	Port: arith_encode : arith_encode_unsigned_char_const_int_unsigned_char_buf_8 | {2 77 }
	Port: arith_encode : arith_encode_unsigned_char_const_int_unsigned_char_cout | {149 150 }
	Port: arith_encode : arith_encode_unsigned_char_const_int_unsigned_char_cout_9 | {149 150 }
	Port: arith_encode : arith_encode_unsigned_char_const_int_unsigned_char_cout_10 | {149 150 }
	Port: arith_encode : arith_encode_unsigned_char_const_int_unsigned_char_cout_11 | {149 150 }
	Port: arith_encode : arith_encode_unsigned_char_const_int_unsigned_char_cout_12 | {149 150 }
	Port: arith_encode : arith_encode_unsigned_char_const_int_unsigned_char_cout_13 | {149 150 }
	Port: arith_encode : arith_encode_unsigned_char_const_int_unsigned_char_cout_14 | {149 150 }
	Port: arith_encode : arith_encode_unsigned_char_const_int_unsigned_char_cout_15 | {149 150 }
  - Chain level:
	State 1
		tmp : 1
		tmp_s : 1
		zext_ln61 : 2
		sub_ln61_1 : 3
		tmp_1 : 1
		zext_ln61_1 : 2
		chunk : 4
		sext_ln61 : 5
		sext_ln63 : 5
		sext_ln63_3 : 5
		store_ln63 : 1
	State 2
		icmp_ln63 : 1
		add_ln63_1 : 1
		br_ln63 : 2
		zext_ln63 : 1
		trunc_ln63 : 1
		mul_ln63 : 2
		len : 1
		clen : 1
		len_10 : 1
		clen_1 : 1
		len_11 : 1
		clen_2 : 1
		len_12 : 1
		clen_3 : 1
		len_13 : 1
		clen_4 : 1
		len_14 : 1
		clen_5 : 1
		len_15 : 1
		clen_6 : 1
		len_16 : 1
		clen_7 : 1
		store_ln88 : 1
		store_ln81 : 1
	State 3
		add_ln63 : 1
		sub_ln65 : 1
		icmp_ln65 : 2
		trunc_ln65 : 2
		len_8 : 3
		trunc_ln65_1 : 4
		tmp_16 : 4
		len_9 : 5
		empty_59 : 4
	State 4
		empty_58 : 1
	State 5
	State 6
	State 7
	State 8
	State 9
	State 10
	State 11
	State 12
	State 13
	State 14
	State 15
	State 16
	State 17
	State 18
	State 19
	State 20
	State 21
	State 22
	State 23
	State 24
	State 25
	State 26
	State 27
	State 28
	State 29
	State 30
	State 31
	State 32
	State 33
	State 34
	State 35
	State 36
	State 37
	State 38
	State 39
	State 40
	State 41
	State 42
	State 43
	State 44
	State 45
	State 46
	State 47
	State 48
	State 49
	State 50
	State 51
	State 52
	State 53
	State 54
	State 55
	State 56
	State 57
	State 58
	State 59
	State 60
	State 61
	State 62
	State 63
	State 64
	State 65
	State 66
	State 67
	State 68
	State 69
	State 70
	State 71
	State 72
	State 73
	State 74
	State 75
	State 76
		clen_8 : 1
		store_ln67 : 1
		store_ln67 : 1
		store_ln67 : 1
		store_ln67 : 1
		store_ln67 : 1
		store_ln67 : 1
		store_ln67 : 1
		store_ln67 : 1
	State 77
		trunc_ln76 : 1
		trunc_ln76_1 : 1
		trunc_ln76_2 : 1
		trunc_ln76_3 : 1
		trunc_ln76_4 : 1
		trunc_ln76_5 : 1
		trunc_ln76_6 : 1
		trunc_ln56 : 1
		call_ln76 : 2
	State 78
	State 79
		sext_ln88 : 1
		gmem1_addr : 2
		gmem1_addr_req : 3
	State 80
		write_ln88 : 1
	State 81
	State 82
	State 83
	State 84
	State 85
	State 86
	State 87
	State 88
	State 89
	State 90
	State 91
	State 92
	State 93
	State 94
	State 95
	State 96
	State 97
	State 98
	State 99
	State 100
	State 101
	State 102
	State 103
	State 104
	State 105
	State 106
	State 107
	State 108
	State 109
	State 110
	State 111
	State 112
	State 113
	State 114
	State 115
	State 116
	State 117
	State 118
	State 119
	State 120
	State 121
	State 122
	State 123
	State 124
	State 125
	State 126
	State 127
	State 128
	State 129
	State 130
	State 131
	State 132
	State 133
	State 134
	State 135
	State 136
	State 137
	State 138
	State 139
	State 140
	State 141
	State 142
	State 143
	State 144
	State 145
	State 146
	State 147
	State 148
	State 149
		icmp_ln88 : 1
		add_ln88 : 1
		br_ln88 : 2
		trunc_ln88 : 1
		tmp_9 : 2
		call_ln89 : 3
		icmp_ln89 : 3
		oi_6 : 3
		select_ln88 : 4
		store_ln88 : 2
		store_ln81 : 5
		ret_ln91 : 1
	State 150


============================================================
+ Verbose Summary: Datapath Resource usage 
============================================================

* Functional unit list:
|----------|--------------------------------------------------|---------|---------|---------|---------|---------|---------|
| Operation|                  Functional Unit                 |   BRAM  |   DSP   |  Delay  |    FF   |   LUT   |   URAM  |
|----------|--------------------------------------------------|---------|---------|---------|---------|---------|---------|
|          |              grp_encode_chunk_fu_264             |    1    |    6    |  17.178 |   3398  |   3370  |    0    |
|          |              grp_encode_chunk_fu_273             |    1    |    6    |  17.178 |   3398  |   3370  |    0    |
|          |              grp_encode_chunk_fu_282             |    1    |    6    |  17.178 |   3398  |   3370  |    0    |
|          |              grp_encode_chunk_fu_291             |    1    |    6    |  17.178 |   3398  |   3370  |    0    |
|          |              grp_encode_chunk_fu_300             |    1    |    6    |  17.178 |   3398  |   3370  |    0    |
|   call   |              grp_encode_chunk_fu_309             |    1    |    6    |  17.178 |   3398  |   3370  |    0    |
|          |              grp_encode_chunk_fu_318             |    1    |    6    |  17.178 |   3398  |   3370  |    0    |
|          |              grp_encode_chunk_fu_327             |    1    |    6    |  17.178 |   3398  |   3370  |    0    |
|          | grp_arith_encode_Pipeline_VITIS_LOOP_66_1_fu_336 |    0    |    0    |    0    |    40   |    55   |    0    |
|          |      grp_arith_encode_Pipeline_Header_fu_361     |    0    |    0    |    0    |   260   |    67   |    0    |
|          | grp_arith_encode_Pipeline_VITIS_LOOP_89_2_fu_374 |    0    |    0    |  3.416  |   451   |   327   |    0    |
|----------|--------------------------------------------------|---------|---------|---------|---------|---------|---------|
|          |                    len_fu_539                    |    0    |    0    |    0    |    0    |    32   |    0    |
|          |                   len_10_fu_546                  |    0    |    0    |    0    |    0    |    32   |    0    |
|          |                   len_11_fu_553                  |    0    |    0    |    0    |    0    |    32   |    0    |
|          |                   len_12_fu_560                  |    0    |    0    |    0    |    0    |    32   |    0    |
|    xor   |                   len_13_fu_567                  |    0    |    0    |    0    |    0    |    32   |    0    |
|          |                   len_14_fu_574                  |    0    |    0    |    0    |    0    |    32   |    0    |
|          |                   len_15_fu_581                  |    0    |    0    |    0    |    0    |    32   |    0    |
|          |                   len_16_fu_588                  |    0    |    0    |    0    |    0    |    32   |    0    |
|          |                   clen_8_fu_682                  |    0    |    0    |    0    |    0    |    32   |    0    |
|----------|--------------------------------------------------|---------|---------|---------|---------|---------|---------|
|          |                  add_ln61_fu_404                 |    0    |    0    |    0    |    0    |    39   |    0    |
|          |                 add_ln63_1_fu_496                |    0    |    0    |    0    |    0    |    12   |    0    |
|    add   |                  add_ln63_fu_611                 |    0    |    0    |    0    |    0    |    71   |    0    |
|          |                  add_ln88_fu_822                 |    0    |    0    |    0    |    0    |    12   |    0    |
|          |                    oi_6_fu_872                   |    0    |    0    |    0    |    0    |    39   |    0    |
|----------|--------------------------------------------------|---------|---------|---------|---------|---------|---------|
|          |                   chunk_fu_458                   |    0    |    0    |    0    |    0    |    30   |    0    |
|          |                   len_8_fu_630                   |    0    |    0    |    0    |    0    |    32   |    0    |
|  select  |                   len_9_fu_649                   |    0    |    0    |    0    |    0    |    31   |    0    |
|          |                    smax_fu_673                   |    0    |    0    |    0    |    0    |    31   |    0    |
|          |                select_ln88_fu_878                |    0    |    0    |    0    |    0    |    32   |    0    |
|----------|--------------------------------------------------|---------|---------|---------|---------|---------|---------|
|          |                 icmp_ln63_fu_490                 |    0    |    0    |    0    |    0    |    12   |    0    |
|          |                 icmp_ln65_fu_621                 |    0    |    0    |    0    |    0    |    41   |    0    |
|   icmp   |                  empty_59_fu_657                 |    0    |    0    |    0    |    0    |    39   |    0    |
|          |                 icmp_ln88_fu_816                 |    0    |    0    |    0    |    0    |    12   |    0    |
|          |                 icmp_ln89_fu_866                 |    0    |    0    |    0    |    0    |    39   |    0    |
|----------|--------------------------------------------------|---------|---------|---------|---------|---------|---------|
|          |                  sub_ln61_fu_418                 |    0    |    0    |    0    |    0    |    39   |    0    |
|    sub   |                 sub_ln61_1_fu_438                |    0    |    0    |    0    |    0    |    36   |    0    |
|          |                  sub_ln65_fu_616                 |    0    |    0    |    0    |    0    |    40   |    0    |
|----------|--------------------------------------------------|---------|---------|---------|---------|---------|---------|
| sparsemux|                   tmp_9_fu_833                   |    0    |    0    |    0    |    0    |    43   |    0    |
|----------|--------------------------------------------------|---------|---------|---------|---------|---------|---------|
|    mul   |                  mul_ln63_fu_510                 |    0    |    0    |    0    |    0    |    25   |    0    |
|----------|--------------------------------------------------|---------|---------|---------|---------|---------|---------|
|          |              out_r_read_read_fu_220              |    0    |    0    |    0    |    0    |    0    |    0    |
|   read   |                n_read_read_fu_226                |    0    |    0    |    0    |    0    |    0    |    0    |
|          |               in_r_read_read_fu_232              |    0    |    0    |    0    |    0    |    0    |    0    |
|----------|--------------------------------------------------|---------|---------|---------|---------|---------|---------|
|  readreq |                grp_readreq_fu_238                |    0    |    0    |    0    |    0    |    0    |    0    |
|----------|--------------------------------------------------|---------|---------|---------|---------|---------|---------|
| writereq |          gmem1_addr_req_writereq_fu_244          |    0    |    0    |    0    |    0    |    0    |    0    |
|----------|--------------------------------------------------|---------|---------|---------|---------|---------|---------|
|   write  |              write_ln88_write_fu_251             |    0    |    0    |    0    |    0    |    0    |    0    |
|----------|--------------------------------------------------|---------|---------|---------|---------|---------|---------|
| writeresp|               grp_writeresp_fu_259               |    0    |    0    |    0    |    0    |    0    |    0    |
|----------|--------------------------------------------------|---------|---------|---------|---------|---------|---------|
| bitselect|                    tmp_fu_410                    |    0    |    0    |    0    |    0    |    0    |    0    |
|          |                   tmp_16_fu_641                  |    0    |    0    |    0    |    0    |    0    |    0    |
|----------|--------------------------------------------------|---------|---------|---------|---------|---------|---------|
|          |                   tmp_s_fu_424                   |    0    |    0    |    0    |    0    |    0    |    0    |
|partselect|                   tmp_1_fu_444                   |    0    |    0    |    0    |    0    |    0    |    0    |
|          |                 trunc_ln7_fu_789                 |    0    |    0    |    0    |    0    |    0    |    0    |
|----------|--------------------------------------------------|---------|---------|---------|---------|---------|---------|
|          |                 zext_ln61_fu_434                 |    0    |    0    |    0    |    0    |    0    |    0    |
|          |                zext_ln61_1_fu_454                |    0    |    0    |    0    |    0    |    0    |    0    |
|   zext   |                 zext_ln63_fu_502                 |    0    |    0    |    0    |    0    |    0    |    0    |
|          |                 zext_ln66_fu_669                 |    0    |    0    |    0    |    0    |    0    |    0    |
|          |                 zext_ln65_fu_679                 |    0    |    0    |    0    |    0    |    0    |    0    |
|----------|--------------------------------------------------|---------|---------|---------|---------|---------|---------|
|          |                 sext_ln61_fu_466                 |    0    |    0    |    0    |    0    |    0    |    0    |
|          |                 sext_ln63_fu_470                 |    0    |    0    |    0    |    0    |    0    |    0    |
|          |                sext_ln63_3_fu_474                |    0    |    0    |    0    |    0    |    0    |    0    |
|   sext   |                sext_ln63_1_fu_478                |    0    |    0    |    0    |    0    |    0    |    0    |
|          |                sext_ln63_4_fu_605                |    0    |    0    |    0    |    0    |    0    |    0    |
|          |                sext_ln63_2_fu_608                |    0    |    0    |    0    |    0    |    0    |    0    |
|          |                 sext_ln88_fu_798                 |    0    |    0    |    0    |    0    |    0    |    0    |
|----------|--------------------------------------------------|---------|---------|---------|---------|---------|---------|
|          |                 trunc_ln63_fu_506                |    0    |    0    |    0    |    0    |    0    |    0    |
|          |                 trunc_ln65_fu_626                |    0    |    0    |    0    |    0    |    0    |    0    |
|          |                trunc_ln65_1_fu_637               |    0    |    0    |    0    |    0    |    0    |    0    |
|          |                 trunc_ln76_fu_749                |    0    |    0    |    0    |    0    |    0    |    0    |
|          |                trunc_ln76_1_fu_754               |    0    |    0    |    0    |    0    |    0    |    0    |
|   trunc  |                trunc_ln76_2_fu_759               |    0    |    0    |    0    |    0    |    0    |    0    |
|          |                trunc_ln76_3_fu_764               |    0    |    0    |    0    |    0    |    0    |    0    |
|          |                trunc_ln76_4_fu_769               |    0    |    0    |    0    |    0    |    0    |    0    |
|          |                trunc_ln76_5_fu_774               |    0    |    0    |    0    |    0    |    0    |    0    |
|          |                trunc_ln76_6_fu_779               |    0    |    0    |    0    |    0    |    0    |    0    |
|          |                 trunc_ln56_fu_784                |    0    |    0    |    0    |    0    |    0    |    0    |
|          |                 trunc_ln88_fu_828                |    0    |    0    |    0    |    0    |    0    |    0    |
|----------|--------------------------------------------------|---------|---------|---------|---------|---------|---------|
|  switch  |                switch_ln67_fu_688                |    0    |    0    |    0    |    0    |    0    |    0    |
|----------|--------------------------------------------------|---------|---------|---------|---------|---------|---------|
|   Total  |                                                  |    8    |    48   |  140.84 |  27935  |  28352  |    0    |
|----------|--------------------------------------------------|---------|---------|---------|---------|---------|---------|

Memories:
+----------------------------------------------------------+--------+--------+--------+--------+
|                                                          |  BRAM  |   FF   |   LUT  |  URAM  |
+----------------------------------------------------------+--------+--------+--------+--------+
|  arith_encode_unsigned_char_const_int_unsigned_char_buf  |    1   |    0   |    0   |    0   |
| arith_encode_unsigned_char_const_int_unsigned_char_buf_2 |    1   |    0   |    0   |    0   |
| arith_encode_unsigned_char_const_int_unsigned_char_buf_3 |    1   |    0   |    0   |    0   |
| arith_encode_unsigned_char_const_int_unsigned_char_buf_4 |    1   |    0   |    0   |    0   |
| arith_encode_unsigned_char_const_int_unsigned_char_buf_5 |    1   |    0   |    0   |    0   |
| arith_encode_unsigned_char_const_int_unsigned_char_buf_6 |    1   |    0   |    0   |    0   |
| arith_encode_unsigned_char_const_int_unsigned_char_buf_7 |    1   |    0   |    0   |    0   |
| arith_encode_unsigned_char_const_int_unsigned_char_buf_8 |    1   |    0   |    0   |    0   |
|  arith_encode_unsigned_char_const_int_unsigned_char_cout |    1   |    0   |    0   |    0   |
|arith_encode_unsigned_char_const_int_unsigned_char_cout_10|    1   |    0   |    0   |    0   |
|arith_encode_unsigned_char_const_int_unsigned_char_cout_11|    1   |    0   |    0   |    0   |
|arith_encode_unsigned_char_const_int_unsigned_char_cout_12|    1   |    0   |    0   |    0   |
|arith_encode_unsigned_char_const_int_unsigned_char_cout_13|    1   |    0   |    0   |    0   |
|arith_encode_unsigned_char_const_int_unsigned_char_cout_14|    1   |    0   |    0   |    0   |
|arith_encode_unsigned_char_const_int_unsigned_char_cout_15|    1   |    0   |    0   |    0   |
| arith_encode_unsigned_char_const_int_unsigned_char_cout_9|    1   |    0   |    0   |    0   |
+----------------------------------------------------------+--------+--------+--------+--------+
|                           Total                          |   16   |    0   |    0   |    0   |
+----------------------------------------------------------+--------+--------+--------+--------+

* Register list:
+---------------------+--------+
|                     |   FF   |
+---------------------+--------+
|  add_ln63_1_reg_991 |    4   |
|  add_ln63_reg_1062  |   64   |
|     c_2_reg_1015    |    4   |
|      c_reg_896      |    4   |
|   clen_1_reg_1109   |   32   |
|   clen_2_reg_1119   |   32   |
|   clen_3_reg_1129   |   32   |
|   clen_4_reg_1139   |   32   |
|   clen_5_reg_1149   |   32   |
|   clen_6_reg_1159   |   32   |
|   clen_7_reg_1169   |   32   |
|    clen_reg_1099    |   32   |
|   empty_51_reg_909  |   32   |
|   empty_52_reg_915  |   32   |
|   empty_53_reg_921  |   32   |
|   empty_54_reg_927  |   32   |
|   empty_55_reg_933  |   32   |
|   empty_56_reg_939  |   32   |
|   empty_57_reg_945  |   32   |
|  empty_59_reg_1079  |    1   |
|    empty_reg_903    |   32   |
| gmem0_addr_reg_1084 |    8   |
| gmem1_addr_reg_1179 |   128  |
|  in_r_read_reg_957  |   64   |
|   len_10_reg_1027   |   32   |
|   len_11_reg_1032   |   32   |
|   len_12_reg_1037   |   32   |
|   len_13_reg_1042   |   32   |
|   len_14_reg_1047   |   32   |
|   len_15_reg_1052   |   32   |
|   len_16_reg_1057   |   32   |
|    len_9_reg_1073   |   31   |
|     len_reg_1022    |   32   |
|  mul_ln63_reg_1002  |   33   |
|   oi_load_reg_1188  |   32   |
|     oi_reg_1008     |   32   |
|  out_r_read_reg_951 |   64   |
|  sext_ln61_reg_968  |   32   |
| sext_ln63_1_reg_983 |   34   |
| sext_ln63_3_reg_978 |   33   |
|  sext_ln63_reg_973  |   34   |
| shiftreg_loc_reg_962|   128  |
|    smax_reg_1094    |   31   |
|    tmp_9_reg_1198   |   32   |
| trunc_ln56_reg_1174 |   16   |
|  trunc_ln63_reg_996 |    3   |
|trunc_ln65_1_reg_1068|   31   |
|trunc_ln76_1_reg_1114|   16   |
|trunc_ln76_2_reg_1124|   16   |
|trunc_ln76_3_reg_1134|   16   |
|trunc_ln76_4_reg_1144|   16   |
|trunc_ln76_5_reg_1154|   16   |
|trunc_ln76_6_reg_1164|   16   |
| trunc_ln76_reg_1104 |   16   |
| trunc_ln88_reg_1193 |    3   |
|  zext_ln66_reg_1089 |   64   |
+---------------------+--------+
|        Total        |  1790  |
+---------------------+--------+

* Multiplexer (MUX) list: 
|--------------------------------------------------|------|------|------|--------||---------||---------||---------|
|                       Comp                       |  Pin | Size |  BW  | S x BW ||  Delay  ||    FF   ||   LUT   |
|--------------------------------------------------|------|------|------|--------||---------||---------||---------|
|                grp_readreq_fu_238                |  p1  |   2  |   8  |   16   ||    0    ||    9    |
|                grp_readreq_fu_238                |  p2  |   2  |  31  |   62   ||    0    ||    9    |
|              grp_encode_chunk_fu_264             |  p2  |   2  |  32  |   64   ||    0    ||    9    |
|              grp_encode_chunk_fu_273             |  p2  |   2  |  32  |   64   ||    0    ||    9    |
|              grp_encode_chunk_fu_282             |  p2  |   2  |  32  |   64   ||    0    ||    9    |
|              grp_encode_chunk_fu_291             |  p2  |   2  |  32  |   64   ||    0    ||    9    |
|              grp_encode_chunk_fu_300             |  p2  |   2  |  32  |   64   ||    0    ||    9    |
|              grp_encode_chunk_fu_309             |  p2  |   2  |  32  |   64   ||    0    ||    9    |
|              grp_encode_chunk_fu_318             |  p2  |   2  |  32  |   64   ||    0    ||    9    |
|              grp_encode_chunk_fu_327             |  p2  |   2  |  32  |   64   ||    0    ||    9    |
|      grp_arith_encode_Pipeline_Header_fu_361     |  p1  |   2  |  16  |   32   ||    0    ||    9    |
|      grp_arith_encode_Pipeline_Header_fu_361     |  p2  |   2  |  16  |   32   ||    0    ||    9    |
|      grp_arith_encode_Pipeline_Header_fu_361     |  p3  |   2  |  16  |   32   ||    0    ||    9    |
|      grp_arith_encode_Pipeline_Header_fu_361     |  p4  |   2  |  16  |   32   ||    0    ||    9    |
|      grp_arith_encode_Pipeline_Header_fu_361     |  p5  |   2  |  16  |   32   ||    0    ||    9    |
|      grp_arith_encode_Pipeline_Header_fu_361     |  p6  |   2  |  16  |   32   ||    0    ||    9    |
|      grp_arith_encode_Pipeline_Header_fu_361     |  p7  |   2  |  16  |   32   ||    0    ||    9    |
|      grp_arith_encode_Pipeline_Header_fu_361     |  p8  |   2  |  16  |   32   ||    0    ||    9    |
| grp_arith_encode_Pipeline_VITIS_LOOP_89_2_fu_374 |  p2  |   2  |  32  |   64   ||    0    ||    9    |
| grp_arith_encode_Pipeline_VITIS_LOOP_89_2_fu_374 |  p3  |   2  |   3  |    6   ||    0    ||    9    |
| grp_arith_encode_Pipeline_VITIS_LOOP_89_2_fu_374 |  p4  |   2  |  32  |   64   ||    0    ||    9    |
|--------------------------------------------------|------|------|------|--------||---------||---------||---------|
|                       Total                      |      |      |      |   980  ||  8.967  ||    0    ||   189   |
|--------------------------------------------------|------|------|------|--------||---------||---------||---------|



* Summary:
+-----------+--------+--------+--------+--------+--------+--------+
|           |  BRAM  |   DSP  |  Delay |   FF   |   LUT  |  URAM  |
+-----------+--------+--------+--------+--------+--------+--------+
|  Function |    8   |   48   |   140  |  27935 |  28352 |    0   |
|   Memory  |   16   |    -   |    -   |    0   |    0   |    0   |
|Multiplexer|    -   |    -   |    8   |    0   |   189  |    -   |
|  Register |    -   |    -   |    -   |  1790  |    -   |    -   |
+-----------+--------+--------+--------+--------+--------+--------+
|   Total   |   24   |   48   |   149  |  29725 |  28541 |    0   |
+-----------+--------+--------+--------+--------+--------+--------+
