Execute       source -notrace -encoding utf-8 /home/sadat-kabir/Xilinx/2025.2.1/Vitis/tps/tcl/tcl8.6/clock.tcl 
Execute         source -encoding utf-8 /home/sadat-kabir/Xilinx/2025.2.1/tps/tcl/tcl8/8.5/msgcat-1.6.1.tm 
INFO-FLOW: Workspace /home/sadat-kabir/Work/COMP4601/labs/Project/comp4601-project/replication_full/hls/work_k8_report/hls opened at Sat Aug 01 19:33:59 AEST 2026
Execute       send_msg_by_id INFO @200-1505@%s%s default  vivado 
INFO: [HLS 200-1505] Using default flow_target 'vivado'
Execute       send_msg_by_id INFO @200-2174@%s%s component synth_k8.cfg 
INFO: [HLS 200-2174] Applying component config ini file synth_k8.cfg
Execute       apply_ini synth_k8.cfg 
Execute         send_msg_by_id INFO @200-1465@%s 'syn.file=arith5.cpp' from synth_k8.cfg(8) 
INFO: [HLS 200-1465] Applying config ini 'syn.file=arith5.cpp' from synth_k8.cfg(8)
Execute         add_files /home/sadat-kabir/Work/COMP4601/labs/Project/comp4601-project/replication_full/hls/arith5.cpp 
INFO: [HLS 200-10] Adding design file '/home/sadat-kabir/Work/COMP4601/labs/Project/comp4601-project/replication_full/hls/arith5.cpp' to the project
Execute         send_msg_by_id INFO @200-1465@%s 'syn.file=arith3.h' from synth_k8.cfg(9) 
INFO: [HLS 200-1465] Applying config ini 'syn.file=arith3.h' from synth_k8.cfg(9)
Execute         add_files /home/sadat-kabir/Work/COMP4601/labs/Project/comp4601-project/replication_full/hls/arith3.h 
INFO: [HLS 200-10] Adding design file '/home/sadat-kabir/Work/COMP4601/labs/Project/comp4601-project/replication_full/hls/arith3.h' to the project
Execute         send_msg_by_id INFO @200-1465@%s 'syn.cflags=-DKWAY=8' from synth_k8.cfg(10) 
INFO: [HLS 200-1465] Applying config ini 'syn.cflags=-DKWAY=8' from synth_k8.cfg(10)
Execute         add_files * -appendflags -cflags -DKWAY=8 
Execute         send_msg_by_id INFO @200-1465@%s 'syn.top=arith_encode' from synth_k8.cfg(7) 
INFO: [HLS 200-1465] Applying config ini 'syn.top=arith_encode' from synth_k8.cfg(7)
Execute         set_top arith_encode 
Execute         send_msg_by_id INFO @200-1465@%s 'flow_target=vitis' from synth_k8.cfg(4) 
INFO: [HLS 200-1465] Applying config ini 'flow_target=vitis' from synth_k8.cfg(4)
Execute         send_msg_by_id INFO @200-1505@%s%s  vitis 
INFO: [HLS 200-1505] Using flow_target 'vitis'
Execute         send_msg_by_id INFO @200-435@%s%s 'flow_target=vitis' config_interface -m_axi_latency=64 
INFO: [HLS 200-435] Setting 'flow_target=vitis' configuration: config_interface -m_axi_latency=64
Execute         config_interface -m_axi_latency=64 
Execute         send_msg_by_id INFO @200-435@%s%s 'flow_target=vitis' config_interface -m_axi_alignment_byte_size=64 
INFO: [HLS 200-435] Setting 'flow_target=vitis' configuration: config_interface -m_axi_alignment_byte_size=64
Execute         config_interface -m_axi_alignment_byte_size=64 
Execute         send_msg_by_id INFO @200-435@%s%s 'flow_target=vitis' config_interface -m_axi_max_widen_bitwidth=512 
INFO: [HLS 200-435] Setting 'flow_target=vitis' configuration: config_interface -m_axi_max_widen_bitwidth=512
Execute         config_interface -m_axi_max_widen_bitwidth=512 
INFO-FLOW: Setting macro_cmd flow_target=vitis configuration: config_interface -default_interface=kernel
Execute         config_interface -default_interface=kernel 
Execute         send_msg_by_id INFO @200-435@%s%s 'flow_target=vitis' config_rtl -register_reset_num=3 
INFO: [HLS 200-435] Setting 'flow_target=vitis' configuration: config_rtl -register_reset_num=3
Execute         config_rtl -register_reset_num=3 
Execute         send_msg_by_id INFO @200-1465@%s 'part=xck26-sfvc784-2LV-c' from synth_k8.cfg(1) 
INFO: [HLS 200-1465] Applying config ini 'part=xck26-sfvc784-2LV-c' from synth_k8.cfg(1)
Execute         set_part xck26-sfvc784-2LV-c 
Execute           create_platform xck26-sfvc784-2LV-c -board  
DBG:HLSDevice: Trying to load device library: /home/sadat-kabir/Xilinx/2025.2.1/Vitis/lib/lnx64.o/libxv_hlsvwrap.so
DBG:HLSDevice: first parts/arch.xml in RDI_DATADIR: /home/sadat-kabir/Xilinx/2025.2.1/Vivado/data/parts/arch.xml
DBG:HLSDevice: init success
INFO: [HLS 200-1611] Setting target device to 'xck26-sfvc784-2LV-c'
Command           create_platform done; 0.33 sec.
Execute           source /home/sadat-kabir/Xilinx/2025.2.1/Vitis/common/technology/xilinx/common/xilinx.gen 
Execute             source /home/sadat-kabir/Xilinx/2025.2.1/Vitis/common/technology/xilinx/interface/plb46.gen 
Execute             source /home/sadat-kabir/Xilinx/2025.2.1/Vitis/common/technology/xilinx/interface/axi4.gen 
Execute             source /home/sadat-kabir/Xilinx/2025.2.1/Vitis/common/technology/xilinx/interface/nativeAXI4.gen 
Execute               source /home/sadat-kabir/Xilinx/2025.2.1/Vitis/common/technology/xilinx/interface/saxilite.gen 
Execute             source /home/sadat-kabir/Xilinx/2025.2.1/Vitis/common/technology/xilinx/scripts/xilinxcoregen.gen 
Execute             source /home/sadat-kabir/Xilinx/2025.2.1/Vitis/common/technology/xilinx/interface/XilEDKCoreGen.gen 
Execute             source /home/sadat-kabir/Xilinx/2025.2.1/Vitis/common/technology/xilinx/ip/xfft.gen 
Execute             source /home/sadat-kabir/Xilinx/2025.2.1/Vitis/common/technology/xilinx/ip/dds_compiler.gen 
Execute             source /home/sadat-kabir/Xilinx/2025.2.1/Vitis/common/technology/xilinx/ip/xfir.gen 
Execute             source /home/sadat-kabir/Xilinx/2025.2.1/Vitis/common/technology/xilinx/ip/util.gen 
Execute             source /home/sadat-kabir/Xilinx/2025.2.1/Vitis/common/technology/xilinx/DSP48/dsp48.gen 
Execute           ap_part_info -name xck26-sfvc784-2LV-c -data info 
Execute           config_compile -quiet -complex-mul-dsp=0 
Command         set_part done; 0.43 sec.
Execute         send_msg_by_id INFO @200-1465@%s 'clock=5ns' from synth_k8.cfg(11) 
INFO: [HLS 200-1465] Applying config ini 'clock=5ns' from synth_k8.cfg(11)
Execute         create_clock -period 5ns 
Execute           ap_set_clock -name default -period 5 -unit ns -default=false 
INFO: [SYN 201-201] Setting up clock 'default' with a period of 5ns.
Execute         send_msg_by_id INFO @200-1465@%s 'package.output.format=xo' from synth_k8.cfg(5) 
INFO: [HLS 200-1465] Applying config ini 'package.output.format=xo' from synth_k8.cfg(5)
Execute         config_export -format=xo 
Command       apply_ini done; 0.45 sec.
Execute       write_component -config /home/sadat-kabir/Work/COMP4601/labs/Project/comp4601-project/replication_full/hls/synth_k8.cfg 
Execute         send_msg_by_id INFO @200-2176@%s /home/sadat-kabir/Work/COMP4601/labs/Project/comp4601-project/replication_full/hls/work_k8_report/vitis-comp.json 
INFO: [HLS 200-2176] Writing Vitis IDE component file /home/sadat-kabir/Work/COMP4601/labs/Project/comp4601-project/replication_full/hls/work_k8_report/vitis-comp.json
Command     open_solution done; 0.49 sec.
Command   open_component done; 0.49 sec.
Execute   apply_ini /home/sadat-kabir/Work/COMP4601/labs/Project/comp4601-project/replication_full/hls/work_k8_report/hls/config.cmdline -iscmdline 
Execute   ::AP::init_summary_file csynth 
Execute     AP::app_get_file_relativeroot [AP::app_get_root] {}
Execute   csynth_design 
Execute     AP::msg_collection_file -open /home/sadat-kabir/Work/COMP4601/labs/Project/comp4601-project/replication_full/hls/work_k8_report/hls/.autopilot/db/be_messages.xml 
Execute     ap_part_info -name xck26-sfvc784-2LV-c -data info 
INFO-FLOW: run_clang arith5.cpp.xilinx-performance-pragma-detector exec: /home/sadat-kabir/Xilinx/2025.2.1/Vitis/lnx64/tools/clang-16/bin/xilinx-performance-pragma-detector arith5.cpp -- -fhls -DKWAY=8 -D__VITIS_HLS__ -DAESL_SYN -D__SYNTHESIS__ -D__HLS_SYN__ -I /home/sadat-kabir/Xilinx/2025.2.1/Vitis/common/technology/autopilot -I /home/sadat-kabir/Xilinx/2025.2.1/Vitis/common/technology/autopilot/ap_sysc -include etc/autopilot_ssdm_op.h -D__DSP48E2__ -target fpga64-xilinx-linux-gnu -I /usr/include/x86_64-linux-gnu --gcc-toolchain=/home/sadat-kabir/Xilinx/2025.2.1/Vitis/tps/lnx64/gcc-8.3.0 -hls-platform-db-name=/home/sadat-kabir/Xilinx/2025.2.1/Vitis/common/technology/xilinx/common/platform.db -hls-platform-name=zynquplus_medium -device-resource-info=BRAM_288.000000_DSP_1248.000000_FF_234240.000000_LUT_117120.000000_SLICE_14640.000000_URAM_64.000000 -device-name-info=xck26-sfvc784-2LV-c > /home/sadat-kabir/Work/COMP4601/labs/Project/comp4601-project/replication_full/hls/work_k8_report/hls/.autopilot/db/arith5.cpp.xilinx-performance-pragma-detector.out.log 2> /home/sadat-kabir/Work/COMP4601/labs/Project/comp4601-project/replication_full/hls/work_k8_report/hls/.autopilot/db/arith5.cpp.xilinx-performance-pragma-detector.err.log
INFO-FLOW: run_clang result=success num-err-msgs=0 num-stderr-lines=1
Execute     elaborate -effort=medium -skip_syncheck=0 -keep_printf=0 -skip_cdt=0 -skip_transform=0 -ng=0 -g=0 -from_csynth_design=1 
INFO: [HLS 200-111] Finished File checks and directory preparation: CPU user time: 1.1 seconds. CPU system time: 1.02 seconds. Elapsed time: 2.93 seconds; current allocated memory: 263.609 MB.
Execute       send_msg_by_id INFO @200-2191@%s%s C-Synthesis clang-16 
INFO: [HLS 200-2191] C-Synthesis will use clang-16 as the compiler
Execute       set_directive_top arith_encode -name=arith_encode 
INFO: [HLS 200-10] Analyzing design file 'arith5.cpp' ... 
INFO-FLOW: Compiling one TU...
INFO-FLOW: Handling arith5.cpp as C++
Execute       ap_part_info -name xck26-sfvc784-2LV-c -data info 
INFO-FLOW: Running: GCC PP 39
INFO-FLOW: Source preprocessing
INFO-FLOW: run_clang arith5.cpp.clang exec: /home/sadat-kabir/Xilinx/2025.2.1/Vitis/lnx64/tools/clang-16/bin/clang arith5.cpp -foptimization-record-file=/home/sadat-kabir/Work/COMP4601/labs/Project/comp4601-project/replication_full/hls/work_k8_report/hls/.autopilot/db/arith5.cpp.clang.diag.yml -mllvm -pass-remarks-missed=reflow|pasta|unroll|inline -mllvm -pass-remarks=reflow|pasta|unroll|inline -fno-limit-debug-info --gcc-toolchain=/home/sadat-kabir/Xilinx/2025.2.1/Vitis/tps/lnx64/gcc-8.3.0 -fhls -fno-exceptions -insert-hls-directive=/home/sadat-kabir/Work/COMP4601/labs/Project/comp4601-project/replication_full/hls/work_k8_report/hls/.autopilot/db/all.directive.json -hls-directive-location -E -DKWAY=8 -fno-math-errno -c -emit-llvm -mllvm -disable-llvm-optzns -Xclang -no-opaque-pointers -Xclang -fmerge-all-constants -Werror=implicit-hls-streams -Werror=return-type -Wpragmas -Wunused-parameter -Wdump-hls-pragmas -Wno-error=dump-hls-pragmas -hls-clock-period=5 -fno-threadsafe-statics -fno-use-cxa-atexit -target fpga64-xilinx-linux-gnu -fno-threadsafe-statics -fno-use-cxa-atexit -D__VITIS_HLS__ -DAESL_SYN -D__SYNTHESIS__ -D__HLS_SYN__ -I /home/sadat-kabir/Xilinx/2025.2.1/Vitis/common/technology/autopilot -I /home/sadat-kabir/Xilinx/2025.2.1/Vitis/common/technology/autopilot/ap_sysc -include etc/autopilot_ssdm_op.h -D__DSP48E2__ -I /usr/include/x86_64-linux-gnu -o /home/sadat-kabir/Work/COMP4601/labs/Project/comp4601-project/replication_full/hls/work_k8_report/hls/.autopilot/db/arith5.pp.0.cpp -hls-platform-db-name=/home/sadat-kabir/Xilinx/2025.2.1/Vitis/common/technology/xilinx/common/platform.db -hls-platform-name=zynquplus_medium -device-resource-info=BRAM_288.000000_DSP_1248.000000_FF_234240.000000_LUT_117120.000000_SLICE_14640.000000_URAM_64.000000 -device-name-info=xck26-sfvc784-2LV-c > /home/sadat-kabir/Work/COMP4601/labs/Project/comp4601-project/replication_full/hls/work_k8_report/hls/.autopilot/db/arith5.cpp.clang.out.log 2> /home/sadat-kabir/Work/COMP4601/labs/Project/comp4601-project/replication_full/hls/work_k8_report/hls/.autopilot/db/arith5.cpp.clang.err.log
INFO-FLOW: run_clang result=success num-err-msgs=0 num-stderr-lines=0
INFO-FLOW: Done: GCC PP 39 time: 0.3 seconds 
INFO-FLOW: Source syntax check for synthesis
INFO-FLOW: run_clang clang exec: /home/sadat-kabir/Xilinx/2025.2.1/Vitis/lnx64/tools/clang-16/bin/clang -foptimization-record-file=/home/sadat-kabir/Work/COMP4601/labs/Project/comp4601-project/replication_full/hls/work_k8_report/hls/.autopilot/db/clang.diag.yml -mllvm -pass-remarks-missed=reflow|pasta|unroll|inline -mllvm -pass-remarks=reflow|pasta|unroll|inline -fsyntax-only -fhls -target fpga64-xilinx-linux-gnu /home/sadat-kabir/Work/COMP4601/labs/Project/comp4601-project/replication_full/hls/work_k8_report/hls/.autopilot/db/arith5.pp.0.cpp -hls-platform-db-name=/home/sadat-kabir/Xilinx/2025.2.1/Vitis/common/technology/xilinx/common/platform.db -hls-platform-name=zynquplus_medium -device-resource-info=BRAM_288.000000_DSP_1248.000000_FF_234240.000000_LUT_117120.000000_SLICE_14640.000000_URAM_64.000000 -device-name-info=xck26-sfvc784-2LV-c > /home/sadat-kabir/Work/COMP4601/labs/Project/comp4601-project/replication_full/hls/work_k8_report/hls/.autopilot/db/clang.out.log 2> /home/sadat-kabir/Work/COMP4601/labs/Project/comp4601-project/replication_full/hls/work_k8_report/hls/.autopilot/db/clang.err.log
INFO-FLOW: run_clang result=success num-err-msgs=0 num-stderr-lines=0
Execute       clang_tidy xilinx-systemc-detector -desc systemc-detector /home/sadat-kabir/Work/COMP4601/labs/Project/comp4601-project/replication_full/hls/work_k8_report/hls/.autopilot/db/arith5.pp.0.cpp  -target fpga -directive=/home/sadat-kabir/Work/COMP4601/labs/Project/comp4601-project/replication_full/hls/work_k8_report/hls/.autopilot/db/.systemc_flag 
INFO-FLOW: exec /home/sadat-kabir/Xilinx/2025.2.1/Vitis/lnx64/tools/clang-16/bin/clang-tidy -header-filter=.* --checks=-*,xilinx-systemc-detector -import-directive=/home/sadat-kabir/Work/COMP4601/labs/Project/comp4601-project/replication_full/hls/work_k8_report/hls/.autopilot/db/.systemc_flag -fix-errors /home/sadat-kabir/Work/COMP4601/labs/Project/comp4601-project/replication_full/hls/work_k8_report/hls/.autopilot/db/arith5.pp.0.cpp -- - -target fpga -fhls -ferror-limit=0
Command       clang_tidy done; 0.14 sec.
INFO-FLOW: Running: clang-tidy CDT preprocess 39
Execute       clang_tidy xilinx-directive2pragma -desc directive2pragma /home/sadat-kabir/Work/COMP4601/labs/Project/comp4601-project/replication_full/hls/work_k8_report/hls/.autopilot/db/arith5.pp.0.cpp  -target fpga -directive=/home/sadat-kabir/Work/COMP4601/labs/Project/comp4601-project/replication_full/hls/work_k8_report/hls/.autopilot/db/all.directive.json 
INFO-FLOW: exec /home/sadat-kabir/Xilinx/2025.2.1/Vitis/lnx64/tools/clang-16/bin/clang-tidy -header-filter=.* --checks=-*,xilinx-directive2pragma -import-directive=/home/sadat-kabir/Work/COMP4601/labs/Project/comp4601-project/replication_full/hls/work_k8_report/hls/.autopilot/db/all.directive.json -fix-errors /home/sadat-kabir/Work/COMP4601/labs/Project/comp4601-project/replication_full/hls/work_k8_report/hls/.autopilot/db/arith5.pp.0.cpp -- - -target fpga -fhls -ferror-limit=0
INFO-FLOW: Done: clang-tidy CDT preprocess 39 time: 0 seconds 
INFO-FLOW: Calling xilinx-label-all-loops ... 
INFO-FLOW: Calling xilinx-aggregate-on-hls-vector ... 
Execute       clang_tidy -errorcheck -desc loop-label xilinx-label-all-loops,xilinx-aggregate-on-hls-vector,,xilinx-warn-mayneed-no-ctor-attribute /home/sadat-kabir/Work/COMP4601/labs/Project/comp4601-project/replication_full/hls/work_k8_report/hls/.autopilot/db/arith5.pp.0.cpp  -target fpga 
INFO-FLOW: run_clang loop-label exec: /home/sadat-kabir/Xilinx/2025.2.1/Vitis/lnx64/tools/clang-16/bin/clang-tidy -export-fixes=/home/sadat-kabir/Work/COMP4601/labs/Project/comp4601-project/replication_full/hls/work_k8_report/hls/.autopilot/db/arith5.pp.0.cpp.clang-tidy.loop-label.diag.yml -header-filter=.* --checks=-*,xilinx-label-all-loops,xilinx-aggregate-on-hls-vector,,xilinx-warn-mayneed-no-ctor-attribute -fix-errors /home/sadat-kabir/Work/COMP4601/labs/Project/comp4601-project/replication_full/hls/work_k8_report/hls/.autopilot/db/arith5.pp.0.cpp -- - -target fpga -fhls -ferror-limit=0 > /home/sadat-kabir/Work/COMP4601/labs/Project/comp4601-project/replication_full/hls/work_k8_report/hls/.autopilot/db/arith5.pp.0.cpp.clang-tidy.loop-label.out.log 2> /home/sadat-kabir/Work/COMP4601/labs/Project/comp4601-project/replication_full/hls/work_k8_report/hls/.autopilot/db/arith5.pp.0.cpp.clang-tidy.loop-label.err.log
Execute         source /home/sadat-kabir/Xilinx/2025.2.1/Vitis/tps/tcl/tcllib2.0/yaml/yaml.tcl 
Execute           source /home/sadat-kabir/Xilinx/2025.2.1/Vitis/tps/tcl/tcllib2.0/cmdline/cmdline.tcl 
INFO-FLOW: run_clang result=success num-err-msgs=0 num-stderr-lines=46
INFO-FLOW: run_clang arith5.pp.0.cpp.xilinx-dataflow-lawyer exec: /home/sadat-kabir/Xilinx/2025.2.1/Vitis/lnx64/tools/clang-16/bin/xilinx-dataflow-lawyer -export-fixes=/home/sadat-kabir/Work/COMP4601/labs/Project/comp4601-project/replication_full/hls/work_k8_report/hls/.autopilot/db/arith5.pp.0.cpp.xilinx-dataflow-lawyer.diag.yml /home/sadat-kabir/Work/COMP4601/labs/Project/comp4601-project/replication_full/hls/work_k8_report/hls/.autopilot/db/arith5.pp.0.cpp -- - -target fpga -fhls -ferror-limit=0 -fstrict-dataflow > /home/sadat-kabir/Work/COMP4601/labs/Project/comp4601-project/replication_full/hls/work_k8_report/hls/.autopilot/db/arith5.pp.0.cpp.xilinx-dataflow-lawyer.out.log 2> /home/sadat-kabir/Work/COMP4601/labs/Project/comp4601-project/replication_full/hls/work_k8_report/hls/.autopilot/db/arith5.pp.0.cpp.xilinx-dataflow-lawyer.err.log
INFO-FLOW: run_clang result=success num-err-msgs=0 num-stderr-lines=0
Execute       ap_part_info -name xck26-sfvc784-2LV-c -data info 
INFO-FLOW: compiling source code to llvm bc
INFO-FLOW: run_clang arith5.pp.0.cpp.clang exec: /home/sadat-kabir/Xilinx/2025.2.1/Vitis/lnx64/tools/clang-16/bin/clang -foptimization-record-file=/home/sadat-kabir/Work/COMP4601/labs/Project/comp4601-project/replication_full/hls/work_k8_report/hls/.autopilot/db/arith5.pp.0.cpp.clang.diag.yml -mllvm -pass-remarks-missed=reflow|pasta|unroll|inline -mllvm -pass-remarks=reflow|pasta|unroll|inline -flto -fno-exceptions -Wno-error=c++11-narrowing -fno-limit-debug-info -fhls -hls-emit-hint-scope /home/sadat-kabir/Work/COMP4601/labs/Project/comp4601-project/replication_full/hls/work_k8_report/hls/.autopilot/db/arith5.pp.0.cpp -DKWAY=8 -fno-math-errno -c -emit-llvm -mllvm -disable-llvm-optzns -Xclang -no-opaque-pointers -Xclang -fmerge-all-constants -Werror=implicit-hls-streams -Werror=return-type -Wpragmas -Wunused-parameter -Wdump-hls-pragmas -Wno-error=dump-hls-pragmas -hls-clock-period=5 -fno-threadsafe-statics -fno-use-cxa-atexit -target fpga64-xilinx-linux-gnu -D__VITIS_HLS__ -DAESL_SYN -D__SYNTHESIS__ -D__HLS_SYN__ -I /home/sadat-kabir/Xilinx/2025.2.1/Vitis/common/technology/autopilot -I /home/sadat-kabir/Xilinx/2025.2.1/Vitis/common/technology/autopilot/ap_sysc -include etc/autopilot_ssdm_op.h -D__DSP48E2__ -g -o /home/sadat-kabir/Work/COMP4601/labs/Project/comp4601-project/replication_full/hls/work_k8_report/hls/.autopilot/db/arith5.pre.g.bc -hls-platform-db-name=/home/sadat-kabir/Xilinx/2025.2.1/Vitis/common/technology/xilinx/common/platform.db -hls-platform-name=zynquplus_medium -device-resource-info=BRAM_288.000000_DSP_1248.000000_FF_234240.000000_LUT_117120.000000_SLICE_14640.000000_URAM_64.000000 -device-name-info=xck26-sfvc784-2LV-c > /home/sadat-kabir/Work/COMP4601/labs/Project/comp4601-project/replication_full/hls/work_k8_report/hls/.autopilot/db/arith5.pp.0.cpp.clang.out.log 2> /home/sadat-kabir/Work/COMP4601/labs/Project/comp4601-project/replication_full/hls/work_k8_report/hls/.autopilot/db/arith5.pp.0.cpp.clang.err.log
INFO-FLOW: run_clang result=success num-err-msgs=0 num-stderr-lines=0
INFO-FLOW: converting llvm 16.0.4 bc to downstrem bc
INFO-FLOW: run_clang arith5.bc.llvm-converter exec: /home/sadat-kabir/Xilinx/2025.2.1/Vitis/lnx64/tools/clang-16/bin/llvm-converter -opaque-pointers=0 /home/sadat-kabir/Work/COMP4601/labs/Project/comp4601-project/replication_full/hls/work_k8_report/hls/.autopilot/db/arith5.pre.g.bc -o /home/sadat-kabir/Work/COMP4601/labs/Project/comp4601-project/replication_full/hls/work_k8_report/hls/.autopilot/db/arith5.bc > /home/sadat-kabir/Work/COMP4601/labs/Project/comp4601-project/replication_full/hls/work_k8_report/hls/.autopilot/db/arith5.bc.llvm-converter.out.log 2> /home/sadat-kabir/Work/COMP4601/labs/Project/comp4601-project/replication_full/hls/work_k8_report/hls/.autopilot/db/arith5.bc.llvm-converter.err.log
INFO-FLOW: run_clang result=success num-err-msgs=0 num-stderr-lines=0
INFO: [HLS 200-111] Finished Source Code Analysis and Preprocessing: CPU user time: 0.27 seconds. CPU system time: 0.45 seconds. Elapsed time: 1.03 seconds; current allocated memory: 265.395 MB.
INFO-FLOW: Linking Debug ...
INFO-FLOW: Linking dut bc code.
Execute       run_link_or_opt -out /home/sadat-kabir/Work/COMP4601/labs/Project/comp4601-project/replication_full/hls/work_k8_report/hls/.autopilot/db/a.g.ld.0.bc -args /home/sadat-kabir/Work/COMP4601/labs/Project/comp4601-project/replication_full/hls/work_k8_report/hls/.autopilot/db/arith5.bc 
INFO-FLOW: run_clang a.g.ld.0.bc.llvm-link exec: /home/sadat-kabir/Xilinx/2025.2.1/Vitis/lnx64/tools/clang-3.9-csynth/bin/llvm-link /home/sadat-kabir/Work/COMP4601/labs/Project/comp4601-project/replication_full/hls/work_k8_report/hls/.autopilot/db/arith5.bc -o /home/sadat-kabir/Work/COMP4601/labs/Project/comp4601-project/replication_full/hls/work_k8_report/hls/.autopilot/db/a.g.ld.0.bc > /home/sadat-kabir/Work/COMP4601/labs/Project/comp4601-project/replication_full/hls/work_k8_report/hls/.autopilot/db/a.g.ld.0.bc.llvm-link.out.log 2> /home/sadat-kabir/Work/COMP4601/labs/Project/comp4601-project/replication_full/hls/work_k8_report/hls/.autopilot/db/a.g.ld.0.bc.llvm-link.err.log
INFO-FLOW: run_clang result=success num-err-msgs=0 num-stderr-lines=0
Execute       run_link_or_opt -opt -out /home/sadat-kabir/Work/COMP4601/labs/Project/comp4601-project/replication_full/hls/work_k8_report/hls/.autopilot/db/a.g.ld.1.lower.bc -args /home/sadat-kabir/Work/COMP4601/labs/Project/comp4601-project/replication_full/hls/work_k8_report/hls/.autopilot/db/a.g.ld.0.bc -reflow-lower-math-intrinsics 
INFO-FLOW: run_clang a.g.ld.1.lower.bc.opt exec: /home/sadat-kabir/Xilinx/2025.2.1/Vitis/lnx64/tools/clang-3.9-csynth/bin/opt -pass-remarks-missed=reflow|pasta|unroll|inline -pass-remarks=reflow|pasta|unroll|inline -pass-remarks-output=/home/sadat-kabir/Work/COMP4601/labs/Project/comp4601-project/replication_full/hls/work_k8_report/hls/.autopilot/db/a.g.ld.1.lower.bc.opt.diag.yml /home/sadat-kabir/Work/COMP4601/labs/Project/comp4601-project/replication_full/hls/work_k8_report/hls/.autopilot/db/a.g.ld.0.bc -reflow-lower-math-intrinsics -o /home/sadat-kabir/Work/COMP4601/labs/Project/comp4601-project/replication_full/hls/work_k8_report/hls/.autopilot/db/a.g.ld.1.lower.bc > /home/sadat-kabir/Work/COMP4601/labs/Project/comp4601-project/replication_full/hls/work_k8_report/hls/.autopilot/db/a.g.ld.1.lower.bc.opt.out.log 2> /home/sadat-kabir/Work/COMP4601/labs/Project/comp4601-project/replication_full/hls/work_k8_report/hls/.autopilot/db/a.g.ld.1.lower.bc.opt.err.log
INFO-FLOW: run_clang result=success num-err-msgs=0 num-stderr-lines=0
INFO-FLOW: Running: gen_design_size_report post-opt
INFO-FLOW: Done: gen_design_size_report post-opt time: 0 seconds 
Command       run_link_or_opt done; 0.11 sec.
INFO-FLOW: Linking math bc lib
Execute       run_link_or_opt -out /home/sadat-kabir/Work/COMP4601/labs/Project/comp4601-project/replication_full/hls/work_k8_report/hls/.autopilot/db/a.g.ld.2.m1.bc -args /home/sadat-kabir/Work/COMP4601/labs/Project/comp4601-project/replication_full/hls/work_k8_report/hls/.autopilot/db/a.g.ld.1.lower.bc -only-needed /home/sadat-kabir/Xilinx/2025.2.1/Vitis/lnx64/lib/libhlsm_39.bc /home/sadat-kabir/Xilinx/2025.2.1/Vitis/lnx64/lib/libhlsmc++_39.bc 
INFO-FLOW: run_clang a.g.ld.2.m1.bc.llvm-link exec: /home/sadat-kabir/Xilinx/2025.2.1/Vitis/lnx64/tools/clang-3.9-csynth/bin/llvm-link /home/sadat-kabir/Work/COMP4601/labs/Project/comp4601-project/replication_full/hls/work_k8_report/hls/.autopilot/db/a.g.ld.1.lower.bc -only-needed /home/sadat-kabir/Xilinx/2025.2.1/Vitis/lnx64/lib/libhlsm_39.bc /home/sadat-kabir/Xilinx/2025.2.1/Vitis/lnx64/lib/libhlsmc++_39.bc -o /home/sadat-kabir/Work/COMP4601/labs/Project/comp4601-project/replication_full/hls/work_k8_report/hls/.autopilot/db/a.g.ld.2.m1.bc > /home/sadat-kabir/Work/COMP4601/labs/Project/comp4601-project/replication_full/hls/work_k8_report/hls/.autopilot/db/a.g.ld.2.m1.bc.llvm-link.out.log 2> /home/sadat-kabir/Work/COMP4601/labs/Project/comp4601-project/replication_full/hls/work_k8_report/hls/.autopilot/db/a.g.ld.2.m1.bc.llvm-link.err.log
INFO-FLOW: run_clang result=success num-err-msgs=0 num-stderr-lines=0
Command       run_link_or_opt done; 1.31 sec.
Execute       run_link_or_opt -opt -out /home/sadat-kabir/Work/COMP4601/labs/Project/comp4601-project/replication_full/hls/work_k8_report/hls/.autopilot/db/a.g.ld.3.fpc.bc -args /home/sadat-kabir/Work/COMP4601/labs/Project/comp4601-project/replication_full/hls/work_k8_report/hls/.autopilot/db/a.g.ld.2.m1.bc -reflow-globaldce -hls-top-function-name=arith_encode -reflow-float-conversion 
INFO-FLOW: run_clang a.g.ld.3.fpc.bc.opt exec: /home/sadat-kabir/Xilinx/2025.2.1/Vitis/lnx64/tools/clang-3.9-csynth/bin/opt -pass-remarks-missed=reflow|pasta|unroll|inline -pass-remarks=reflow|pasta|unroll|inline -pass-remarks-output=/home/sadat-kabir/Work/COMP4601/labs/Project/comp4601-project/replication_full/hls/work_k8_report/hls/.autopilot/db/a.g.ld.3.fpc.bc.opt.diag.yml /home/sadat-kabir/Work/COMP4601/labs/Project/comp4601-project/replication_full/hls/work_k8_report/hls/.autopilot/db/a.g.ld.2.m1.bc -reflow-globaldce -hls-top-function-name=arith_encode -reflow-float-conversion -o /home/sadat-kabir/Work/COMP4601/labs/Project/comp4601-project/replication_full/hls/work_k8_report/hls/.autopilot/db/a.g.ld.3.fpc.bc > /home/sadat-kabir/Work/COMP4601/labs/Project/comp4601-project/replication_full/hls/work_k8_report/hls/.autopilot/db/a.g.ld.3.fpc.bc.opt.out.log 2> /home/sadat-kabir/Work/COMP4601/labs/Project/comp4601-project/replication_full/hls/work_k8_report/hls/.autopilot/db/a.g.ld.3.fpc.bc.opt.err.log
INFO-FLOW: run_clang result=success num-err-msgs=0 num-stderr-lines=0
INFO-FLOW: Running: gen_design_size_report post-opt
INFO-FLOW: Done: gen_design_size_report post-opt time: 0 seconds 
Command       run_link_or_opt done; 0.57 sec.
Execute       run_link_or_opt -out /home/sadat-kabir/Work/COMP4601/labs/Project/comp4601-project/replication_full/hls/work_k8_report/hls/.autopilot/db/a.g.ld.4.m2.bc -args /home/sadat-kabir/Work/COMP4601/labs/Project/comp4601-project/replication_full/hls/work_k8_report/hls/.autopilot/db/a.g.ld.3.fpc.bc -only-needed /home/sadat-kabir/Xilinx/2025.2.1/Vitis/lnx64/lib/libfloatconversion_39.bc 
INFO-FLOW: run_clang a.g.ld.4.m2.bc.llvm-link exec: /home/sadat-kabir/Xilinx/2025.2.1/Vitis/lnx64/tools/clang-3.9-csynth/bin/llvm-link /home/sadat-kabir/Work/COMP4601/labs/Project/comp4601-project/replication_full/hls/work_k8_report/hls/.autopilot/db/a.g.ld.3.fpc.bc -only-needed /home/sadat-kabir/Xilinx/2025.2.1/Vitis/lnx64/lib/libfloatconversion_39.bc -o /home/sadat-kabir/Work/COMP4601/labs/Project/comp4601-project/replication_full/hls/work_k8_report/hls/.autopilot/db/a.g.ld.4.m2.bc > /home/sadat-kabir/Work/COMP4601/labs/Project/comp4601-project/replication_full/hls/work_k8_report/hls/.autopilot/db/a.g.ld.4.m2.bc.llvm-link.out.log 2> /home/sadat-kabir/Work/COMP4601/labs/Project/comp4601-project/replication_full/hls/work_k8_report/hls/.autopilot/db/a.g.ld.4.m2.bc.llvm-link.err.log
INFO-FLOW: run_clang result=success num-err-msgs=0 num-stderr-lines=0
Execute       run_link_or_opt -opt -out /home/sadat-kabir/Work/COMP4601/labs/Project/comp4601-project/replication_full/hls/work_k8_report/hls/.autopilot/db/a.g.ld.5.gdce.bc -args /home/sadat-kabir/Work/COMP4601/labs/Project/comp4601-project/replication_full/hls/work_k8_report/hls/.autopilot/db/a.g.ld.4.m2.bc -reflow-globaldce -hls-top-function-name=arith_encode 
INFO-FLOW: run_clang a.g.ld.5.gdce.bc.opt exec: /home/sadat-kabir/Xilinx/2025.2.1/Vitis/lnx64/tools/clang-3.9-csynth/bin/opt -pass-remarks-missed=reflow|pasta|unroll|inline -pass-remarks=reflow|pasta|unroll|inline -pass-remarks-output=/home/sadat-kabir/Work/COMP4601/labs/Project/comp4601-project/replication_full/hls/work_k8_report/hls/.autopilot/db/a.g.ld.5.gdce.bc.opt.diag.yml /home/sadat-kabir/Work/COMP4601/labs/Project/comp4601-project/replication_full/hls/work_k8_report/hls/.autopilot/db/a.g.ld.4.m2.bc -reflow-globaldce -hls-top-function-name=arith_encode -o /home/sadat-kabir/Work/COMP4601/labs/Project/comp4601-project/replication_full/hls/work_k8_report/hls/.autopilot/db/a.g.ld.5.gdce.bc > /home/sadat-kabir/Work/COMP4601/labs/Project/comp4601-project/replication_full/hls/work_k8_report/hls/.autopilot/db/a.g.ld.5.gdce.bc.opt.out.log 2> /home/sadat-kabir/Work/COMP4601/labs/Project/comp4601-project/replication_full/hls/work_k8_report/hls/.autopilot/db/a.g.ld.5.gdce.bc.opt.err.log
INFO-FLOW: run_clang result=success num-err-msgs=0 num-stderr-lines=0
INFO-FLOW: Running: gen_design_size_report post-opt
INFO-FLOW: Done: gen_design_size_report post-opt time: 0 seconds 
Execute       send_msg_by_id INFO @200-777@%s Vitis 
INFO: [HLS 200-777] Using interface defaults for 'Vitis' flow target.
Execute       is_m_axi_addr64 
INFO-FLOW: Doing LTO.
INFO-FLOW: run_clang reflow (background poll_ms 5000) exec: /home/sadat-kabir/Xilinx/2025.2.1/Vitis/lnx64/tools/clang-3.9-csynth/bin/clang -foptimization-record-file=/home/sadat-kabir/Work/COMP4601/labs/Project/comp4601-project/replication_full/hls/work_k8_report/hls/.autopilot/db/a.g.ld.0.bc.clang.reflow.diag.yml -mllvm -pass-remarks-missed=reflow|pasta|unroll|inline -mllvm -pass-remarks=reflow|pasta|unroll|inline -fhls -mllvm -hls-top-function-name=arith_encode -mllvm -hls-db-dir -mllvm /home/sadat-kabir/Work/COMP4601/labs/Project/comp4601-project/replication_full/hls/work_k8_report/hls/.autopilot/db -emit-llvm -c -target fpga64-xilinx-none -mllvm -xcl-xmlinfo=/home/sadat-kabir/Work/COMP4601/labs/Project/comp4601-project/replication_full/hls/work_k8_report/hls/.autopilot/db/../../kernel.xml -mllvm -top-io-mapping-info=/home/sadat-kabir/Work/COMP4601/labs/Project/comp4601-project/replication_full/hls/work_k8_report/hls/.autopilot/db/top-io-fe.xml -mllvm -hls-bitcode-version=3.1 -mllvm -reflow-enable-slave-interface-default-setting=true -mllvm -gen-kernel-xml=true -mllvm -default-maxi-offset=slave -mllvm -reflow-unroll-size-threshold=10000 -mllvm -reflow-unroll-cost-threshold=1000000 -mllvm -maxi-latency=64 -mllvm -hls-maxi-data-size-in-bits=8 -mllvm -hls-maxi-max-data-size-in-bits=1024 -mllvm -hls-max-widen-size-in-bits=512 -mllvm -xcl-kernel-max-mem-ports=0 -mllvm -maxi-read-trans=16 -mllvm -maxi-write-trans=16 -mllvm -maxi-read-burst-len=16 -mllvm -maxi-write-burst-len=16 -mllvm -reflow-enable-saxi-64bits=0 -mllvm -reflow-basic-block-instr-threshold=200000 -mllvm -reflow-auto-pipeline-threshold=64 -mllvm -reflow-enable-maxi-auto-id-channel=0 -mllvm -reflow-bdd-simplify-threshold=1048576 -mllvm -reflow-fanout-threshold=16 -mllvm -reflow-force-aggressive-unroll=0 -mllvm -reflow-aggressive-unroll-adjust-factor=1.000000 -mllvm -reflow-complete-threshold=4 -mllvm -reflow-array-promotion-threshold=64 -mllvm -reflow-enable-critical-path-for-performance=1 -mllvm -assume-maxi-align=64 -mllvm -reflow-enable-dataflow-strict-mode-checking=1 -ftime-report -mllvm -time-passes -mllvm -reflow-auto-array-partition-mode=default -mllvm -reflow-enable-auto-small-array-partition=true -mllvm -reflow-enable-auto-array-promotion=true -mllvm -reflow-enable-auto-array-partition-for-flatten=true -mllvm -reflow-enable-auto-parallel-performance-driven=true -mllvm -reflow-enable-partition-for-automation=true -mllvm -reflow-aggregate-bitwidth-threshold=4096 -mllvm -reflow-reserved-saxilite-registers=0 -mllvm -enable-reflow-auto-loop-pipeline -mllvm -reflow-max-unroll-threshold=409600 -mllvm -auto-unroll-tripcount-threshold=0 -mllvm -reflow-assume-no-address-wrap=true -mllvm -reflow-enable-occurrence-inference=true -mllvm -reflow-emit-hint-scope=true -mllvm -reflow-enable-codegen-with-if=true -mllvm -reflow-enable-dataflow-canon=true -mllvm -reflow-enable-dataflow-canon2=true -mllvm -reflow-dump-extra-complexity-metric=true -mllvm -reflow-enable-dse-loop-nest-extraction=false -mllvm -hls -mllvm -disable-inlined-alloca-merging=true -mllvm -enable-reflow-vitis-flow-setting=true -mllvm -default-clock-period=5 -mllvm -use_read_first_ram_in_loop=1 -mllvm -default-clock-uncertainty=1.35 -x ir /home/sadat-kabir/Work/COMP4601/labs/Project/comp4601-project/replication_full/hls/work_k8_report/hls/.autopilot/db/a.g.ld.5.gdce.bc -o /home/sadat-kabir/Work/COMP4601/labs/Project/comp4601-project/replication_full/hls/work_k8_report/hls/.autopilot/db/a.g.lto.bc -hls-platform-db-name=/home/sadat-kabir/Xilinx/2025.2.1/Vitis/common/technology/xilinx/common/platform.db -hls-platform-name=zynquplus_medium -device-resource-info=BRAM_288.000000_DSP_1248.000000_FF_234240.000000_LUT_117120.000000_SLICE_14640.000000_URAM_64.000000 -device-name-info=xck26-sfvc784-2LV-c 2> /home/sadat-kabir/Work/COMP4601/labs/Project/comp4601-project/replication_full/hls/work_k8_report/hls/.autopilot/db/a.g.ld.0.bc.clang.reflow.err.log bg_poll_cmd: ::AP::poll_clang_39_closed_source
Execute       send_msg_by_id INFO @200-1995@%s%s%s 971 Compile/Link (/home/sadat-kabir/Work/COMP4601/labs/Project/comp4601-project/replication_full/hls/work_k8_report/hls/syn/report/csynth_design_size.rpt:2) 
INFO: [HLS 200-1995] There were 971 instructions in the design after the 'Compile/Link' phase of compilation. See the Design Size Report for more details (/home/sadat-kabir/Work/COMP4601/labs/Project/comp4601-project/replication_full/hls/work_k8_report/hls/syn/report/csynth_design_size.rpt:2)
Execute       send_msg_by_id INFO @200-1995@%s%s%s 6,334 Unroll/Inline (step 1) (/home/sadat-kabir/Work/COMP4601/labs/Project/comp4601-project/replication_full/hls/work_k8_report/hls/syn/report/csynth_design_size.rpt:2) 
INFO: [HLS 200-1995] There were 6,334 instructions in the design after the 'Unroll/Inline (step 1)' phase of compilation. See the Design Size Report for more details (/home/sadat-kabir/Work/COMP4601/labs/Project/comp4601-project/replication_full/hls/work_k8_report/hls/syn/report/csynth_design_size.rpt:2)
Execute       send_msg_by_id INFO @200-1995@%s%s%s 5,611 Unroll/Inline (step 2) (/home/sadat-kabir/Work/COMP4601/labs/Project/comp4601-project/replication_full/hls/work_k8_report/hls/syn/report/csynth_design_size.rpt:2) 
INFO: [HLS 200-1995] There were 5,611 instructions in the design after the 'Unroll/Inline (step 2)' phase of compilation. See the Design Size Report for more details (/home/sadat-kabir/Work/COMP4601/labs/Project/comp4601-project/replication_full/hls/work_k8_report/hls/syn/report/csynth_design_size.rpt:2)
Execute       send_msg_by_id INFO @200-1995@%s%s%s 5,213 Unroll/Inline (step 3) (/home/sadat-kabir/Work/COMP4601/labs/Project/comp4601-project/replication_full/hls/work_k8_report/hls/syn/report/csynth_design_size.rpt:2) 
INFO: [HLS 200-1995] There were 5,213 instructions in the design after the 'Unroll/Inline (step 3)' phase of compilation. See the Design Size Report for more details (/home/sadat-kabir/Work/COMP4601/labs/Project/comp4601-project/replication_full/hls/work_k8_report/hls/syn/report/csynth_design_size.rpt:2)
Execute       send_msg_by_id INFO @200-1995@%s%s%s 5,435 Unroll/Inline (step 4) (/home/sadat-kabir/Work/COMP4601/labs/Project/comp4601-project/replication_full/hls/work_k8_report/hls/syn/report/csynth_design_size.rpt:2) 
INFO: [HLS 200-1995] There were 5,435 instructions in the design after the 'Unroll/Inline (step 4)' phase of compilation. See the Design Size Report for more details (/home/sadat-kabir/Work/COMP4601/labs/Project/comp4601-project/replication_full/hls/work_k8_report/hls/syn/report/csynth_design_size.rpt:2)
Execute       send_msg_by_id INFO @200-1995@%s%s%s 5,711 Array/Struct (step 1) (/home/sadat-kabir/Work/COMP4601/labs/Project/comp4601-project/replication_full/hls/work_k8_report/hls/syn/report/csynth_design_size.rpt:2) 
INFO: [HLS 200-1995] There were 5,711 instructions in the design after the 'Array/Struct (step 1)' phase of compilation. See the Design Size Report for more details (/home/sadat-kabir/Work/COMP4601/labs/Project/comp4601-project/replication_full/hls/work_k8_report/hls/syn/report/csynth_design_size.rpt:2)
Execute       send_msg_by_id INFO @200-1995@%s%s%s 5,678 Array/Struct (step 2) (/home/sadat-kabir/Work/COMP4601/labs/Project/comp4601-project/replication_full/hls/work_k8_report/hls/syn/report/csynth_design_size.rpt:2) 
INFO: [HLS 200-1995] There were 5,678 instructions in the design after the 'Array/Struct (step 2)' phase of compilation. See the Design Size Report for more details (/home/sadat-kabir/Work/COMP4601/labs/Project/comp4601-project/replication_full/hls/work_k8_report/hls/syn/report/csynth_design_size.rpt:2)
Execute       send_msg_by_id INFO @200-1995@%s%s%s 5,678 Array/Struct (step 3) (/home/sadat-kabir/Work/COMP4601/labs/Project/comp4601-project/replication_full/hls/work_k8_report/hls/syn/report/csynth_design_size.rpt:2) 
INFO: [HLS 200-1995] There were 5,678 instructions in the design after the 'Array/Struct (step 3)' phase of compilation. See the Design Size Report for more details (/home/sadat-kabir/Work/COMP4601/labs/Project/comp4601-project/replication_full/hls/work_k8_report/hls/syn/report/csynth_design_size.rpt:2)
Execute       send_msg_by_id INFO @200-1995@%s%s%s 5,678 Array/Struct (step 4) (/home/sadat-kabir/Work/COMP4601/labs/Project/comp4601-project/replication_full/hls/work_k8_report/hls/syn/report/csynth_design_size.rpt:2) 
INFO: [HLS 200-1995] There were 5,678 instructions in the design after the 'Array/Struct (step 4)' phase of compilation. See the Design Size Report for more details (/home/sadat-kabir/Work/COMP4601/labs/Project/comp4601-project/replication_full/hls/work_k8_report/hls/syn/report/csynth_design_size.rpt:2)
Execute       send_msg_by_id INFO @200-1995@%s%s%s 5,778 Array/Struct (step 5) (/home/sadat-kabir/Work/COMP4601/labs/Project/comp4601-project/replication_full/hls/work_k8_report/hls/syn/report/csynth_design_size.rpt:2) 
INFO: [HLS 200-1995] There were 5,778 instructions in the design after the 'Array/Struct (step 5)' phase of compilation. See the Design Size Report for more details (/home/sadat-kabir/Work/COMP4601/labs/Project/comp4601-project/replication_full/hls/work_k8_report/hls/syn/report/csynth_design_size.rpt:2)
Execute       send_msg_by_id INFO @200-1995@%s%s%s 5,774 Performance (step 1) (/home/sadat-kabir/Work/COMP4601/labs/Project/comp4601-project/replication_full/hls/work_k8_report/hls/syn/report/csynth_design_size.rpt:2) 
INFO: [HLS 200-1995] There were 5,774 instructions in the design after the 'Performance (step 1)' phase of compilation. See the Design Size Report for more details (/home/sadat-kabir/Work/COMP4601/labs/Project/comp4601-project/replication_full/hls/work_k8_report/hls/syn/report/csynth_design_size.rpt:2)
Execute       send_msg_by_id INFO @200-1995@%s%s%s 5,732 Performance (step 2) (/home/sadat-kabir/Work/COMP4601/labs/Project/comp4601-project/replication_full/hls/work_k8_report/hls/syn/report/csynth_design_size.rpt:2) 
INFO: [HLS 200-1995] There were 5,732 instructions in the design after the 'Performance (step 2)' phase of compilation. See the Design Size Report for more details (/home/sadat-kabir/Work/COMP4601/labs/Project/comp4601-project/replication_full/hls/work_k8_report/hls/syn/report/csynth_design_size.rpt:2)
Execute       send_msg_by_id INFO @200-1995@%s%s%s 5,684 Performance (step 3) (/home/sadat-kabir/Work/COMP4601/labs/Project/comp4601-project/replication_full/hls/work_k8_report/hls/syn/report/csynth_design_size.rpt:2) 
INFO: [HLS 200-1995] There were 5,684 instructions in the design after the 'Performance (step 3)' phase of compilation. See the Design Size Report for more details (/home/sadat-kabir/Work/COMP4601/labs/Project/comp4601-project/replication_full/hls/work_k8_report/hls/syn/report/csynth_design_size.rpt:2)
Execute       send_msg_by_id INFO @200-1995@%s%s%s 5,684 Performance (step 4) (/home/sadat-kabir/Work/COMP4601/labs/Project/comp4601-project/replication_full/hls/work_k8_report/hls/syn/report/csynth_design_size.rpt:2) 
INFO: [HLS 200-1995] There were 5,684 instructions in the design after the 'Performance (step 4)' phase of compilation. See the Design Size Report for more details (/home/sadat-kabir/Work/COMP4601/labs/Project/comp4601-project/replication_full/hls/work_k8_report/hls/syn/report/csynth_design_size.rpt:2)
Execute       send_msg_by_id INFO @200-1995@%s%s%s 5,696 HW Transforms (step 1) (/home/sadat-kabir/Work/COMP4601/labs/Project/comp4601-project/replication_full/hls/work_k8_report/hls/syn/report/csynth_design_size.rpt:2) 
INFO: [HLS 200-1995] There were 5,696 instructions in the design after the 'HW Transforms (step 1)' phase of compilation. See the Design Size Report for more details (/home/sadat-kabir/Work/COMP4601/labs/Project/comp4601-project/replication_full/hls/work_k8_report/hls/syn/report/csynth_design_size.rpt:2)
Execute       send_msg_by_id INFO @200-1995@%s%s%s 5,872 HW Transforms (step 2) (/home/sadat-kabir/Work/COMP4601/labs/Project/comp4601-project/replication_full/hls/work_k8_report/hls/syn/report/csynth_design_size.rpt:2) 
INFO: [HLS 200-1995] There were 5,872 instructions in the design after the 'HW Transforms (step 2)' phase of compilation. See the Design Size Report for more details (/home/sadat-kabir/Work/COMP4601/labs/Project/comp4601-project/replication_full/hls/work_k8_report/hls/syn/report/csynth_design_size.rpt:2)
INFO: [HLS 214-186] Unrolling loop 'Encode_K' (arith5.cpp:72:5) in function 'arith_encode' completely with a factor of 8 (arith5.cpp:39:0)
WARNING: [HLS 214-366] Duplicating function 'encode_bit(unsigned int&, unsigned int&, unsigned int&, unsigned int&, int&, unsigned char*, int&, unsigned int&, int)' as different function signatures were detected between this call site and other call site(s). This may impact the resources used in the design. (arith5.cpp:26:13)
INFO: [HLS 214-178] Inlining function 'put_bit(int, unsigned int&, int&, unsigned char*, int&)' into 'encode_bit(unsigned int&, unsigned int&, unsigned int&, unsigned int&, int&, unsigned char*, int&, unsigned int&, int)' (./arith3.h:40:0)
INFO: [HLS 214-178] Inlining function 'put_bit(int, unsigned int&, int&, unsigned char*, int&)' into 'encode_bit(unsigned int&, unsigned int&, unsigned int&, unsigned int&, int&, unsigned char*, int&, unsigned int&, int) (.1)' (./arith3.h:40:0)
INFO: [HLS 214-178] Inlining function 'put_bit(int, unsigned int&, int&, unsigned char*, int&)' into 'encode_chunk(unsigned char const*, int, unsigned char*)' (arith5.cpp:15:0)
WARNING: [HLS 214-464] Skipping array undecay on variable length array 'out'. (arith5.cpp:15:0)
INFO: [HLS 214-248] Applying array_partition to '_ZZ12arith_encodePKhiPhE4cout': Complete partitioning on dimension 1. (arith5.cpp:52:0)
INFO: [HLS 214-248] Applying array_partition to '_ZZ12arith_encodePKhiPhE3buf': Complete partitioning on dimension 1. (arith5.cpp:48:0)
INFO: [HLS 214-248] Applying array_partition to 'clen': Complete partitioning on dimension 1. (arith5.cpp:56:9)
INFO: [HLS 214-376] Pipelining loop< VITIS_LOOP_50_1> at ./arith3.h:50:30 due to pipeline_loops threshold
INFO: [HLS 214-376] Pipelining loop< VITIS_LOOP_53_2> at ./arith3.h:53:30 due to pipeline_loops threshold
INFO: [HLS 214-376] Pipelining loop< VITIS_LOOP_17_1> at arith5.cpp:17:22 due to pipeline_loops threshold
INFO: [HLS 214-376] Pipelining loop< VITIS_LOOP_33_5> at arith5.cpp:33:58 due to pipeline_loops threshold
INFO: [HLS 214-376] Pipelining loop< VITIS_LOOP_32_4> at arith5.cpp:32:105 due to pipeline_loops threshold
INFO: [HLS 214-376] Pipelining loop< VITIS_LOOP_66_1> at arith5.cpp:66:26 due to pipeline_loops threshold
INFO: [HLS 214-376] Pipelining loop< Header> at arith5.cpp:83:5 due to pipeline_loops threshold
INFO: [HLS 214-376] Pipelining loop< VITIS_LOOP_89_2> at arith5.cpp:89:26 due to pipeline_loops threshold
INFO: [HLS 214-437] Disabling loop flattening for loop 'VITIS_LOOP_21_2'. (arith5.cpp:21:22)
INFO: [HLS 214-115] Multiple burst reads of variable length and bit width 8 in loop 'VITIS_LOOP_66_1'(arith5.cpp:66:26) has been inferred on bundle 'gmem0'. These burst requests might be further partitioned into multiple requests during RTL generation, based on max_read_burst_length or max_write_burst_length settings. (arith5.cpp:66:26)
INFO-FLOW: run_clang result=success num-err-msgs=0 num-stderr-lines=82
INFO-FLOW: DBG:PUTS: copy_raw_kernel_xml ap_link_39: copying raw kernel.xml: /home/sadat-kabir/Work/COMP4601/labs/Project/comp4601-project/replication_full/hls/work_k8_report/hls/.autopilot/db/../../kernel.xml -> /home/sadat-kabir/Work/COMP4601/labs/Project/comp4601-project/replication_full/hls/work_k8_report/hls/.autopilot/db/kernel.internal.xml
INFO: [HLS 200-111] Finished Compiling Optimization and Transform: CPU user time: 2.46 seconds. CPU system time: 0.73 seconds. Elapsed time: 7.52 seconds; current allocated memory: 268.258 MB.
INFO: [HLS 200-111] Finished Checking Pragmas: CPU user time: 0 seconds. CPU system time: 0 seconds. Elapsed time: 0 seconds; current allocated memory: 268.258 MB.
Execute       opt_and_import_c a -opt_level=2 -skip_syncheck=0 -ng=0 -keep_printf=0 
Execute         cleanup_all_models 
INFO: [HLS 200-10] Starting code transformations ...
INFO-FLOW: Running Standard Transforms...
Execute         transform -hls -share-std-xform -demangle-name -inline-byval-memcpy -always-inline -promote-dbg-pointer -interface-preproc -mem2reg -reassociate -gvn -reassociate -scalarrepl -mem2reg -keep-read-access -instcombine -dce -promote-dbg-pointer -bitop-raise -loop-simplify -indvarspre -indvars -loop-simplify -constprop -instcombine -simplifycfg -indvars -simplifycfg -dce -globaldce -basicaa -simplifycfg -mem2reg -globalopt -global-constprop -deadargelim -instcombine -simplifycfg -scalarrepl -instcombine -reassociate -licm -simplifycfg -loop-simplify -indvars -instcombine -simplifycfg -mem2reg -loop-simplify -indvars -instcombine -gvn -gvn -instcombine -adce -break-crit-edges -simplifycfg -loop-delete -global-array-opt -dce -dse -adce -find-syn-modules -top arith_encode -deadargelim -mem2reg -instcombine -dce -presyn-prepare -interface-preproc -syn-check -check-rec-only -find-region -simplifycfg -func-extr -function-inline -globaldce -mem2reg -instcombine -dce -gvn -globaldce -adce -adse -constprop -instcombine -bit-constprop -instcombine -dce -simplifycfg -bitop-raise -simplifycfg -dce -loop-delete -reassociate -globalopt -global-privatize -mem2reg -dce -global-constprop -pointer-simplify -constprop -dce -promote-dbg-pointer -norm-name /home/sadat-kabir/Work/COMP4601/labs/Project/comp4601-project/replication_full/hls/work_k8_report/hls/.autopilot/db/a.g.0.bc -o /home/sadat-kabir/Work/COMP4601/labs/Project/comp4601-project/replication_full/hls/work_k8_report/hls/.autopilot/db/a.g.1.bc -f -phase std-opt 
INFO: [HLS 200-111] Finished Standard Transforms: CPU user time: 0.04 seconds. CPU system time: 0.01 seconds. Elapsed time: 0.07 seconds; current allocated memory: 268.797 MB.
INFO: [HLS 200-10] Checking synthesizability ...
INFO-FLOW: Checking Synthesizability 1/2..
Execute         transform -hls -syn-check -check-rec-only -scalarrepl -norm-name -dce -mem2reg -instcombine -directive-preproc -mem2reg -dse -dce -dce -pag -array-normalize -instcombine -dce -array-seg-normalize -instcombine -dce -data-pack -instcombine -dce -inst-simplify -array-flatten -instcombine -dce -array-burst -dce -deadargelim -promote-global-argument -simplifycfg -mem2reg -globaldce -dce -deadargelim -dce -instcombine -function-inline -globaldce -dce -doublePtrSimplify -doublePtrElim -dce -doublePtrSimplify -promote-dbg-pointer -dce -scalarrepl -dse -adse -instcombine -ptrLegalization -simplifycfg -dce -instcombine -pointer-simplify -ptrArgReplace -dce -instcombine -resolve-double-ptr -scalarrepl -norm-name -dce -mem2reg -instcombine -ptrLegalization -simplifycfg -deadargelim -instcombine -dce -inst-simplify -directive-preproc -mem2reg -dse -dce -globaldce /home/sadat-kabir/Work/COMP4601/labs/Project/comp4601-project/replication_full/hls/work_k8_report/hls/.autopilot/db/a.g.1.bc -o /home/sadat-kabir/Work/COMP4601/labs/Project/comp4601-project/replication_full/hls/work_k8_report/hls/.autopilot/db/a.g.2.prechk.bc -f 
INFO-FLOW: Checking Synthesizability 2/2..
Execute         transform -syn-check /home/sadat-kabir/Work/COMP4601/labs/Project/comp4601-project/replication_full/hls/work_k8_report/hls/.autopilot/db/a.g.2.prechk.bc -o /home/sadat-kabir/Work/COMP4601/labs/Project/comp4601-project/replication_full/hls/work_k8_report/hls/.autopilot/db/a.g.2.bc -f -phase syn-check 
INFO: [HLS 200-111] Finished Checking Synthesizability: CPU user time: 0.03 seconds. CPU system time: 0 seconds. Elapsed time: 0.04 seconds; current allocated memory: 269.488 MB.
INFO-FLOW: Compiler optimizing ...
INFO-FLOW: Share syncheck's 1.bc for syn flow: copy /home/sadat-kabir/Work/COMP4601/labs/Project/comp4601-project/replication_full/hls/work_k8_report/hls/.autopilot/db/a.g.1.bc to /home/sadat-kabir/Work/COMP4601/labs/Project/comp4601-project/replication_full/hls/work_k8_report/hls/.autopilot/db/a.o.1.bc
INFO-FLOW: Presyn 1...
Execute         transform -hls -tmp /home/sadat-kabir/Work/COMP4601/labs/Project/comp4601-project/replication_full/hls/work_k8_report/hls/.autopilot/db -interface-port-rename -directive-preproc -mem2reg -dse -dce -scalarrepl -norm-name -deadargelim -dce -hls-dead-arg-elim -deadargelim -mem2reg -instcombine -dce -simplifycfg -dce -resource-proc -clib-intrinsic-prepare -dce -func-buffer -dce -pag -array-normalize -func-legal -instcombine -gvn -constprop -dce -simplifycfg -mem2reg -globaldce -resolve-double-ptr -dce -deadargelim -dce -instcombine -ptrArgReplace -mem2reg -dce -array-seg-normalize -deadargelim -instcombine -dce -directive-preproc -mem2reg -dse -dce -pointer-simplify -dce -dce -interface-preproc -data-pack -instcombine -dce -basicaa -aggr-aa -aggrmodref-aa -aggr-aa -gvn -gvn -basicaa -aggr-aa -aggrmodref-aa -aggr-aa -dse -adse -adce -loop-simplify -indvars -instcombine -gvn -loop-simplify -mem2reg -dce -find-region -instcombine -inst-simplify -interface-preproc -cfgopt -instcombine -indvars -loop-simplify -loop-bound -constprop -instcombine -simplifycfg -indvars -simplifycfg -dce -globaldce -clean-region -attach-range -gvn -inst-simplify -constprop -simplifycfg -dce -pointer-simplify -dce -globalopt -constprop -dce -ptrArgReplace -mem2reg -simplifycfg -dce -instcombine -dce -array-transform-check -array-reshape -instcombine -simplifycfg -dce -ptrArgReplace -deadargelim -mem2reg -instcombine -simplifycfg -dce -indvars -loop-simplify -loop-bound -constprop -instcombine -simplifycfg -indvars -simplifycfg -dce -globaldce -basicaa -aggr-aa -aggrmodref-aa -aggr-aa -dse -duplicate-dataflow-processes -globaldce -instcombine -array-partition -prepare-dynamic-array-partition -instcombine -simplifycfg -dce -ptrArgReplace -global-constprop -deadargelim -mem2reg -func-legal -dce -global-constprop -deadargelim -mem2reg -simplifycfg -dce -merge-param -deadargelim -globalopt -constprop -dce -ptrArgReplace -mem2reg -simplifycfg -dce -mem-intrinsic-preproc -dce -global-internalize -global-privatize -mem2reg -globaldce -lcssa -loop-simplify -phi-select-elim -promote-global-argument -ptrArgReplace -mem2reg -dce -globalopt -mergereturn -simplify-global-access -mem2reg -dce -pointer-simplify -dce -basicaa -aggr-aa -aggrmodref-aa -aggr-aa -functionattrs -basicaa -aggr-aa -aggrmodref-aa -aggr-aa -gvn -gvn -basicaa -aggr-aa -aggrmodref-aa -aggr-aa -dse -adse -adce -dce -norm-name -basicaa -aggr-aa -aggrmodref-aa -aggr-aa -accesses-merge -function-inline -complex-op-raise -inst-simplify -globaldce -func-legal -dce -loop-bound -arraycheck -bitwidthmin2 -bitwidthmin2 -on-by-dataflow -loop-delete -instcombine -simplifycfg -globaldce -dce -gvn -deadargelim -dce -loop-simplify -clean-region -simplifycfg -propagate-stable-arguments -instcombine -simplifycfg -dce -globaldce -duplicate-dataflow-processes -stream-intrinsic-preproc -dce -check-ap-stream -loop-simplify -eliminate-keepreads -extract-dataflow-in-loop -loop-simplify -dce -gvn -deadargelim -dse -duplicate-dataflow-processes -check-dataflow-syntax -legalize-stream-variable -globaldce -extract-subproc -global-constprop -deadargelim -globaldce -legalize-global -dce -dead-channel-elimination -canonicalize-gep -globaldce -dce -gvn -hls-dead-arg-elim -deadargelim -canonicalize-dataflow -directive-preproc -dce -globaldce -scalar-preprocessing -scalar-propagation2 -scalar-stream -deadargelim -globaldce -mem2reg -check-dataflow-channels -function-stream -dce -globaldce -prop-fifo-spec -internal-stream-gen -canonicalize-gep -globaldce -dce -gvn -deadargelim -mergereturn -indvars -loop-simplify -instcombine -array-stream -array-seg-normalize -array-partition -clean-array-spec -func-legal -instcombine -simplifycfg -dce -bundle-memfifo-ops -deadargelim -directive-preproc -mem2reg -dse -dce -group-axi-access -licm -simplifycfg -dce -loop-delete -hls-display -norm-name /home/sadat-kabir/Work/COMP4601/labs/Project/comp4601-project/replication_full/hls/work_k8_report/hls/.autopilot/db/a.o.1.bc -o /home/sadat-kabir/Work/COMP4601/labs/Project/comp4601-project/replication_full/hls/work_k8_report/hls/.autopilot/db/a.o.1.tmp.bc -f 
Command         transform done; 0.11 sec.
INFO-FLOW: Presyn 2...
Execute         transform -hls -keep-callgraph -scalarrepl -mem2reg -attach-range -dce -pipe-mux-gen -indvars -loop-bound -inst-simplify -instcombine -dce -merge-array-access -mem2reg -dce -clean-region -mergereturn -if-conv -instcombine -dce -constprop -basicaa -aggr-aa -aggrmodref-aa -aggr-aa -gvn -gvn -basicaa -aggr-aa -aggrmodref-aa -aggr-aa -dse -adse -adce -scalarrepl -mem2reg -global-constprop -deadargelim -deadargelim -instcombine -dce -simplifycfg -ptrArgReplace -mem2reg -function-inline -globaldce -mem2reg -instcombine -dce -expr-balance -instcombine -dce -bitwidthmin2 -bitwidthmin2 -interface-preproc -directive-preproc -inst-rectify -instcombine -dce -basicaa -aggr-aa -aggrmodref-aa -aggr-aa -functionattrs -constprop -instcombine -bit-constprop -simplify-global-access -globalopt -globaldce -inst-simplify -instcombine -elimdeaddata -dce -loop-delete -simplifycfg -loop-simplify -barrier -norm-name /home/sadat-kabir/Work/COMP4601/labs/Project/comp4601-project/replication_full/hls/work_k8_report/hls/.autopilot/db/a.o.1.tmp.bc -o /home/sadat-kabir/Work/COMP4601/labs/Project/comp4601-project/replication_full/hls/work_k8_report/hls/.autopilot/db/a.o.2.bc -f -phase presyn 
INFO: [XFORM 203-401] Performing if-conversion on hyperblock from (./arith3.h:38:41) to (./arith3.h:47:23) in function 'encode_bit'... converting 3 basic blocks.
INFO: [HLS 200-111] Finished Loop, function and other optimizations: CPU user time: 0.15 seconds. CPU system time: 0.01 seconds. Elapsed time: 0.17 seconds; current allocated memory: 292.555 MB.
Execute         transform -hls -auto-function-inline -globaldce -ptrArgReplace -mem2reg -dce -reset-lda -loop-simplify -indvars -aggr-aa -licm -loop-dep -loop-bound -licm -loop-simplify -loop-sink-hoist -flattenloopnest -array-flatten -gvn -instcombine -dce -array-map -dce -func-legal -gvn -adce -instcombine -cfgopt -simplifycfg-lite -loop-simplify -array-burst -promote-global-argument -dce -array-seg-normalize -basicaa -aggrmodref-aa -globalsmodref-aa -aggr-aa -gvn -gvn -basicaa -aggrmodref-aa -globalsmodref-aa -aggr-aa -dse -adse -adce -licm -inst-simplify -dce -globaldce -instcombine -array-stream -eliminate-keepreads -instcombine -dce -deadargelim -doublePtrSimplify -doublePtrElim -dce -doublePtrSimplify -promote-dbg-pointer -dce -scalarrepl -mem2reg -norm-name -mem2reg -instcombine -dse -adse -adce -ptrLegalization -dce -array-flatten -dce -instcombine -check-doubleptr -loop-rot -constprop -inst-simplify -cfgopt -simplifycfg-lite -loop-simplify -indvars -pointer-simplify -dce -loop-bound -loop-simplify -loop-preproc -constprop -global-constprop -gvn -mem2reg -instcombine -dce -loop-bound -loop-merge -dce -deadargelim -dce -canonicalize-dataflow -dce -deadargelim -globaldce -mem2reg -bram-byte-enable -inst-simplify -inst-rectify -instcombine -adce -deadargelim -load-elim -read-loop-dep -loop-simplify -loop-rewind-sink-hoist -loop-outline -hls-dead-arg-elim -directive-preproc -bitwidthmin2 -bitwidthmin2 -read-loop-dep -interface-preproc -directive-preproc -interface-gen -bram-byte-enable-spec-prop -mul2addshift -deadargelim -inst-simplify -dce -mem2reg -instcombine -gvn -dce -adse -loop-bound -instcombine -cfgopt -simplifycfg-lite -loop-simplify -clean-region -io-protocol -find-region -mem2reg -bitop-raise -complex-op-raise -inst-simplify -inst-rectify -instcombine -gvn -adce -deadargelim -float-op-raise -loop-simplify -phi-opt -bitop-raise -cfgopt -simplifycfg-lite -strip-dead-prototypes -interface-lower -bitop-lower -intrinsic-lower -auto-function-inline -basicaa -aggrmodref-aa -globalsmodref-aa -aggr-aa -inst-simplify -simplifycfg-lite -loop-simplify -mergereturn -inst-simplify -inst-rectify -globaldce -dce -load-elim -bitop-lower -float-op-raise -fma-raise -loop-rewind -pointer-simplify -dce -cfgopt -dce -loop-bound -loop-dep -read-loop-dep -dce -dyn-mem-reuse -dce -recurrence-min -dce -share-scalar-alloca -deadargelim -dce -check-stream -norm-name -legalize -inst-clarity -bitwidth -dce -validate-dataflow -dump-loop-dep-to-ir -check-all-ssdm -drop-inferred-ii -dump-complexity-metric /home/sadat-kabir/Work/COMP4601/labs/Project/comp4601-project/replication_full/hls/work_k8_report/hls/.autopilot/db/a.o.2.bc -o /home/sadat-kabir/Work/COMP4601/labs/Project/comp4601-project/replication_full/hls/work_k8_report/hls/.autopilot/db/a.o.3.bc -f -phase build-ssdm 
Execute           AP::auto_get_db
Command         transform done; 0.15 sec.
INFO-FLOW: Building ssdm...
Execute         transform -hls -cdfg-build /home/sadat-kabir/Work/COMP4601/labs/Project/comp4601-project/replication_full/hls/work_k8_report/hls/.autopilot/db/a.o.3.bc -o /home/sadat-kabir/Work/COMP4601/labs/Project/comp4601-project/replication_full/hls/work_k8_report/hls/.autopilot/db/a.o.3.bc -f -phase build-ssdm 
INFO: [HLS 200-111] Finished Architecture Synthesis: CPU user time: 0.2 seconds. CPU system time: 0.04 seconds. Elapsed time: 0.24 seconds; current allocated memory: 408.637 MB.
INFO-FLOW: Finish building internal data model.
Command       opt_and_import_c done; 0.52 sec.
Command     elaborate done; 9.07 sec.
Execute     ap_eval exec zip -j /home/sadat-kabir/Work/COMP4601/labs/Project/comp4601-project/replication_full/hls/work_k8_report/hls/.autopilot/db/dut.hcp $dbDir/a.o.3.bc $dbDir/${topname}.rtl_wrap.cfg.tcl $dbDir/apatb_${topname}.cpp $dbDir/apatb_${topname}_util.cpp $dbDir/apatb_${topname}_ir.ll $dbDir/mapper_${topname}.cpp $dbDir/top-io-fe.xml $dbDir/kernel.internal.xml $workdir/../hls.app 
INFO: [HLS 200-10] Starting hardware synthesis ...
INFO-FLOW: Synthesizing C/C++ design AP::SynTopModule=arith_encode
INFO: [HLS 200-10] Synthesizing 'arith_encode' ...
Execute     ap_set_top_model arith_encode 
WARNING: [SYN 201-103] Legalizing function name 'encode_bit.1_Pipeline_VITIS_LOOP_53_2' to 'encode_bit_1_Pipeline_VITIS_LOOP_53_2'.
WARNING: [SYN 201-103] Legalizing function name 'encode_bit.1_Pipeline_VITIS_LOOP_50_1' to 'encode_bit_1_Pipeline_VITIS_LOOP_50_1'.
WARNING: [SYN 201-103] Legalizing function name 'encode_bit.1' to 'encode_bit_1'.
Execute     get_model_list arith_encode -filter all-wo-channel -topdown 
Execute     preproc_iomode -model arith_encode 
Execute     preproc_iomode -model arith_encode_Pipeline_VITIS_LOOP_89_2 
Execute     preproc_iomode -model arith_encode_Pipeline_Header 
Execute     preproc_iomode -model encode_chunk 
Execute     preproc_iomode -model encode_chunk_Pipeline_VITIS_LOOP_32_4 
Execute     preproc_iomode -model encode_chunk_Pipeline_VITIS_LOOP_33_5 
Execute     preproc_iomode -model encode_bit.1 
Execute     preproc_iomode -model encode_bit.1_Pipeline_VITIS_LOOP_50_1 
Execute     preproc_iomode -model encode_bit.1_Pipeline_VITIS_LOOP_53_2 
Execute     preproc_iomode -model encode_bit 
Execute     preproc_iomode -model encode_bit_Pipeline_VITIS_LOOP_50_1 
Execute     preproc_iomode -model encode_bit_Pipeline_VITIS_LOOP_53_2 
Execute     preproc_iomode -model encode_chunk_Pipeline_VITIS_LOOP_17_1 
Execute     preproc_iomode -model arith_encode_Pipeline_VITIS_LOOP_66_1 
Execute     get_model_list arith_encode -filter all-wo-channel 
INFO-FLOW: Model list for configure: arith_encode_Pipeline_VITIS_LOOP_66_1 encode_chunk_Pipeline_VITIS_LOOP_17_1 encode_bit_Pipeline_VITIS_LOOP_53_2 encode_bit_Pipeline_VITIS_LOOP_50_1 encode_bit encode_bit.1_Pipeline_VITIS_LOOP_53_2 encode_bit.1_Pipeline_VITIS_LOOP_50_1 encode_bit.1 encode_chunk_Pipeline_VITIS_LOOP_33_5 encode_chunk_Pipeline_VITIS_LOOP_32_4 encode_chunk arith_encode_Pipeline_Header arith_encode_Pipeline_VITIS_LOOP_89_2 arith_encode
INFO-FLOW: Configuring Module : arith_encode_Pipeline_VITIS_LOOP_66_1 ...
Execute     set_default_model arith_encode_Pipeline_VITIS_LOOP_66_1 
Execute     apply_spec_resource_limit arith_encode_Pipeline_VITIS_LOOP_66_1 
INFO-FLOW: Configuring Module : encode_chunk_Pipeline_VITIS_LOOP_17_1 ...
Execute     set_default_model encode_chunk_Pipeline_VITIS_LOOP_17_1 
Execute     apply_spec_resource_limit encode_chunk_Pipeline_VITIS_LOOP_17_1 
INFO-FLOW: Configuring Module : encode_bit_Pipeline_VITIS_LOOP_53_2 ...
Execute     set_default_model encode_bit_Pipeline_VITIS_LOOP_53_2 
Execute     apply_spec_resource_limit encode_bit_Pipeline_VITIS_LOOP_53_2 
INFO-FLOW: Configuring Module : encode_bit_Pipeline_VITIS_LOOP_50_1 ...
Execute     set_default_model encode_bit_Pipeline_VITIS_LOOP_50_1 
Execute     apply_spec_resource_limit encode_bit_Pipeline_VITIS_LOOP_50_1 
INFO-FLOW: Configuring Module : encode_bit ...
Execute     set_default_model encode_bit 
Execute     apply_spec_resource_limit encode_bit 
INFO-FLOW: Configuring Module : encode_bit.1_Pipeline_VITIS_LOOP_53_2 ...
Execute     set_default_model encode_bit.1_Pipeline_VITIS_LOOP_53_2 
Execute     apply_spec_resource_limit encode_bit.1_Pipeline_VITIS_LOOP_53_2 
INFO-FLOW: Configuring Module : encode_bit.1_Pipeline_VITIS_LOOP_50_1 ...
Execute     set_default_model encode_bit.1_Pipeline_VITIS_LOOP_50_1 
Execute     apply_spec_resource_limit encode_bit.1_Pipeline_VITIS_LOOP_50_1 
INFO-FLOW: Configuring Module : encode_bit.1 ...
Execute     set_default_model encode_bit.1 
Execute     apply_spec_resource_limit encode_bit.1 
INFO-FLOW: Configuring Module : encode_chunk_Pipeline_VITIS_LOOP_33_5 ...
Execute     set_default_model encode_chunk_Pipeline_VITIS_LOOP_33_5 
Execute     apply_spec_resource_limit encode_chunk_Pipeline_VITIS_LOOP_33_5 
INFO-FLOW: Configuring Module : encode_chunk_Pipeline_VITIS_LOOP_32_4 ...
Execute     set_default_model encode_chunk_Pipeline_VITIS_LOOP_32_4 
Execute     apply_spec_resource_limit encode_chunk_Pipeline_VITIS_LOOP_32_4 
INFO-FLOW: Configuring Module : encode_chunk ...
Execute     set_default_model encode_chunk 
Execute     apply_spec_resource_limit encode_chunk 
INFO-FLOW: Configuring Module : arith_encode_Pipeline_Header ...
Execute     set_default_model arith_encode_Pipeline_Header 
Execute     apply_spec_resource_limit arith_encode_Pipeline_Header 
INFO-FLOW: Configuring Module : arith_encode_Pipeline_VITIS_LOOP_89_2 ...
Execute     set_default_model arith_encode_Pipeline_VITIS_LOOP_89_2 
Execute     apply_spec_resource_limit arith_encode_Pipeline_VITIS_LOOP_89_2 
INFO-FLOW: Configuring Module : arith_encode ...
Execute     set_default_model arith_encode 
Execute     apply_spec_resource_limit arith_encode 
INFO-FLOW: Model list for preprocess: arith_encode_Pipeline_VITIS_LOOP_66_1 encode_chunk_Pipeline_VITIS_LOOP_17_1 encode_bit_Pipeline_VITIS_LOOP_53_2 encode_bit_Pipeline_VITIS_LOOP_50_1 encode_bit encode_bit.1_Pipeline_VITIS_LOOP_53_2 encode_bit.1_Pipeline_VITIS_LOOP_50_1 encode_bit.1 encode_chunk_Pipeline_VITIS_LOOP_33_5 encode_chunk_Pipeline_VITIS_LOOP_32_4 encode_chunk arith_encode_Pipeline_Header arith_encode_Pipeline_VITIS_LOOP_89_2 arith_encode
INFO-FLOW: Preprocessing Module: arith_encode_Pipeline_VITIS_LOOP_66_1 ...
Execute     set_default_model arith_encode_Pipeline_VITIS_LOOP_66_1 
Execute     cdfg_preprocess -model arith_encode_Pipeline_VITIS_LOOP_66_1 
Execute     rtl_gen_preprocess arith_encode_Pipeline_VITIS_LOOP_66_1 
INFO-FLOW: Preprocessing Module: encode_chunk_Pipeline_VITIS_LOOP_17_1 ...
Execute     set_default_model encode_chunk_Pipeline_VITIS_LOOP_17_1 
Execute     cdfg_preprocess -model encode_chunk_Pipeline_VITIS_LOOP_17_1 
Execute     rtl_gen_preprocess encode_chunk_Pipeline_VITIS_LOOP_17_1 
INFO-FLOW: Preprocessing Module: encode_bit_Pipeline_VITIS_LOOP_53_2 ...
Execute     set_default_model encode_bit_Pipeline_VITIS_LOOP_53_2 
Execute     cdfg_preprocess -model encode_bit_Pipeline_VITIS_LOOP_53_2 
Execute     rtl_gen_preprocess encode_bit_Pipeline_VITIS_LOOP_53_2 
INFO-FLOW: Preprocessing Module: encode_bit_Pipeline_VITIS_LOOP_50_1 ...
Execute     set_default_model encode_bit_Pipeline_VITIS_LOOP_50_1 
Execute     cdfg_preprocess -model encode_bit_Pipeline_VITIS_LOOP_50_1 
Execute     rtl_gen_preprocess encode_bit_Pipeline_VITIS_LOOP_50_1 
INFO-FLOW: Preprocessing Module: encode_bit ...
Execute     set_default_model encode_bit 
Execute     cdfg_preprocess -model encode_bit 
Execute     rtl_gen_preprocess encode_bit 
INFO-FLOW: Preprocessing Module: encode_bit.1_Pipeline_VITIS_LOOP_53_2 ...
Execute     set_default_model encode_bit.1_Pipeline_VITIS_LOOP_53_2 
Execute     cdfg_preprocess -model encode_bit.1_Pipeline_VITIS_LOOP_53_2 
Execute     rtl_gen_preprocess encode_bit.1_Pipeline_VITIS_LOOP_53_2 
INFO-FLOW: Preprocessing Module: encode_bit.1_Pipeline_VITIS_LOOP_50_1 ...
Execute     set_default_model encode_bit.1_Pipeline_VITIS_LOOP_50_1 
Execute     cdfg_preprocess -model encode_bit.1_Pipeline_VITIS_LOOP_50_1 
Execute     rtl_gen_preprocess encode_bit.1_Pipeline_VITIS_LOOP_50_1 
INFO-FLOW: Preprocessing Module: encode_bit.1 ...
Execute     set_default_model encode_bit.1 
Execute     cdfg_preprocess -model encode_bit.1 
Execute     rtl_gen_preprocess encode_bit.1 
INFO-FLOW: Preprocessing Module: encode_chunk_Pipeline_VITIS_LOOP_33_5 ...
Execute     set_default_model encode_chunk_Pipeline_VITIS_LOOP_33_5 
Execute     cdfg_preprocess -model encode_chunk_Pipeline_VITIS_LOOP_33_5 
Execute     rtl_gen_preprocess encode_chunk_Pipeline_VITIS_LOOP_33_5 
INFO-FLOW: Preprocessing Module: encode_chunk_Pipeline_VITIS_LOOP_32_4 ...
Execute     set_default_model encode_chunk_Pipeline_VITIS_LOOP_32_4 
Execute     cdfg_preprocess -model encode_chunk_Pipeline_VITIS_LOOP_32_4 
Execute     rtl_gen_preprocess encode_chunk_Pipeline_VITIS_LOOP_32_4 
INFO-FLOW: Preprocessing Module: encode_chunk ...
Execute     set_default_model encode_chunk 
Execute     cdfg_preprocess -model encode_chunk 
Execute     rtl_gen_preprocess encode_chunk 
INFO-FLOW: Preprocessing Module: arith_encode_Pipeline_Header ...
Execute     set_default_model arith_encode_Pipeline_Header 
Execute     cdfg_preprocess -model arith_encode_Pipeline_Header 
Execute     rtl_gen_preprocess arith_encode_Pipeline_Header 
INFO-FLOW: Preprocessing Module: arith_encode_Pipeline_VITIS_LOOP_89_2 ...
Execute     set_default_model arith_encode_Pipeline_VITIS_LOOP_89_2 
Execute     cdfg_preprocess -model arith_encode_Pipeline_VITIS_LOOP_89_2 
Execute     rtl_gen_preprocess arith_encode_Pipeline_VITIS_LOOP_89_2 
INFO-FLOW: Preprocessing Module: arith_encode ...
Execute     set_default_model arith_encode 
Execute     cdfg_preprocess -model arith_encode 
Execute     rtl_gen_preprocess arith_encode 
INFO-FLOW: Model list for synthesis: arith_encode_Pipeline_VITIS_LOOP_66_1 encode_chunk_Pipeline_VITIS_LOOP_17_1 encode_bit_Pipeline_VITIS_LOOP_53_2 encode_bit_Pipeline_VITIS_LOOP_50_1 encode_bit encode_bit.1_Pipeline_VITIS_LOOP_53_2 encode_bit.1_Pipeline_VITIS_LOOP_50_1 encode_bit.1 encode_chunk_Pipeline_VITIS_LOOP_33_5 encode_chunk_Pipeline_VITIS_LOOP_32_4 encode_chunk arith_encode_Pipeline_Header arith_encode_Pipeline_VITIS_LOOP_89_2 arith_encode
INFO: [HLS 200-10] ----------------------------------------------------------------
INFO: [HLS 200-42] -- Implementing module 'arith_encode_Pipeline_VITIS_LOOP_66_1' 
INFO: [HLS 200-10] ----------------------------------------------------------------
Execute     set_default_model arith_encode_Pipeline_VITIS_LOOP_66_1 
Execute     schedule -model arith_encode_Pipeline_VITIS_LOOP_66_1 
INFO: [SCHED 204-11] Starting scheduling ...
INFO: [SCHED 204-61] Pipelining loop 'VITIS_LOOP_66_1'.
INFO: [HLS 200-1470] Pipelining result : Target II = NA, Final II = 1, Depth = 3, loop 'VITIS_LOOP_66_1'
INFO: [SCHED 204-11] Finished scheduling.
INFO: [HLS 200-111] Finished Scheduling: CPU user time: 0.03 seconds. CPU system time: 0.03 seconds. Elapsed time: 0.08 seconds; current allocated memory: 410.098 MB.
Execute     syn_report -verbosereport -o /home/sadat-kabir/Work/COMP4601/labs/Project/comp4601-project/replication_full/hls/work_k8_report/hls/.autopilot/db/arith_encode_Pipeline_VITIS_LOOP_66_1.verbose.sched.rpt 
Execute       list_part -family xck26-sfvc784-2LV-c 
Execute         ap_family_info -name xck26-sfvc784-2LV-c -data names 
Execute         ap_part_info -quiet -name xck26-sfvc784-2LV-c -data family 
Execute     db_write -o /home/sadat-kabir/Work/COMP4601/labs/Project/comp4601-project/replication_full/hls/work_k8_report/hls/.autopilot/db/arith_encode_Pipeline_VITIS_LOOP_66_1.sched.adb -f 
INFO-FLOW: Finish scheduling arith_encode_Pipeline_VITIS_LOOP_66_1.
Execute     set_default_model arith_encode_Pipeline_VITIS_LOOP_66_1 
Execute     bind -model arith_encode_Pipeline_VITIS_LOOP_66_1 
INFO: [BIND 205-100] Starting micro-architecture generation ...
INFO: [BIND 205-101] Performing variable lifetime analysis.
INFO: [BIND 205-101] Exploring resource sharing.
INFO: [BIND 205-101] Binding ...
INFO: [BIND 205-100] Finished micro-architecture generation.
INFO: [HLS 200-111] Finished Binding: CPU user time: 0.01 seconds. CPU system time: 0 seconds. Elapsed time: 0.02 seconds; current allocated memory: 410.098 MB.
Execute     syn_report -verbosereport -o /home/sadat-kabir/Work/COMP4601/labs/Project/comp4601-project/replication_full/hls/work_k8_report/hls/.autopilot/db/arith_encode_Pipeline_VITIS_LOOP_66_1.verbose.bind.rpt 
Execute       list_part -family xck26-sfvc784-2LV-c 
Execute         ap_family_info -name xck26-sfvc784-2LV-c -data names 
Execute         ap_part_info -quiet -name xck26-sfvc784-2LV-c -data family 
Execute     db_write -o /home/sadat-kabir/Work/COMP4601/labs/Project/comp4601-project/replication_full/hls/work_k8_report/hls/.autopilot/db/arith_encode_Pipeline_VITIS_LOOP_66_1.bind.adb -f 
INFO-FLOW: Finish binding arith_encode_Pipeline_VITIS_LOOP_66_1.
INFO: [HLS 200-10] ----------------------------------------------------------------
INFO: [HLS 200-42] -- Implementing module 'encode_chunk_Pipeline_VITIS_LOOP_17_1' 
INFO: [HLS 200-10] ----------------------------------------------------------------
Execute     set_default_model encode_chunk_Pipeline_VITIS_LOOP_17_1 
Execute     schedule -model encode_chunk_Pipeline_VITIS_LOOP_17_1 
INFO: [SCHED 204-11] Starting scheduling ...
INFO: [SCHED 204-61] Pipelining loop 'VITIS_LOOP_17_1'.
INFO: [HLS 200-1470] Pipelining result : Target II = NA, Final II = 1, Depth = 1, loop 'VITIS_LOOP_17_1'
INFO: [SCHED 204-11] Finished scheduling.
INFO: [HLS 200-111] Finished Scheduling: CPU user time: 0.02 seconds. CPU system time: 0 seconds. Elapsed time: 0.01 seconds; current allocated memory: 410.133 MB.
Execute     syn_report -verbosereport -o /home/sadat-kabir/Work/COMP4601/labs/Project/comp4601-project/replication_full/hls/work_k8_report/hls/.autopilot/db/encode_chunk_Pipeline_VITIS_LOOP_17_1.verbose.sched.rpt 
Execute       list_part -family xck26-sfvc784-2LV-c 
Execute         ap_family_info -name xck26-sfvc784-2LV-c -data names 
Execute         ap_part_info -quiet -name xck26-sfvc784-2LV-c -data family 
Execute     db_write -o /home/sadat-kabir/Work/COMP4601/labs/Project/comp4601-project/replication_full/hls/work_k8_report/hls/.autopilot/db/encode_chunk_Pipeline_VITIS_LOOP_17_1.sched.adb -f 
INFO-FLOW: Finish scheduling encode_chunk_Pipeline_VITIS_LOOP_17_1.
Execute     set_default_model encode_chunk_Pipeline_VITIS_LOOP_17_1 
Execute     bind -model encode_chunk_Pipeline_VITIS_LOOP_17_1 
INFO: [BIND 205-100] Starting micro-architecture generation ...
INFO: [BIND 205-101] Performing variable lifetime analysis.
INFO: [BIND 205-101] Exploring resource sharing.
INFO: [BIND 205-101] Binding ...
INFO: [BIND 205-100] Finished micro-architecture generation.
INFO: [HLS 200-111] Finished Binding: CPU user time: 0.01 seconds. CPU system time: 0.01 seconds. Elapsed time: 0.01 seconds; current allocated memory: 410.133 MB.
Execute     syn_report -verbosereport -o /home/sadat-kabir/Work/COMP4601/labs/Project/comp4601-project/replication_full/hls/work_k8_report/hls/.autopilot/db/encode_chunk_Pipeline_VITIS_LOOP_17_1.verbose.bind.rpt 
Execute       list_part -family xck26-sfvc784-2LV-c 
Execute         ap_family_info -name xck26-sfvc784-2LV-c -data names 
Execute         ap_part_info -quiet -name xck26-sfvc784-2LV-c -data family 
Execute     db_write -o /home/sadat-kabir/Work/COMP4601/labs/Project/comp4601-project/replication_full/hls/work_k8_report/hls/.autopilot/db/encode_chunk_Pipeline_VITIS_LOOP_17_1.bind.adb -f 
INFO-FLOW: Finish binding encode_chunk_Pipeline_VITIS_LOOP_17_1.
INFO: [HLS 200-10] ----------------------------------------------------------------
INFO: [HLS 200-42] -- Implementing module 'encode_bit_Pipeline_VITIS_LOOP_53_2' 
INFO: [HLS 200-10] ----------------------------------------------------------------
Execute     set_default_model encode_bit_Pipeline_VITIS_LOOP_53_2 
Execute     schedule -model encode_bit_Pipeline_VITIS_LOOP_53_2 
INFO: [SCHED 204-11] Starting scheduling ...
INFO: [SCHED 204-61] Pipelining loop 'VITIS_LOOP_53_2'.
INFO: [HLS 200-1470] Pipelining result : Target II = NA, Final II = 1, Depth = 2, loop 'VITIS_LOOP_53_2'
INFO: [SCHED 204-11] Finished scheduling.
INFO: [HLS 200-111] Finished Scheduling: CPU user time: 0.01 seconds. CPU system time: 0 seconds. Elapsed time: 0.02 seconds; current allocated memory: 410.523 MB.
Execute     syn_report -verbosereport -o /home/sadat-kabir/Work/COMP4601/labs/Project/comp4601-project/replication_full/hls/work_k8_report/hls/.autopilot/db/encode_bit_Pipeline_VITIS_LOOP_53_2.verbose.sched.rpt 
Execute       list_part -family xck26-sfvc784-2LV-c 
Execute         ap_family_info -name xck26-sfvc784-2LV-c -data names 
Execute         ap_part_info -quiet -name xck26-sfvc784-2LV-c -data family 
Execute     db_write -o /home/sadat-kabir/Work/COMP4601/labs/Project/comp4601-project/replication_full/hls/work_k8_report/hls/.autopilot/db/encode_bit_Pipeline_VITIS_LOOP_53_2.sched.adb -f 
INFO-FLOW: Finish scheduling encode_bit_Pipeline_VITIS_LOOP_53_2.
Execute     set_default_model encode_bit_Pipeline_VITIS_LOOP_53_2 
Execute     bind -model encode_bit_Pipeline_VITIS_LOOP_53_2 
INFO: [BIND 205-100] Starting micro-architecture generation ...
INFO: [BIND 205-101] Performing variable lifetime analysis.
INFO: [BIND 205-101] Exploring resource sharing.
INFO: [BIND 205-101] Binding ...
INFO: [BIND 205-100] Finished micro-architecture generation.
INFO: [HLS 200-111] Finished Binding: CPU user time: 0.01 seconds. CPU system time: 0 seconds. Elapsed time: 0.01 seconds; current allocated memory: 410.523 MB.
Execute     syn_report -verbosereport -o /home/sadat-kabir/Work/COMP4601/labs/Project/comp4601-project/replication_full/hls/work_k8_report/hls/.autopilot/db/encode_bit_Pipeline_VITIS_LOOP_53_2.verbose.bind.rpt 
Execute       list_part -family xck26-sfvc784-2LV-c 
Execute         ap_family_info -name xck26-sfvc784-2LV-c -data names 
Execute         ap_part_info -quiet -name xck26-sfvc784-2LV-c -data family 
Execute     db_write -o /home/sadat-kabir/Work/COMP4601/labs/Project/comp4601-project/replication_full/hls/work_k8_report/hls/.autopilot/db/encode_bit_Pipeline_VITIS_LOOP_53_2.bind.adb -f 
INFO-FLOW: Finish binding encode_bit_Pipeline_VITIS_LOOP_53_2.
INFO: [HLS 200-10] ----------------------------------------------------------------
INFO: [HLS 200-42] -- Implementing module 'encode_bit_Pipeline_VITIS_LOOP_50_1' 
INFO: [HLS 200-10] ----------------------------------------------------------------
Execute     set_default_model encode_bit_Pipeline_VITIS_LOOP_50_1 
Execute     schedule -model encode_bit_Pipeline_VITIS_LOOP_50_1 
INFO: [SCHED 204-11] Starting scheduling ...
INFO: [SCHED 204-61] Pipelining loop 'VITIS_LOOP_50_1'.
INFO: [HLS 200-1470] Pipelining result : Target II = NA, Final II = 1, Depth = 2, loop 'VITIS_LOOP_50_1'
INFO: [SCHED 204-11] Finished scheduling.
INFO: [HLS 200-111] Finished Scheduling: CPU user time: 0.01 seconds. CPU system time: 0.01 seconds. Elapsed time: 0.02 seconds; current allocated memory: 410.871 MB.
Execute     syn_report -verbosereport -o /home/sadat-kabir/Work/COMP4601/labs/Project/comp4601-project/replication_full/hls/work_k8_report/hls/.autopilot/db/encode_bit_Pipeline_VITIS_LOOP_50_1.verbose.sched.rpt 
Execute       list_part -family xck26-sfvc784-2LV-c 
Execute         ap_family_info -name xck26-sfvc784-2LV-c -data names 
Execute         ap_part_info -quiet -name xck26-sfvc784-2LV-c -data family 
Execute     db_write -o /home/sadat-kabir/Work/COMP4601/labs/Project/comp4601-project/replication_full/hls/work_k8_report/hls/.autopilot/db/encode_bit_Pipeline_VITIS_LOOP_50_1.sched.adb -f 
INFO-FLOW: Finish scheduling encode_bit_Pipeline_VITIS_LOOP_50_1.
Execute     set_default_model encode_bit_Pipeline_VITIS_LOOP_50_1 
Execute     bind -model encode_bit_Pipeline_VITIS_LOOP_50_1 
INFO: [BIND 205-100] Starting micro-architecture generation ...
INFO: [BIND 205-101] Performing variable lifetime analysis.
INFO: [BIND 205-101] Exploring resource sharing.
INFO: [BIND 205-101] Binding ...
INFO: [BIND 205-100] Finished micro-architecture generation.
INFO: [HLS 200-111] Finished Binding: CPU user time: 0.01 seconds. CPU system time: 0 seconds. Elapsed time: 0.01 seconds; current allocated memory: 410.871 MB.
Execute     syn_report -verbosereport -o /home/sadat-kabir/Work/COMP4601/labs/Project/comp4601-project/replication_full/hls/work_k8_report/hls/.autopilot/db/encode_bit_Pipeline_VITIS_LOOP_50_1.verbose.bind.rpt 
Execute       list_part -family xck26-sfvc784-2LV-c 
Execute         ap_family_info -name xck26-sfvc784-2LV-c -data names 
Execute         ap_part_info -quiet -name xck26-sfvc784-2LV-c -data family 
Execute     db_write -o /home/sadat-kabir/Work/COMP4601/labs/Project/comp4601-project/replication_full/hls/work_k8_report/hls/.autopilot/db/encode_bit_Pipeline_VITIS_LOOP_50_1.bind.adb -f 
INFO-FLOW: Finish binding encode_bit_Pipeline_VITIS_LOOP_50_1.
INFO: [HLS 200-10] ----------------------------------------------------------------
INFO: [HLS 200-42] -- Implementing module 'encode_bit' 
INFO: [HLS 200-10] ----------------------------------------------------------------
Execute     set_default_model encode_bit 
Execute     schedule -model encode_bit 
INFO: [SCHED 204-11] Starting scheduling ...
INFO: [SCHED 204-11] Finished scheduling.
INFO: [HLS 200-111] Finished Scheduling: CPU user time: 0.04 seconds. CPU system time: 0 seconds. Elapsed time: 0.04 seconds; current allocated memory: 412.527 MB.
Execute     syn_report -verbosereport -o /home/sadat-kabir/Work/COMP4601/labs/Project/comp4601-project/replication_full/hls/work_k8_report/hls/.autopilot/db/encode_bit.verbose.sched.rpt 
Execute       list_part -family xck26-sfvc784-2LV-c 
Execute         ap_family_info -name xck26-sfvc784-2LV-c -data names 
Execute         ap_part_info -quiet -name xck26-sfvc784-2LV-c -data family 
Execute     db_write -o /home/sadat-kabir/Work/COMP4601/labs/Project/comp4601-project/replication_full/hls/work_k8_report/hls/.autopilot/db/encode_bit.sched.adb -f 
INFO-FLOW: Finish scheduling encode_bit.
Execute     set_default_model encode_bit 
Execute     bind -model encode_bit 
INFO: [BIND 205-100] Starting micro-architecture generation ...
INFO: [BIND 205-101] Performing variable lifetime analysis.
INFO: [BIND 205-101] Exploring resource sharing.
INFO: [BIND 205-101] Binding ...
INFO: [BIND 205-100] Finished micro-architecture generation.
INFO: [HLS 200-111] Finished Binding: CPU user time: 0.01 seconds. CPU system time: 0 seconds. Elapsed time: 0.02 seconds; current allocated memory: 412.527 MB.
Execute     syn_report -verbosereport -o /home/sadat-kabir/Work/COMP4601/labs/Project/comp4601-project/replication_full/hls/work_k8_report/hls/.autopilot/db/encode_bit.verbose.bind.rpt 
Execute       list_part -family xck26-sfvc784-2LV-c 
Execute         ap_family_info -name xck26-sfvc784-2LV-c -data names 
Execute         ap_part_info -quiet -name xck26-sfvc784-2LV-c -data family 
Execute     db_write -o /home/sadat-kabir/Work/COMP4601/labs/Project/comp4601-project/replication_full/hls/work_k8_report/hls/.autopilot/db/encode_bit.bind.adb -f 
INFO-FLOW: Finish binding encode_bit.
INFO: [HLS 200-10] ----------------------------------------------------------------
INFO: [HLS 200-42] -- Implementing module 'encode_bit_1_Pipeline_VITIS_LOOP_53_2' 
INFO: [HLS 200-10] ----------------------------------------------------------------
Execute     set_default_model encode_bit.1_Pipeline_VITIS_LOOP_53_2 
Execute     schedule -model encode_bit.1_Pipeline_VITIS_LOOP_53_2 
INFO: [SCHED 204-11] Starting scheduling ...
INFO: [SCHED 204-61] Pipelining loop 'VITIS_LOOP_53_2'.
INFO: [HLS 200-1470] Pipelining result : Target II = NA, Final II = 1, Depth = 2, loop 'VITIS_LOOP_53_2'
INFO: [SCHED 204-11] Finished scheduling.
INFO: [HLS 200-111] Finished Scheduling: CPU user time: 0.02 seconds. CPU system time: 0.01 seconds. Elapsed time: 0.02 seconds; current allocated memory: 412.527 MB.
Execute     syn_report -verbosereport -o /home/sadat-kabir/Work/COMP4601/labs/Project/comp4601-project/replication_full/hls/work_k8_report/hls/.autopilot/db/encode_bit_1_Pipeline_VITIS_LOOP_53_2.verbose.sched.rpt 
Execute       list_part -family xck26-sfvc784-2LV-c 
Execute         ap_family_info -name xck26-sfvc784-2LV-c -data names 
Execute         ap_part_info -quiet -name xck26-sfvc784-2LV-c -data family 
Execute     db_write -o /home/sadat-kabir/Work/COMP4601/labs/Project/comp4601-project/replication_full/hls/work_k8_report/hls/.autopilot/db/encode_bit_1_Pipeline_VITIS_LOOP_53_2.sched.adb -f 
INFO-FLOW: Finish scheduling encode_bit.1_Pipeline_VITIS_LOOP_53_2.
Execute     set_default_model encode_bit.1_Pipeline_VITIS_LOOP_53_2 
Execute     bind -model encode_bit.1_Pipeline_VITIS_LOOP_53_2 
INFO: [BIND 205-100] Starting micro-architecture generation ...
INFO: [BIND 205-101] Performing variable lifetime analysis.
INFO: [BIND 205-101] Exploring resource sharing.
INFO: [BIND 205-101] Binding ...
INFO: [BIND 205-100] Finished micro-architecture generation.
INFO: [HLS 200-111] Finished Binding: CPU user time: 0.01 seconds. CPU system time: 0 seconds. Elapsed time: 0.01 seconds; current allocated memory: 412.527 MB.
Execute     syn_report -verbosereport -o /home/sadat-kabir/Work/COMP4601/labs/Project/comp4601-project/replication_full/hls/work_k8_report/hls/.autopilot/db/encode_bit_1_Pipeline_VITIS_LOOP_53_2.verbose.bind.rpt 
Execute       list_part -family xck26-sfvc784-2LV-c 
Execute         ap_family_info -name xck26-sfvc784-2LV-c -data names 
Execute         ap_part_info -quiet -name xck26-sfvc784-2LV-c -data family 
Execute     db_write -o /home/sadat-kabir/Work/COMP4601/labs/Project/comp4601-project/replication_full/hls/work_k8_report/hls/.autopilot/db/encode_bit_1_Pipeline_VITIS_LOOP_53_2.bind.adb -f 
INFO-FLOW: Finish binding encode_bit.1_Pipeline_VITIS_LOOP_53_2.
INFO: [HLS 200-10] ----------------------------------------------------------------
INFO: [HLS 200-42] -- Implementing module 'encode_bit_1_Pipeline_VITIS_LOOP_50_1' 
INFO: [HLS 200-10] ----------------------------------------------------------------
Execute     set_default_model encode_bit.1_Pipeline_VITIS_LOOP_50_1 
Execute     schedule -model encode_bit.1_Pipeline_VITIS_LOOP_50_1 
INFO: [SCHED 204-11] Starting scheduling ...
INFO: [SCHED 204-61] Pipelining loop 'VITIS_LOOP_50_1'.
INFO: [HLS 200-1470] Pipelining result : Target II = NA, Final II = 1, Depth = 2, loop 'VITIS_LOOP_50_1'
INFO: [SCHED 204-11] Finished scheduling.
INFO: [HLS 200-111] Finished Scheduling: CPU user time: 0.01 seconds. CPU system time: 0 seconds. Elapsed time: 0.02 seconds; current allocated memory: 412.625 MB.
Execute     syn_report -verbosereport -o /home/sadat-kabir/Work/COMP4601/labs/Project/comp4601-project/replication_full/hls/work_k8_report/hls/.autopilot/db/encode_bit_1_Pipeline_VITIS_LOOP_50_1.verbose.sched.rpt 
Execute       list_part -family xck26-sfvc784-2LV-c 
Execute         ap_family_info -name xck26-sfvc784-2LV-c -data names 
Execute         ap_part_info -quiet -name xck26-sfvc784-2LV-c -data family 
Execute     db_write -o /home/sadat-kabir/Work/COMP4601/labs/Project/comp4601-project/replication_full/hls/work_k8_report/hls/.autopilot/db/encode_bit_1_Pipeline_VITIS_LOOP_50_1.sched.adb -f 
INFO-FLOW: Finish scheduling encode_bit.1_Pipeline_VITIS_LOOP_50_1.
Execute     set_default_model encode_bit.1_Pipeline_VITIS_LOOP_50_1 
Execute     bind -model encode_bit.1_Pipeline_VITIS_LOOP_50_1 
INFO: [BIND 205-100] Starting micro-architecture generation ...
INFO: [BIND 205-101] Performing variable lifetime analysis.
INFO: [BIND 205-101] Exploring resource sharing.
INFO: [BIND 205-101] Binding ...
INFO: [BIND 205-100] Finished micro-architecture generation.
INFO: [HLS 200-111] Finished Binding: CPU user time: 0.01 seconds. CPU system time: 0 seconds. Elapsed time: 0 seconds; current allocated memory: 412.625 MB.
Execute     syn_report -verbosereport -o /home/sadat-kabir/Work/COMP4601/labs/Project/comp4601-project/replication_full/hls/work_k8_report/hls/.autopilot/db/encode_bit_1_Pipeline_VITIS_LOOP_50_1.verbose.bind.rpt 
Execute       list_part -family xck26-sfvc784-2LV-c 
Execute         ap_family_info -name xck26-sfvc784-2LV-c -data names 
Execute         ap_part_info -quiet -name xck26-sfvc784-2LV-c -data family 
Execute     db_write -o /home/sadat-kabir/Work/COMP4601/labs/Project/comp4601-project/replication_full/hls/work_k8_report/hls/.autopilot/db/encode_bit_1_Pipeline_VITIS_LOOP_50_1.bind.adb -f 
INFO-FLOW: Finish binding encode_bit.1_Pipeline_VITIS_LOOP_50_1.
INFO: [HLS 200-10] ----------------------------------------------------------------
INFO: [HLS 200-42] -- Implementing module 'encode_bit_1' 
INFO: [HLS 200-10] ----------------------------------------------------------------
Execute     set_default_model encode_bit.1 
Execute     schedule -model encode_bit.1 
INFO: [SCHED 204-11] Starting scheduling ...
INFO: [SCHED 204-11] Finished scheduling.
INFO: [HLS 200-111] Finished Scheduling: CPU user time: 0.03 seconds. CPU system time: 0 seconds. Elapsed time: 0.04 seconds; current allocated memory: 414.184 MB.
Execute     syn_report -verbosereport -o /home/sadat-kabir/Work/COMP4601/labs/Project/comp4601-project/replication_full/hls/work_k8_report/hls/.autopilot/db/encode_bit_1.verbose.sched.rpt 
Execute       list_part -family xck26-sfvc784-2LV-c 
Execute         ap_family_info -name xck26-sfvc784-2LV-c -data names 
Execute         ap_part_info -quiet -name xck26-sfvc784-2LV-c -data family 
Execute     db_write -o /home/sadat-kabir/Work/COMP4601/labs/Project/comp4601-project/replication_full/hls/work_k8_report/hls/.autopilot/db/encode_bit_1.sched.adb -f 
INFO-FLOW: Finish scheduling encode_bit.1.
Execute     set_default_model encode_bit.1 
Execute     bind -model encode_bit.1 
INFO: [BIND 205-100] Starting micro-architecture generation ...
INFO: [BIND 205-101] Performing variable lifetime analysis.
INFO: [BIND 205-101] Exploring resource sharing.
INFO: [BIND 205-101] Binding ...
INFO: [BIND 205-100] Finished micro-architecture generation.
INFO: [HLS 200-111] Finished Binding: CPU user time: 0.02 seconds. CPU system time: 0.01 seconds. Elapsed time: 0.02 seconds; current allocated memory: 414.184 MB.
Execute     syn_report -verbosereport -o /home/sadat-kabir/Work/COMP4601/labs/Project/comp4601-project/replication_full/hls/work_k8_report/hls/.autopilot/db/encode_bit_1.verbose.bind.rpt 
Execute       list_part -family xck26-sfvc784-2LV-c 
Execute         ap_family_info -name xck26-sfvc784-2LV-c -data names 
Execute         ap_part_info -quiet -name xck26-sfvc784-2LV-c -data family 
Execute     db_write -o /home/sadat-kabir/Work/COMP4601/labs/Project/comp4601-project/replication_full/hls/work_k8_report/hls/.autopilot/db/encode_bit_1.bind.adb -f 
INFO-FLOW: Finish binding encode_bit.1.
INFO: [HLS 200-10] ----------------------------------------------------------------
INFO: [HLS 200-42] -- Implementing module 'encode_chunk_Pipeline_VITIS_LOOP_33_5' 
INFO: [HLS 200-10] ----------------------------------------------------------------
Execute     set_default_model encode_chunk_Pipeline_VITIS_LOOP_33_5 
Execute     schedule -model encode_chunk_Pipeline_VITIS_LOOP_33_5 
INFO: [SCHED 204-11] Starting scheduling ...
INFO: [SCHED 204-61] Pipelining loop 'VITIS_LOOP_33_5'.
INFO: [HLS 200-1470] Pipelining result : Target II = NA, Final II = 1, Depth = 2, loop 'VITIS_LOOP_33_5'
INFO: [SCHED 204-11] Finished scheduling.
INFO: [HLS 200-111] Finished Scheduling: CPU user time: 0.02 seconds. CPU system time: 0 seconds. Elapsed time: 0.02 seconds; current allocated memory: 414.184 MB.
Execute     syn_report -verbosereport -o /home/sadat-kabir/Work/COMP4601/labs/Project/comp4601-project/replication_full/hls/work_k8_report/hls/.autopilot/db/encode_chunk_Pipeline_VITIS_LOOP_33_5.verbose.sched.rpt 
Execute       list_part -family xck26-sfvc784-2LV-c 
Execute         ap_family_info -name xck26-sfvc784-2LV-c -data names 
Execute         ap_part_info -quiet -name xck26-sfvc784-2LV-c -data family 
Execute     db_write -o /home/sadat-kabir/Work/COMP4601/labs/Project/comp4601-project/replication_full/hls/work_k8_report/hls/.autopilot/db/encode_chunk_Pipeline_VITIS_LOOP_33_5.sched.adb -f 
INFO-FLOW: Finish scheduling encode_chunk_Pipeline_VITIS_LOOP_33_5.
Execute     set_default_model encode_chunk_Pipeline_VITIS_LOOP_33_5 
Execute     bind -model encode_chunk_Pipeline_VITIS_LOOP_33_5 
INFO: [BIND 205-100] Starting micro-architecture generation ...
INFO: [BIND 205-101] Performing variable lifetime analysis.
INFO: [BIND 205-101] Exploring resource sharing.
INFO: [BIND 205-101] Binding ...
INFO: [BIND 205-100] Finished micro-architecture generation.
INFO: [HLS 200-111] Finished Binding: CPU user time: 0.01 seconds. CPU system time: 0 seconds. Elapsed time: 0.01 seconds; current allocated memory: 414.184 MB.
Execute     syn_report -verbosereport -o /home/sadat-kabir/Work/COMP4601/labs/Project/comp4601-project/replication_full/hls/work_k8_report/hls/.autopilot/db/encode_chunk_Pipeline_VITIS_LOOP_33_5.verbose.bind.rpt 
Execute       list_part -family xck26-sfvc784-2LV-c 
Execute         ap_family_info -name xck26-sfvc784-2LV-c -data names 
Execute         ap_part_info -quiet -name xck26-sfvc784-2LV-c -data family 
Execute     db_write -o /home/sadat-kabir/Work/COMP4601/labs/Project/comp4601-project/replication_full/hls/work_k8_report/hls/.autopilot/db/encode_chunk_Pipeline_VITIS_LOOP_33_5.bind.adb -f 
INFO-FLOW: Finish binding encode_chunk_Pipeline_VITIS_LOOP_33_5.
INFO: [HLS 200-10] ----------------------------------------------------------------
INFO: [HLS 200-42] -- Implementing module 'encode_chunk_Pipeline_VITIS_LOOP_32_4' 
INFO: [HLS 200-10] ----------------------------------------------------------------
Execute     set_default_model encode_chunk_Pipeline_VITIS_LOOP_32_4 
Execute     schedule -model encode_chunk_Pipeline_VITIS_LOOP_32_4 
INFO: [SCHED 204-11] Starting scheduling ...
INFO: [SCHED 204-61] Pipelining loop 'VITIS_LOOP_32_4'.
INFO: [HLS 200-1470] Pipelining result : Target II = NA, Final II = 1, Depth = 2, loop 'VITIS_LOOP_32_4'
INFO: [SCHED 204-11] Finished scheduling.
INFO: [HLS 200-111] Finished Scheduling: CPU user time: 0.01 seconds. CPU system time: 0 seconds. Elapsed time: 0.02 seconds; current allocated memory: 414.410 MB.
Execute     syn_report -verbosereport -o /home/sadat-kabir/Work/COMP4601/labs/Project/comp4601-project/replication_full/hls/work_k8_report/hls/.autopilot/db/encode_chunk_Pipeline_VITIS_LOOP_32_4.verbose.sched.rpt 
Execute       list_part -family xck26-sfvc784-2LV-c 
Execute         ap_family_info -name xck26-sfvc784-2LV-c -data names 
Execute         ap_part_info -quiet -name xck26-sfvc784-2LV-c -data family 
Execute     db_write -o /home/sadat-kabir/Work/COMP4601/labs/Project/comp4601-project/replication_full/hls/work_k8_report/hls/.autopilot/db/encode_chunk_Pipeline_VITIS_LOOP_32_4.sched.adb -f 
INFO-FLOW: Finish scheduling encode_chunk_Pipeline_VITIS_LOOP_32_4.
Execute     set_default_model encode_chunk_Pipeline_VITIS_LOOP_32_4 
Execute     bind -model encode_chunk_Pipeline_VITIS_LOOP_32_4 
INFO: [BIND 205-100] Starting micro-architecture generation ...
INFO: [BIND 205-101] Performing variable lifetime analysis.
INFO: [BIND 205-101] Exploring resource sharing.
INFO: [BIND 205-101] Binding ...
INFO: [BIND 205-100] Finished micro-architecture generation.
INFO: [HLS 200-111] Finished Binding: CPU user time: 0.01 seconds. CPU system time: 0.01 seconds. Elapsed time: 0.01 seconds; current allocated memory: 414.410 MB.
Execute     syn_report -verbosereport -o /home/sadat-kabir/Work/COMP4601/labs/Project/comp4601-project/replication_full/hls/work_k8_report/hls/.autopilot/db/encode_chunk_Pipeline_VITIS_LOOP_32_4.verbose.bind.rpt 
Execute       list_part -family xck26-sfvc784-2LV-c 
Execute         ap_family_info -name xck26-sfvc784-2LV-c -data names 
Execute         ap_part_info -quiet -name xck26-sfvc784-2LV-c -data family 
Execute     db_write -o /home/sadat-kabir/Work/COMP4601/labs/Project/comp4601-project/replication_full/hls/work_k8_report/hls/.autopilot/db/encode_chunk_Pipeline_VITIS_LOOP_32_4.bind.adb -f 
INFO-FLOW: Finish binding encode_chunk_Pipeline_VITIS_LOOP_32_4.
INFO: [HLS 200-10] ----------------------------------------------------------------
INFO: [HLS 200-42] -- Implementing module 'encode_chunk' 
INFO: [HLS 200-10] ----------------------------------------------------------------
Execute     set_default_model encode_chunk 
Execute     schedule -model encode_chunk 
INFO: [SCHED 204-11] Starting scheduling ...
INFO: [SCHED 204-11] Finished scheduling.
INFO: [HLS 200-111] Finished Scheduling: CPU user time: 0.04 seconds. CPU system time: 0 seconds. Elapsed time: 0.04 seconds; current allocated memory: 416.297 MB.
Execute     syn_report -verbosereport -o /home/sadat-kabir/Work/COMP4601/labs/Project/comp4601-project/replication_full/hls/work_k8_report/hls/.autopilot/db/encode_chunk.verbose.sched.rpt 
Execute       list_part -family xck26-sfvc784-2LV-c 
Execute         ap_family_info -name xck26-sfvc784-2LV-c -data names 
Execute         ap_part_info -quiet -name xck26-sfvc784-2LV-c -data family 
Execute     db_write -o /home/sadat-kabir/Work/COMP4601/labs/Project/comp4601-project/replication_full/hls/work_k8_report/hls/.autopilot/db/encode_chunk.sched.adb -f 
INFO-FLOW: Finish scheduling encode_chunk.
Execute     set_default_model encode_chunk 
Execute     bind -model encode_chunk 
INFO: [BIND 205-100] Starting micro-architecture generation ...
INFO: [BIND 205-101] Performing variable lifetime analysis.
INFO: [BIND 205-101] Exploring resource sharing.
INFO: [BIND 205-101] Binding ...
INFO: [BIND 205-100] Finished micro-architecture generation.
INFO: [HLS 200-111] Finished Binding: CPU user time: 0.02 seconds. CPU system time: 0 seconds. Elapsed time: 0.02 seconds; current allocated memory: 416.297 MB.
Execute     syn_report -verbosereport -o /home/sadat-kabir/Work/COMP4601/labs/Project/comp4601-project/replication_full/hls/work_k8_report/hls/.autopilot/db/encode_chunk.verbose.bind.rpt 
Execute       list_part -family xck26-sfvc784-2LV-c 
Execute         ap_family_info -name xck26-sfvc784-2LV-c -data names 
Execute         ap_part_info -quiet -name xck26-sfvc784-2LV-c -data family 
Execute     db_write -o /home/sadat-kabir/Work/COMP4601/labs/Project/comp4601-project/replication_full/hls/work_k8_report/hls/.autopilot/db/encode_chunk.bind.adb -f 
INFO-FLOW: Finish binding encode_chunk.
INFO: [HLS 200-10] ----------------------------------------------------------------
INFO: [HLS 200-42] -- Implementing module 'arith_encode_Pipeline_Header' 
INFO: [HLS 200-10] ----------------------------------------------------------------
Execute     set_default_model arith_encode_Pipeline_Header 
Execute     schedule -model arith_encode_Pipeline_Header 
INFO: [SCHED 204-11] Starting scheduling ...
INFO: [SCHED 204-61] Pipelining loop 'Header'.
INFO: [HLS 200-1470] Pipelining result : Target II = NA, Final II = 1, Depth = 2, loop 'Header'
INFO: [SCHED 204-11] Finished scheduling.
INFO: [HLS 200-111] Finished Scheduling: CPU user time: 0.02 seconds. CPU system time: 0 seconds. Elapsed time: 0.02 seconds; current allocated memory: 416.297 MB.
Execute     syn_report -verbosereport -o /home/sadat-kabir/Work/COMP4601/labs/Project/comp4601-project/replication_full/hls/work_k8_report/hls/.autopilot/db/arith_encode_Pipeline_Header.verbose.sched.rpt 
Execute       list_part -family xck26-sfvc784-2LV-c 
Execute         ap_family_info -name xck26-sfvc784-2LV-c -data names 
Execute         ap_part_info -quiet -name xck26-sfvc784-2LV-c -data family 
Execute     db_write -o /home/sadat-kabir/Work/COMP4601/labs/Project/comp4601-project/replication_full/hls/work_k8_report/hls/.autopilot/db/arith_encode_Pipeline_Header.sched.adb -f 
INFO-FLOW: Finish scheduling arith_encode_Pipeline_Header.
Execute     set_default_model arith_encode_Pipeline_Header 
Execute     bind -model arith_encode_Pipeline_Header 
INFO: [BIND 205-100] Starting micro-architecture generation ...
INFO: [BIND 205-101] Performing variable lifetime analysis.
INFO: [BIND 205-101] Exploring resource sharing.
INFO: [BIND 205-101] Binding ...
INFO: [BIND 205-100] Finished micro-architecture generation.
INFO: [HLS 200-111] Finished Binding: CPU user time: 0.01 seconds. CPU system time: 0 seconds. Elapsed time: 0.01 seconds; current allocated memory: 416.297 MB.
Execute     syn_report -verbosereport -o /home/sadat-kabir/Work/COMP4601/labs/Project/comp4601-project/replication_full/hls/work_k8_report/hls/.autopilot/db/arith_encode_Pipeline_Header.verbose.bind.rpt 
Execute       list_part -family xck26-sfvc784-2LV-c 
Execute         ap_family_info -name xck26-sfvc784-2LV-c -data names 
Execute         ap_part_info -quiet -name xck26-sfvc784-2LV-c -data family 
Execute     db_write -o /home/sadat-kabir/Work/COMP4601/labs/Project/comp4601-project/replication_full/hls/work_k8_report/hls/.autopilot/db/arith_encode_Pipeline_Header.bind.adb -f 
INFO-FLOW: Finish binding arith_encode_Pipeline_Header.
INFO: [HLS 200-10] ----------------------------------------------------------------
INFO: [HLS 200-42] -- Implementing module 'arith_encode_Pipeline_VITIS_LOOP_89_2' 
INFO: [HLS 200-10] ----------------------------------------------------------------
Execute     set_default_model arith_encode_Pipeline_VITIS_LOOP_89_2 
Execute     schedule -model arith_encode_Pipeline_VITIS_LOOP_89_2 
INFO: [SCHED 204-11] Starting scheduling ...
INFO: [SCHED 204-61] Pipelining loop 'VITIS_LOOP_89_2'.
INFO: [HLS 200-1470] Pipelining result : Target II = NA, Final II = 1, Depth = 71, loop 'VITIS_LOOP_89_2'
INFO: [SCHED 204-11] Finished scheduling.
INFO: [HLS 200-111] Finished Scheduling: CPU user time: 0.02 seconds. CPU system time: 0 seconds. Elapsed time: 0.03 seconds; current allocated memory: 416.379 MB.
Execute     syn_report -verbosereport -o /home/sadat-kabir/Work/COMP4601/labs/Project/comp4601-project/replication_full/hls/work_k8_report/hls/.autopilot/db/arith_encode_Pipeline_VITIS_LOOP_89_2.verbose.sched.rpt 
Execute       list_part -family xck26-sfvc784-2LV-c 
Execute         ap_family_info -name xck26-sfvc784-2LV-c -data names 
Execute         ap_part_info -quiet -name xck26-sfvc784-2LV-c -data family 
Execute     db_write -o /home/sadat-kabir/Work/COMP4601/labs/Project/comp4601-project/replication_full/hls/work_k8_report/hls/.autopilot/db/arith_encode_Pipeline_VITIS_LOOP_89_2.sched.adb -f 
INFO-FLOW: Finish scheduling arith_encode_Pipeline_VITIS_LOOP_89_2.
Execute     set_default_model arith_encode_Pipeline_VITIS_LOOP_89_2 
Execute     bind -model arith_encode_Pipeline_VITIS_LOOP_89_2 
INFO: [BIND 205-100] Starting micro-architecture generation ...
INFO: [BIND 205-101] Performing variable lifetime analysis.
INFO: [BIND 205-101] Exploring resource sharing.
INFO: [BIND 205-101] Binding ...
INFO: [BIND 205-100] Finished micro-architecture generation.
INFO: [HLS 200-111] Finished Binding: CPU user time: 0.02 seconds. CPU system time: 0.01 seconds. Elapsed time: 0.02 seconds; current allocated memory: 416.379 MB.
Execute     syn_report -verbosereport -o /home/sadat-kabir/Work/COMP4601/labs/Project/comp4601-project/replication_full/hls/work_k8_report/hls/.autopilot/db/arith_encode_Pipeline_VITIS_LOOP_89_2.verbose.bind.rpt 
Execute       list_part -family xck26-sfvc784-2LV-c 
Execute         ap_family_info -name xck26-sfvc784-2LV-c -data names 
Execute         ap_part_info -quiet -name xck26-sfvc784-2LV-c -data family 
Execute     db_write -o /home/sadat-kabir/Work/COMP4601/labs/Project/comp4601-project/replication_full/hls/work_k8_report/hls/.autopilot/db/arith_encode_Pipeline_VITIS_LOOP_89_2.bind.adb -f 
INFO-FLOW: Finish binding arith_encode_Pipeline_VITIS_LOOP_89_2.
INFO: [HLS 200-10] ----------------------------------------------------------------
INFO: [HLS 200-42] -- Implementing module 'arith_encode' 
INFO: [HLS 200-10] ----------------------------------------------------------------
Execute     set_default_model arith_encode 
Execute     schedule -model arith_encode 
INFO: [SCHED 204-11] Starting scheduling ...
INFO: [SCHED 204-11] Finished scheduling.
INFO: [HLS 200-111] Finished Scheduling: CPU user time: 0.05 seconds. CPU system time: 0 seconds. Elapsed time: 0.06 seconds; current allocated memory: 418.371 MB.
Execute     syn_report -verbosereport -o /home/sadat-kabir/Work/COMP4601/labs/Project/comp4601-project/replication_full/hls/work_k8_report/hls/.autopilot/db/arith_encode.verbose.sched.rpt 
Execute       list_part -family xck26-sfvc784-2LV-c 
Execute         ap_family_info -name xck26-sfvc784-2LV-c -data names 
Execute         ap_part_info -quiet -name xck26-sfvc784-2LV-c -data family 
Execute     db_write -o /home/sadat-kabir/Work/COMP4601/labs/Project/comp4601-project/replication_full/hls/work_k8_report/hls/.autopilot/db/arith_encode.sched.adb -f 
INFO-FLOW: Finish scheduling arith_encode.
Execute     set_default_model arith_encode 
Execute     bind -model arith_encode 
INFO: [BIND 205-100] Starting micro-architecture generation ...
INFO: [BIND 205-101] Performing variable lifetime analysis.
INFO: [BIND 205-101] Exploring resource sharing.
INFO: [BIND 205-101] Binding ...
INFO: [BIND 205-100] Finished micro-architecture generation.
INFO: [HLS 200-111] Finished Binding: CPU user time: 0.04 seconds. CPU system time: 0 seconds. Elapsed time: 0.05 seconds; current allocated memory: 418.371 MB.
Execute     syn_report -verbosereport -o /home/sadat-kabir/Work/COMP4601/labs/Project/comp4601-project/replication_full/hls/work_k8_report/hls/.autopilot/db/arith_encode.verbose.bind.rpt 
Execute       list_part -family xck26-sfvc784-2LV-c 
Execute         ap_family_info -name xck26-sfvc784-2LV-c -data names 
Execute         ap_part_info -quiet -name xck26-sfvc784-2LV-c -data family 
Execute     db_write -o /home/sadat-kabir/Work/COMP4601/labs/Project/comp4601-project/replication_full/hls/work_k8_report/hls/.autopilot/db/arith_encode.bind.adb -f 
INFO-FLOW: Finish binding arith_encode.
Execute     get_model_list arith_encode -filter all-wo-channel 
INFO-FLOW: Preprocessing for RTLGen ...
Execute     rtl_gen_preprocess arith_encode_Pipeline_VITIS_LOOP_66_1 
Execute     rtl_gen_preprocess encode_chunk_Pipeline_VITIS_LOOP_17_1 
Execute     rtl_gen_preprocess encode_bit_Pipeline_VITIS_LOOP_53_2 
Execute     rtl_gen_preprocess encode_bit_Pipeline_VITIS_LOOP_50_1 
Execute     rtl_gen_preprocess encode_bit 
Execute     rtl_gen_preprocess encode_bit.1_Pipeline_VITIS_LOOP_53_2 
Execute     rtl_gen_preprocess encode_bit.1_Pipeline_VITIS_LOOP_50_1 
Execute     rtl_gen_preprocess encode_bit.1 
Execute     rtl_gen_preprocess encode_chunk_Pipeline_VITIS_LOOP_33_5 
Execute     rtl_gen_preprocess encode_chunk_Pipeline_VITIS_LOOP_32_4 
Execute     rtl_gen_preprocess encode_chunk 
Execute     rtl_gen_preprocess arith_encode_Pipeline_Header 
Execute     rtl_gen_preprocess arith_encode_Pipeline_VITIS_LOOP_89_2 
Execute     rtl_gen_preprocess arith_encode 
INFO-FLOW: Model list for RTL generation: arith_encode_Pipeline_VITIS_LOOP_66_1 encode_chunk_Pipeline_VITIS_LOOP_17_1 encode_bit_Pipeline_VITIS_LOOP_53_2 encode_bit_Pipeline_VITIS_LOOP_50_1 encode_bit encode_bit.1_Pipeline_VITIS_LOOP_53_2 encode_bit.1_Pipeline_VITIS_LOOP_50_1 encode_bit.1 encode_chunk_Pipeline_VITIS_LOOP_33_5 encode_chunk_Pipeline_VITIS_LOOP_32_4 encode_chunk arith_encode_Pipeline_Header arith_encode_Pipeline_VITIS_LOOP_89_2 arith_encode
INFO: [HLS 200-10] ----------------------------------------------------------------
INFO: [HLS 200-10] -- Generating RTL for module 'arith_encode_Pipeline_VITIS_LOOP_66_1' 
INFO: [HLS 200-10] ----------------------------------------------------------------
Execute     create_rtl_model arith_encode_Pipeline_VITIS_LOOP_66_1 -top_prefix arith_encode_ -sub_prefix arith_encode_ -mg_file /home/sadat-kabir/Work/COMP4601/labs/Project/comp4601-project/replication_full/hls/work_k8_report/hls/.autopilot/db/arith_encode_Pipeline_VITIS_LOOP_66_1.compgen.tcl 
INFO: [HLS 200-1030] Apply Unified Pipeline Control on module 'arith_encode_Pipeline_VITIS_LOOP_66_1' pipeline 'VITIS_LOOP_66_1' pipeline type 'loop pipeline'
WARNING: [RTGEN 206-101] Setting dangling out port 'arith_encode_Pipeline_VITIS_LOOP_66_1/m_axi_gmem0_0_ARVALID' to 0.
WARNING: [RTGEN 206-101] Setting dangling out port 'arith_encode_Pipeline_VITIS_LOOP_66_1/m_axi_gmem0_0_ARADDR' to 0.
WARNING: [RTGEN 206-101] Setting dangling out port 'arith_encode_Pipeline_VITIS_LOOP_66_1/m_axi_gmem0_0_ARID' to 0.
WARNING: [RTGEN 206-101] Setting dangling out port 'arith_encode_Pipeline_VITIS_LOOP_66_1/m_axi_gmem0_0_ARLEN' to 0.
WARNING: [RTGEN 206-101] Setting dangling out port 'arith_encode_Pipeline_VITIS_LOOP_66_1/m_axi_gmem0_0_ARSIZE' to 0.
WARNING: [RTGEN 206-101] Setting dangling out port 'arith_encode_Pipeline_VITIS_LOOP_66_1/m_axi_gmem0_0_ARBURST' to 0.
WARNING: [RTGEN 206-101] Setting dangling out port 'arith_encode_Pipeline_VITIS_LOOP_66_1/m_axi_gmem0_0_ARLOCK' to 0.
WARNING: [RTGEN 206-101] Setting dangling out port 'arith_encode_Pipeline_VITIS_LOOP_66_1/m_axi_gmem0_0_ARCACHE' to 0.
WARNING: [RTGEN 206-101] Setting dangling out port 'arith_encode_Pipeline_VITIS_LOOP_66_1/m_axi_gmem0_0_ARPROT' to 0.
WARNING: [RTGEN 206-101] Setting dangling out port 'arith_encode_Pipeline_VITIS_LOOP_66_1/m_axi_gmem0_0_ARQOS' to 0.
WARNING: [RTGEN 206-101] Setting dangling out port 'arith_encode_Pipeline_VITIS_LOOP_66_1/m_axi_gmem0_0_ARREGION' to 0.
WARNING: [RTGEN 206-101] Setting dangling out port 'arith_encode_Pipeline_VITIS_LOOP_66_1/m_axi_gmem0_0_ARUSER' to 0.
INFO: [RTGEN 206-100] Finished creating RTL model for 'arith_encode_Pipeline_VITIS_LOOP_66_1'.
INFO: [HLS 200-111] Finished Creating RTL model: CPU user time: 0.06 seconds. CPU system time: 0.01 seconds. Elapsed time: 0.07 seconds; current allocated memory: 418.371 MB.
Execute     source /home/sadat-kabir/Work/COMP4601/labs/Project/comp4601-project/replication_full/hls/work_k8_report/hls/.autopilot/db/arith_encode.rtl_wrap.cfg.tcl 
Execute     gen_rtl arith_encode_Pipeline_VITIS_LOOP_66_1 -style xilinx -f -lang vhdl -o /home/sadat-kabir/Work/COMP4601/labs/Project/comp4601-project/replication_full/hls/work_k8_report/hls/syn/vhdl/arith_encode_arith_encode_Pipeline_VITIS_LOOP_66_1 
Execute     gen_rtl arith_encode_Pipeline_VITIS_LOOP_66_1 -style xilinx -f -lang vlog -o /home/sadat-kabir/Work/COMP4601/labs/Project/comp4601-project/replication_full/hls/work_k8_report/hls/syn/verilog/arith_encode_arith_encode_Pipeline_VITIS_LOOP_66_1 
Execute     syn_report -csynth -model arith_encode_Pipeline_VITIS_LOOP_66_1 -o /home/sadat-kabir/Work/COMP4601/labs/Project/comp4601-project/replication_full/hls/work_k8_report/hls/syn/report/arith_encode_Pipeline_VITIS_LOOP_66_1_csynth.rpt 
Execute       list_part -family xck26-sfvc784-2LV-c 
Execute         ap_family_info -name xck26-sfvc784-2LV-c -data names 
Execute         ap_part_info -quiet -name xck26-sfvc784-2LV-c -data family 
Execute     syn_report -rtlxml -model arith_encode_Pipeline_VITIS_LOOP_66_1 -o /home/sadat-kabir/Work/COMP4601/labs/Project/comp4601-project/replication_full/hls/work_k8_report/hls/syn/report/arith_encode_Pipeline_VITIS_LOOP_66_1_csynth.xml 
Execute       list_part -family xck26-sfvc784-2LV-c 
Execute         ap_family_info -name xck26-sfvc784-2LV-c -data names 
Execute         ap_part_info -quiet -name xck26-sfvc784-2LV-c -data family 
Execute     syn_report -verbosereport -model arith_encode_Pipeline_VITIS_LOOP_66_1 -o /home/sadat-kabir/Work/COMP4601/labs/Project/comp4601-project/replication_full/hls/work_k8_report/hls/.autopilot/db/arith_encode_Pipeline_VITIS_LOOP_66_1.verbose.rpt 
Execute       list_part -family xck26-sfvc784-2LV-c 
Execute         ap_family_info -name xck26-sfvc784-2LV-c -data names 
Execute         ap_part_info -quiet -name xck26-sfvc784-2LV-c -data family 
Execute     db_write -model arith_encode_Pipeline_VITIS_LOOP_66_1 -f -o /home/sadat-kabir/Work/COMP4601/labs/Project/comp4601-project/replication_full/hls/work_k8_report/hls/.autopilot/db/arith_encode_Pipeline_VITIS_LOOP_66_1.adb 
Execute     db_write -model arith_encode_Pipeline_VITIS_LOOP_66_1 -bindview -o /home/sadat-kabir/Work/COMP4601/labs/Project/comp4601-project/replication_full/hls/work_k8_report/hls/.autopilot/db/design.bindinfo.xml 
Execute     gen_tb_info arith_encode_Pipeline_VITIS_LOOP_66_1 -p /home/sadat-kabir/Work/COMP4601/labs/Project/comp4601-project/replication_full/hls/work_k8_report/hls/.autopilot/db -o /home/sadat-kabir/Work/COMP4601/labs/Project/comp4601-project/replication_full/hls/work_k8_report/hls/.autopilot/db/arith_encode_Pipeline_VITIS_LOOP_66_1 
INFO: [HLS 200-10] ----------------------------------------------------------------
INFO: [HLS 200-10] -- Generating RTL for module 'encode_chunk_Pipeline_VITIS_LOOP_17_1' 
INFO: [HLS 200-10] ----------------------------------------------------------------
Execute     create_rtl_model encode_chunk_Pipeline_VITIS_LOOP_17_1 -top_prefix arith_encode_ -sub_prefix arith_encode_ -mg_file /home/sadat-kabir/Work/COMP4601/labs/Project/comp4601-project/replication_full/hls/work_k8_report/hls/.autopilot/db/encode_chunk_Pipeline_VITIS_LOOP_17_1.compgen.tcl 
INFO: [RTGEN 206-100] Finished creating RTL model for 'encode_chunk_Pipeline_VITIS_LOOP_17_1'.
INFO: [HLS 200-111] Finished Creating RTL model: CPU user time: 0.03 seconds. CPU system time: 0.01 seconds. Elapsed time: 0.05 seconds; current allocated memory: 419.594 MB.
Execute     source /home/sadat-kabir/Work/COMP4601/labs/Project/comp4601-project/replication_full/hls/work_k8_report/hls/.autopilot/db/arith_encode.rtl_wrap.cfg.tcl 
Execute     gen_rtl encode_chunk_Pipeline_VITIS_LOOP_17_1 -style xilinx -f -lang vhdl -o /home/sadat-kabir/Work/COMP4601/labs/Project/comp4601-project/replication_full/hls/work_k8_report/hls/syn/vhdl/arith_encode_encode_chunk_Pipeline_VITIS_LOOP_17_1 
Execute     gen_rtl encode_chunk_Pipeline_VITIS_LOOP_17_1 -style xilinx -f -lang vlog -o /home/sadat-kabir/Work/COMP4601/labs/Project/comp4601-project/replication_full/hls/work_k8_report/hls/syn/verilog/arith_encode_encode_chunk_Pipeline_VITIS_LOOP_17_1 
Execute     syn_report -csynth -model encode_chunk_Pipeline_VITIS_LOOP_17_1 -o /home/sadat-kabir/Work/COMP4601/labs/Project/comp4601-project/replication_full/hls/work_k8_report/hls/syn/report/encode_chunk_Pipeline_VITIS_LOOP_17_1_csynth.rpt 
Execute       list_part -family xck26-sfvc784-2LV-c 
Execute         ap_family_info -name xck26-sfvc784-2LV-c -data names 
Execute         ap_part_info -quiet -name xck26-sfvc784-2LV-c -data family 
Execute     syn_report -rtlxml -model encode_chunk_Pipeline_VITIS_LOOP_17_1 -o /home/sadat-kabir/Work/COMP4601/labs/Project/comp4601-project/replication_full/hls/work_k8_report/hls/syn/report/encode_chunk_Pipeline_VITIS_LOOP_17_1_csynth.xml 
Execute       list_part -family xck26-sfvc784-2LV-c 
Execute         ap_family_info -name xck26-sfvc784-2LV-c -data names 
Execute         ap_part_info -quiet -name xck26-sfvc784-2LV-c -data family 
Execute     syn_report -verbosereport -model encode_chunk_Pipeline_VITIS_LOOP_17_1 -o /home/sadat-kabir/Work/COMP4601/labs/Project/comp4601-project/replication_full/hls/work_k8_report/hls/.autopilot/db/encode_chunk_Pipeline_VITIS_LOOP_17_1.verbose.rpt 
Execute       list_part -family xck26-sfvc784-2LV-c 
Execute         ap_family_info -name xck26-sfvc784-2LV-c -data names 
Execute         ap_part_info -quiet -name xck26-sfvc784-2LV-c -data family 
Execute     db_write -model encode_chunk_Pipeline_VITIS_LOOP_17_1 -f -o /home/sadat-kabir/Work/COMP4601/labs/Project/comp4601-project/replication_full/hls/work_k8_report/hls/.autopilot/db/encode_chunk_Pipeline_VITIS_LOOP_17_1.adb 
Execute     db_write -model encode_chunk_Pipeline_VITIS_LOOP_17_1 -bindview -o /home/sadat-kabir/Work/COMP4601/labs/Project/comp4601-project/replication_full/hls/work_k8_report/hls/.autopilot/db/design.bindinfo.xml 
Execute     gen_tb_info encode_chunk_Pipeline_VITIS_LOOP_17_1 -p /home/sadat-kabir/Work/COMP4601/labs/Project/comp4601-project/replication_full/hls/work_k8_report/hls/.autopilot/db -o /home/sadat-kabir/Work/COMP4601/labs/Project/comp4601-project/replication_full/hls/work_k8_report/hls/.autopilot/db/encode_chunk_Pipeline_VITIS_LOOP_17_1 
INFO: [HLS 200-10] ----------------------------------------------------------------
INFO: [HLS 200-10] -- Generating RTL for module 'encode_bit_Pipeline_VITIS_LOOP_53_2' 
INFO: [HLS 200-10] ----------------------------------------------------------------
Execute     create_rtl_model encode_bit_Pipeline_VITIS_LOOP_53_2 -top_prefix arith_encode_ -sub_prefix arith_encode_ -mg_file /home/sadat-kabir/Work/COMP4601/labs/Project/comp4601-project/replication_full/hls/work_k8_report/hls/.autopilot/db/encode_bit_Pipeline_VITIS_LOOP_53_2.compgen.tcl 
INFO: [HLS 200-1030] Apply Unified Pipeline Control on module 'encode_bit_Pipeline_VITIS_LOOP_53_2' pipeline 'VITIS_LOOP_53_2' pipeline type 'loop pipeline'
INFO: [RTGEN 206-100] Finished creating RTL model for 'encode_bit_Pipeline_VITIS_LOOP_53_2'.
INFO: [HLS 200-111] Finished Creating RTL model: CPU user time: 0.03 seconds. CPU system time: 0.01 seconds. Elapsed time: 0.03 seconds; current allocated memory: 419.988 MB.
Execute     source /home/sadat-kabir/Work/COMP4601/labs/Project/comp4601-project/replication_full/hls/work_k8_report/hls/.autopilot/db/arith_encode.rtl_wrap.cfg.tcl 
Execute     gen_rtl encode_bit_Pipeline_VITIS_LOOP_53_2 -style xilinx -f -lang vhdl -o /home/sadat-kabir/Work/COMP4601/labs/Project/comp4601-project/replication_full/hls/work_k8_report/hls/syn/vhdl/arith_encode_encode_bit_Pipeline_VITIS_LOOP_53_2 
Execute     gen_rtl encode_bit_Pipeline_VITIS_LOOP_53_2 -style xilinx -f -lang vlog -o /home/sadat-kabir/Work/COMP4601/labs/Project/comp4601-project/replication_full/hls/work_k8_report/hls/syn/verilog/arith_encode_encode_bit_Pipeline_VITIS_LOOP_53_2 
Execute     syn_report -csynth -model encode_bit_Pipeline_VITIS_LOOP_53_2 -o /home/sadat-kabir/Work/COMP4601/labs/Project/comp4601-project/replication_full/hls/work_k8_report/hls/syn/report/encode_bit_Pipeline_VITIS_LOOP_53_2_csynth.rpt 
Execute       list_part -family xck26-sfvc784-2LV-c 
Execute         ap_family_info -name xck26-sfvc784-2LV-c -data names 
Execute         ap_part_info -quiet -name xck26-sfvc784-2LV-c -data family 
Execute     syn_report -rtlxml -model encode_bit_Pipeline_VITIS_LOOP_53_2 -o /home/sadat-kabir/Work/COMP4601/labs/Project/comp4601-project/replication_full/hls/work_k8_report/hls/syn/report/encode_bit_Pipeline_VITIS_LOOP_53_2_csynth.xml 
Execute       list_part -family xck26-sfvc784-2LV-c 
Execute         ap_family_info -name xck26-sfvc784-2LV-c -data names 
Execute         ap_part_info -quiet -name xck26-sfvc784-2LV-c -data family 
Execute     syn_report -verbosereport -model encode_bit_Pipeline_VITIS_LOOP_53_2 -o /home/sadat-kabir/Work/COMP4601/labs/Project/comp4601-project/replication_full/hls/work_k8_report/hls/.autopilot/db/encode_bit_Pipeline_VITIS_LOOP_53_2.verbose.rpt 
Execute       list_part -family xck26-sfvc784-2LV-c 
Execute         ap_family_info -name xck26-sfvc784-2LV-c -data names 
Execute         ap_part_info -quiet -name xck26-sfvc784-2LV-c -data family 
Execute     db_write -model encode_bit_Pipeline_VITIS_LOOP_53_2 -f -o /home/sadat-kabir/Work/COMP4601/labs/Project/comp4601-project/replication_full/hls/work_k8_report/hls/.autopilot/db/encode_bit_Pipeline_VITIS_LOOP_53_2.adb 
Execute     db_write -model encode_bit_Pipeline_VITIS_LOOP_53_2 -bindview -o /home/sadat-kabir/Work/COMP4601/labs/Project/comp4601-project/replication_full/hls/work_k8_report/hls/.autopilot/db/design.bindinfo.xml 
Execute     gen_tb_info encode_bit_Pipeline_VITIS_LOOP_53_2 -p /home/sadat-kabir/Work/COMP4601/labs/Project/comp4601-project/replication_full/hls/work_k8_report/hls/.autopilot/db -o /home/sadat-kabir/Work/COMP4601/labs/Project/comp4601-project/replication_full/hls/work_k8_report/hls/.autopilot/db/encode_bit_Pipeline_VITIS_LOOP_53_2 
INFO: [HLS 200-10] ----------------------------------------------------------------
INFO: [HLS 200-10] -- Generating RTL for module 'encode_bit_Pipeline_VITIS_LOOP_50_1' 
INFO: [HLS 200-10] ----------------------------------------------------------------
Execute     create_rtl_model encode_bit_Pipeline_VITIS_LOOP_50_1 -top_prefix arith_encode_ -sub_prefix arith_encode_ -mg_file /home/sadat-kabir/Work/COMP4601/labs/Project/comp4601-project/replication_full/hls/work_k8_report/hls/.autopilot/db/encode_bit_Pipeline_VITIS_LOOP_50_1.compgen.tcl 
INFO: [HLS 200-1030] Apply Unified Pipeline Control on module 'encode_bit_Pipeline_VITIS_LOOP_50_1' pipeline 'VITIS_LOOP_50_1' pipeline type 'loop pipeline'
INFO: [RTGEN 206-100] Finished creating RTL model for 'encode_bit_Pipeline_VITIS_LOOP_50_1'.
INFO: [HLS 200-111] Finished Creating RTL model: CPU user time: 0.03 seconds. CPU system time: 0 seconds. Elapsed time: 0.03 seconds; current allocated memory: 421.109 MB.
Execute     source /home/sadat-kabir/Work/COMP4601/labs/Project/comp4601-project/replication_full/hls/work_k8_report/hls/.autopilot/db/arith_encode.rtl_wrap.cfg.tcl 
Execute     gen_rtl encode_bit_Pipeline_VITIS_LOOP_50_1 -style xilinx -f -lang vhdl -o /home/sadat-kabir/Work/COMP4601/labs/Project/comp4601-project/replication_full/hls/work_k8_report/hls/syn/vhdl/arith_encode_encode_bit_Pipeline_VITIS_LOOP_50_1 
Execute     gen_rtl encode_bit_Pipeline_VITIS_LOOP_50_1 -style xilinx -f -lang vlog -o /home/sadat-kabir/Work/COMP4601/labs/Project/comp4601-project/replication_full/hls/work_k8_report/hls/syn/verilog/arith_encode_encode_bit_Pipeline_VITIS_LOOP_50_1 
Execute     syn_report -csynth -model encode_bit_Pipeline_VITIS_LOOP_50_1 -o /home/sadat-kabir/Work/COMP4601/labs/Project/comp4601-project/replication_full/hls/work_k8_report/hls/syn/report/encode_bit_Pipeline_VITIS_LOOP_50_1_csynth.rpt 
Execute       list_part -family xck26-sfvc784-2LV-c 
Execute         ap_family_info -name xck26-sfvc784-2LV-c -data names 
Execute         ap_part_info -quiet -name xck26-sfvc784-2LV-c -data family 
Execute     syn_report -rtlxml -model encode_bit_Pipeline_VITIS_LOOP_50_1 -o /home/sadat-kabir/Work/COMP4601/labs/Project/comp4601-project/replication_full/hls/work_k8_report/hls/syn/report/encode_bit_Pipeline_VITIS_LOOP_50_1_csynth.xml 
Execute       list_part -family xck26-sfvc784-2LV-c 
Execute         ap_family_info -name xck26-sfvc784-2LV-c -data names 
Execute         ap_part_info -quiet -name xck26-sfvc784-2LV-c -data family 
Execute     syn_report -verbosereport -model encode_bit_Pipeline_VITIS_LOOP_50_1 -o /home/sadat-kabir/Work/COMP4601/labs/Project/comp4601-project/replication_full/hls/work_k8_report/hls/.autopilot/db/encode_bit_Pipeline_VITIS_LOOP_50_1.verbose.rpt 
Execute       list_part -family xck26-sfvc784-2LV-c 
Execute         ap_family_info -name xck26-sfvc784-2LV-c -data names 
Execute         ap_part_info -quiet -name xck26-sfvc784-2LV-c -data family 
Execute     db_write -model encode_bit_Pipeline_VITIS_LOOP_50_1 -f -o /home/sadat-kabir/Work/COMP4601/labs/Project/comp4601-project/replication_full/hls/work_k8_report/hls/.autopilot/db/encode_bit_Pipeline_VITIS_LOOP_50_1.adb 
Execute     db_write -model encode_bit_Pipeline_VITIS_LOOP_50_1 -bindview -o /home/sadat-kabir/Work/COMP4601/labs/Project/comp4601-project/replication_full/hls/work_k8_report/hls/.autopilot/db/design.bindinfo.xml 
Execute     gen_tb_info encode_bit_Pipeline_VITIS_LOOP_50_1 -p /home/sadat-kabir/Work/COMP4601/labs/Project/comp4601-project/replication_full/hls/work_k8_report/hls/.autopilot/db -o /home/sadat-kabir/Work/COMP4601/labs/Project/comp4601-project/replication_full/hls/work_k8_report/hls/.autopilot/db/encode_bit_Pipeline_VITIS_LOOP_50_1 
INFO: [HLS 200-10] ----------------------------------------------------------------
INFO: [HLS 200-10] -- Generating RTL for module 'encode_bit' 
INFO: [HLS 200-10] ----------------------------------------------------------------
Execute     create_rtl_model encode_bit -top_prefix arith_encode_ -sub_prefix arith_encode_ -mg_file /home/sadat-kabir/Work/COMP4601/labs/Project/comp4601-project/replication_full/hls/work_k8_report/hls/.autopilot/db/encode_bit.compgen.tcl 
INFO: [RTGEN 206-100] Generating core module 'mul_32s_32s_32_1_1': 1 instance(s).
INFO: [RTGEN 206-100] Finished creating RTL model for 'encode_bit'.
INFO: [HLS 200-111] Finished Creating RTL model: CPU user time: 0.04 seconds. CPU system time: 0.01 seconds. Elapsed time: 0.05 seconds; current allocated memory: 422.996 MB.
Execute     source /home/sadat-kabir/Work/COMP4601/labs/Project/comp4601-project/replication_full/hls/work_k8_report/hls/.autopilot/db/arith_encode.rtl_wrap.cfg.tcl 
Execute     gen_rtl encode_bit -style xilinx -f -lang vhdl -o /home/sadat-kabir/Work/COMP4601/labs/Project/comp4601-project/replication_full/hls/work_k8_report/hls/syn/vhdl/arith_encode_encode_bit 
Execute     gen_rtl encode_bit -style xilinx -f -lang vlog -o /home/sadat-kabir/Work/COMP4601/labs/Project/comp4601-project/replication_full/hls/work_k8_report/hls/syn/verilog/arith_encode_encode_bit 
Execute     syn_report -csynth -model encode_bit -o /home/sadat-kabir/Work/COMP4601/labs/Project/comp4601-project/replication_full/hls/work_k8_report/hls/syn/report/encode_bit_csynth.rpt 
Execute       list_part -family xck26-sfvc784-2LV-c 
Execute         ap_family_info -name xck26-sfvc784-2LV-c -data names 
Execute         ap_part_info -quiet -name xck26-sfvc784-2LV-c -data family 
Execute     syn_report -rtlxml -model encode_bit -o /home/sadat-kabir/Work/COMP4601/labs/Project/comp4601-project/replication_full/hls/work_k8_report/hls/syn/report/encode_bit_csynth.xml 
Execute       list_part -family xck26-sfvc784-2LV-c 
Execute         ap_family_info -name xck26-sfvc784-2LV-c -data names 
Execute         ap_part_info -quiet -name xck26-sfvc784-2LV-c -data family 
Execute     syn_report -verbosereport -model encode_bit -o /home/sadat-kabir/Work/COMP4601/labs/Project/comp4601-project/replication_full/hls/work_k8_report/hls/.autopilot/db/encode_bit.verbose.rpt 
Execute       list_part -family xck26-sfvc784-2LV-c 
Execute         ap_family_info -name xck26-sfvc784-2LV-c -data names 
Execute         ap_part_info -quiet -name xck26-sfvc784-2LV-c -data family 
Execute     db_write -model encode_bit -f -o /home/sadat-kabir/Work/COMP4601/labs/Project/comp4601-project/replication_full/hls/work_k8_report/hls/.autopilot/db/encode_bit.adb 
Execute     db_write -model encode_bit -bindview -o /home/sadat-kabir/Work/COMP4601/labs/Project/comp4601-project/replication_full/hls/work_k8_report/hls/.autopilot/db/design.bindinfo.xml 
Execute     gen_tb_info encode_bit -p /home/sadat-kabir/Work/COMP4601/labs/Project/comp4601-project/replication_full/hls/work_k8_report/hls/.autopilot/db -o /home/sadat-kabir/Work/COMP4601/labs/Project/comp4601-project/replication_full/hls/work_k8_report/hls/.autopilot/db/encode_bit 
INFO: [HLS 200-10] ----------------------------------------------------------------
INFO: [HLS 200-10] -- Generating RTL for module 'encode_bit_1_Pipeline_VITIS_LOOP_53_2' 
INFO: [HLS 200-10] ----------------------------------------------------------------
Execute     create_rtl_model encode_bit.1_Pipeline_VITIS_LOOP_53_2 -top_prefix arith_encode_ -sub_prefix arith_encode_ -mg_file /home/sadat-kabir/Work/COMP4601/labs/Project/comp4601-project/replication_full/hls/work_k8_report/hls/.autopilot/db/encode_bit_1_Pipeline_VITIS_LOOP_53_2.compgen.tcl 
INFO: [HLS 200-1030] Apply Unified Pipeline Control on module 'encode_bit_1_Pipeline_VITIS_LOOP_53_2' pipeline 'VITIS_LOOP_53_2' pipeline type 'loop pipeline'
INFO: [RTGEN 206-100] Finished creating RTL model for 'encode_bit_1_Pipeline_VITIS_LOOP_53_2'.
INFO: [HLS 200-111] Finished Creating RTL model: CPU user time: 0.05 seconds. CPU system time: 0.01 seconds. Elapsed time: 0.07 seconds; current allocated memory: 427.191 MB.
Execute     source /home/sadat-kabir/Work/COMP4601/labs/Project/comp4601-project/replication_full/hls/work_k8_report/hls/.autopilot/db/arith_encode.rtl_wrap.cfg.tcl 
Execute     gen_rtl encode_bit.1_Pipeline_VITIS_LOOP_53_2 -style xilinx -f -lang vhdl -o /home/sadat-kabir/Work/COMP4601/labs/Project/comp4601-project/replication_full/hls/work_k8_report/hls/syn/vhdl/arith_encode_encode_bit_1_Pipeline_VITIS_LOOP_53_2 
Execute     gen_rtl encode_bit.1_Pipeline_VITIS_LOOP_53_2 -style xilinx -f -lang vlog -o /home/sadat-kabir/Work/COMP4601/labs/Project/comp4601-project/replication_full/hls/work_k8_report/hls/syn/verilog/arith_encode_encode_bit_1_Pipeline_VITIS_LOOP_53_2 
Execute     syn_report -csynth -model encode_bit.1_Pipeline_VITIS_LOOP_53_2 -o /home/sadat-kabir/Work/COMP4601/labs/Project/comp4601-project/replication_full/hls/work_k8_report/hls/syn/report/encode_bit_1_Pipeline_VITIS_LOOP_53_2_csynth.rpt 
Execute       list_part -family xck26-sfvc784-2LV-c 
Execute         ap_family_info -name xck26-sfvc784-2LV-c -data names 
Execute         ap_part_info -quiet -name xck26-sfvc784-2LV-c -data family 
Execute     syn_report -rtlxml -model encode_bit.1_Pipeline_VITIS_LOOP_53_2 -o /home/sadat-kabir/Work/COMP4601/labs/Project/comp4601-project/replication_full/hls/work_k8_report/hls/syn/report/encode_bit_1_Pipeline_VITIS_LOOP_53_2_csynth.xml 
Execute       list_part -family xck26-sfvc784-2LV-c 
Execute         ap_family_info -name xck26-sfvc784-2LV-c -data names 
Execute         ap_part_info -quiet -name xck26-sfvc784-2LV-c -data family 
Execute     syn_report -verbosereport -model encode_bit.1_Pipeline_VITIS_LOOP_53_2 -o /home/sadat-kabir/Work/COMP4601/labs/Project/comp4601-project/replication_full/hls/work_k8_report/hls/.autopilot/db/encode_bit_1_Pipeline_VITIS_LOOP_53_2.verbose.rpt 
Execute       list_part -family xck26-sfvc784-2LV-c 
Execute         ap_family_info -name xck26-sfvc784-2LV-c -data names 
Execute         ap_part_info -quiet -name xck26-sfvc784-2LV-c -data family 
Execute     db_write -model encode_bit.1_Pipeline_VITIS_LOOP_53_2 -f -o /home/sadat-kabir/Work/COMP4601/labs/Project/comp4601-project/replication_full/hls/work_k8_report/hls/.autopilot/db/encode_bit_1_Pipeline_VITIS_LOOP_53_2.adb 
Execute     db_write -model encode_bit.1_Pipeline_VITIS_LOOP_53_2 -bindview -o /home/sadat-kabir/Work/COMP4601/labs/Project/comp4601-project/replication_full/hls/work_k8_report/hls/.autopilot/db/design.bindinfo.xml 
Execute     gen_tb_info encode_bit.1_Pipeline_VITIS_LOOP_53_2 -p /home/sadat-kabir/Work/COMP4601/labs/Project/comp4601-project/replication_full/hls/work_k8_report/hls/.autopilot/db -o /home/sadat-kabir/Work/COMP4601/labs/Project/comp4601-project/replication_full/hls/work_k8_report/hls/.autopilot/db/encode_bit_1_Pipeline_VITIS_LOOP_53_2 
INFO: [HLS 200-10] ----------------------------------------------------------------
INFO: [HLS 200-10] -- Generating RTL for module 'encode_bit_1_Pipeline_VITIS_LOOP_50_1' 
INFO: [HLS 200-10] ----------------------------------------------------------------
Execute     create_rtl_model encode_bit.1_Pipeline_VITIS_LOOP_50_1 -top_prefix arith_encode_ -sub_prefix arith_encode_ -mg_file /home/sadat-kabir/Work/COMP4601/labs/Project/comp4601-project/replication_full/hls/work_k8_report/hls/.autopilot/db/encode_bit_1_Pipeline_VITIS_LOOP_50_1.compgen.tcl 
INFO: [HLS 200-1030] Apply Unified Pipeline Control on module 'encode_bit_1_Pipeline_VITIS_LOOP_50_1' pipeline 'VITIS_LOOP_50_1' pipeline type 'loop pipeline'
INFO: [RTGEN 206-100] Finished creating RTL model for 'encode_bit_1_Pipeline_VITIS_LOOP_50_1'.
INFO: [HLS 200-111] Finished Creating RTL model: CPU user time: 0.03 seconds. CPU system time: 0.01 seconds. Elapsed time: 0.03 seconds; current allocated memory: 427.191 MB.
Execute     source /home/sadat-kabir/Work/COMP4601/labs/Project/comp4601-project/replication_full/hls/work_k8_report/hls/.autopilot/db/arith_encode.rtl_wrap.cfg.tcl 
Execute     gen_rtl encode_bit.1_Pipeline_VITIS_LOOP_50_1 -style xilinx -f -lang vhdl -o /home/sadat-kabir/Work/COMP4601/labs/Project/comp4601-project/replication_full/hls/work_k8_report/hls/syn/vhdl/arith_encode_encode_bit_1_Pipeline_VITIS_LOOP_50_1 
Execute     gen_rtl encode_bit.1_Pipeline_VITIS_LOOP_50_1 -style xilinx -f -lang vlog -o /home/sadat-kabir/Work/COMP4601/labs/Project/comp4601-project/replication_full/hls/work_k8_report/hls/syn/verilog/arith_encode_encode_bit_1_Pipeline_VITIS_LOOP_50_1 
Execute     syn_report -csynth -model encode_bit.1_Pipeline_VITIS_LOOP_50_1 -o /home/sadat-kabir/Work/COMP4601/labs/Project/comp4601-project/replication_full/hls/work_k8_report/hls/syn/report/encode_bit_1_Pipeline_VITIS_LOOP_50_1_csynth.rpt 
Execute       list_part -family xck26-sfvc784-2LV-c 
Execute         ap_family_info -name xck26-sfvc784-2LV-c -data names 
Execute         ap_part_info -quiet -name xck26-sfvc784-2LV-c -data family 
Execute     syn_report -rtlxml -model encode_bit.1_Pipeline_VITIS_LOOP_50_1 -o /home/sadat-kabir/Work/COMP4601/labs/Project/comp4601-project/replication_full/hls/work_k8_report/hls/syn/report/encode_bit_1_Pipeline_VITIS_LOOP_50_1_csynth.xml 
Execute       list_part -family xck26-sfvc784-2LV-c 
Execute         ap_family_info -name xck26-sfvc784-2LV-c -data names 
Execute         ap_part_info -quiet -name xck26-sfvc784-2LV-c -data family 
Execute     syn_report -verbosereport -model encode_bit.1_Pipeline_VITIS_LOOP_50_1 -o /home/sadat-kabir/Work/COMP4601/labs/Project/comp4601-project/replication_full/hls/work_k8_report/hls/.autopilot/db/encode_bit_1_Pipeline_VITIS_LOOP_50_1.verbose.rpt 
Execute       list_part -family xck26-sfvc784-2LV-c 
Execute         ap_family_info -name xck26-sfvc784-2LV-c -data names 
Execute         ap_part_info -quiet -name xck26-sfvc784-2LV-c -data family 
Execute     db_write -model encode_bit.1_Pipeline_VITIS_LOOP_50_1 -f -o /home/sadat-kabir/Work/COMP4601/labs/Project/comp4601-project/replication_full/hls/work_k8_report/hls/.autopilot/db/encode_bit_1_Pipeline_VITIS_LOOP_50_1.adb 
Execute     db_write -model encode_bit.1_Pipeline_VITIS_LOOP_50_1 -bindview -o /home/sadat-kabir/Work/COMP4601/labs/Project/comp4601-project/replication_full/hls/work_k8_report/hls/.autopilot/db/design.bindinfo.xml 
Execute     gen_tb_info encode_bit.1_Pipeline_VITIS_LOOP_50_1 -p /home/sadat-kabir/Work/COMP4601/labs/Project/comp4601-project/replication_full/hls/work_k8_report/hls/.autopilot/db -o /home/sadat-kabir/Work/COMP4601/labs/Project/comp4601-project/replication_full/hls/work_k8_report/hls/.autopilot/db/encode_bit_1_Pipeline_VITIS_LOOP_50_1 
INFO: [HLS 200-10] ----------------------------------------------------------------
INFO: [HLS 200-10] -- Generating RTL for module 'encode_bit_1' 
INFO: [HLS 200-10] ----------------------------------------------------------------
Execute     create_rtl_model encode_bit.1 -top_prefix arith_encode_ -sub_prefix arith_encode_ -mg_file /home/sadat-kabir/Work/COMP4601/labs/Project/comp4601-project/replication_full/hls/work_k8_report/hls/.autopilot/db/encode_bit_1.compgen.tcl 
INFO: [RTGEN 206-100] Generating core module 'mul_32s_32s_32_1_1': 1 instance(s).
INFO: [RTGEN 206-100] Finished creating RTL model for 'encode_bit_1'.
INFO: [HLS 200-111] Finished Creating RTL model: CPU user time: 0.03 seconds. CPU system time: 0.01 seconds. Elapsed time: 0.05 seconds; current allocated memory: 428.590 MB.
Execute     source /home/sadat-kabir/Work/COMP4601/labs/Project/comp4601-project/replication_full/hls/work_k8_report/hls/.autopilot/db/arith_encode.rtl_wrap.cfg.tcl 
Execute     gen_rtl encode_bit.1 -style xilinx -f -lang vhdl -o /home/sadat-kabir/Work/COMP4601/labs/Project/comp4601-project/replication_full/hls/work_k8_report/hls/syn/vhdl/arith_encode_encode_bit_1 
Execute     gen_rtl encode_bit.1 -style xilinx -f -lang vlog -o /home/sadat-kabir/Work/COMP4601/labs/Project/comp4601-project/replication_full/hls/work_k8_report/hls/syn/verilog/arith_encode_encode_bit_1 
Execute     syn_report -csynth -model encode_bit.1 -o /home/sadat-kabir/Work/COMP4601/labs/Project/comp4601-project/replication_full/hls/work_k8_report/hls/syn/report/encode_bit_1_csynth.rpt 
Execute       list_part -family xck26-sfvc784-2LV-c 
Execute         ap_family_info -name xck26-sfvc784-2LV-c -data names 
Execute         ap_part_info -quiet -name xck26-sfvc784-2LV-c -data family 
Execute     syn_report -rtlxml -model encode_bit.1 -o /home/sadat-kabir/Work/COMP4601/labs/Project/comp4601-project/replication_full/hls/work_k8_report/hls/syn/report/encode_bit_1_csynth.xml 
Execute       list_part -family xck26-sfvc784-2LV-c 
Execute         ap_family_info -name xck26-sfvc784-2LV-c -data names 
Execute         ap_part_info -quiet -name xck26-sfvc784-2LV-c -data family 
Execute     syn_report -verbosereport -model encode_bit.1 -o /home/sadat-kabir/Work/COMP4601/labs/Project/comp4601-project/replication_full/hls/work_k8_report/hls/.autopilot/db/encode_bit_1.verbose.rpt 
Execute       list_part -family xck26-sfvc784-2LV-c 
Execute         ap_family_info -name xck26-sfvc784-2LV-c -data names 
Execute         ap_part_info -quiet -name xck26-sfvc784-2LV-c -data family 
Execute     db_write -model encode_bit.1 -f -o /home/sadat-kabir/Work/COMP4601/labs/Project/comp4601-project/replication_full/hls/work_k8_report/hls/.autopilot/db/encode_bit_1.adb 
Execute     db_write -model encode_bit.1 -bindview -o /home/sadat-kabir/Work/COMP4601/labs/Project/comp4601-project/replication_full/hls/work_k8_report/hls/.autopilot/db/design.bindinfo.xml 
Execute     gen_tb_info encode_bit.1 -p /home/sadat-kabir/Work/COMP4601/labs/Project/comp4601-project/replication_full/hls/work_k8_report/hls/.autopilot/db -o /home/sadat-kabir/Work/COMP4601/labs/Project/comp4601-project/replication_full/hls/work_k8_report/hls/.autopilot/db/encode_bit_1 
INFO: [HLS 200-10] ----------------------------------------------------------------
INFO: [HLS 200-10] -- Generating RTL for module 'encode_chunk_Pipeline_VITIS_LOOP_33_5' 
INFO: [HLS 200-10] ----------------------------------------------------------------
Execute     create_rtl_model encode_chunk_Pipeline_VITIS_LOOP_33_5 -top_prefix arith_encode_ -sub_prefix arith_encode_ -mg_file /home/sadat-kabir/Work/COMP4601/labs/Project/comp4601-project/replication_full/hls/work_k8_report/hls/.autopilot/db/encode_chunk_Pipeline_VITIS_LOOP_33_5.compgen.tcl 
INFO: [HLS 200-1030] Apply Unified Pipeline Control on module 'encode_chunk_Pipeline_VITIS_LOOP_33_5' pipeline 'VITIS_LOOP_33_5' pipeline type 'loop pipeline'
INFO: [RTGEN 206-100] Finished creating RTL model for 'encode_chunk_Pipeline_VITIS_LOOP_33_5'.
INFO: [HLS 200-111] Finished Creating RTL model: CPU user time: 0.06 seconds. CPU system time: 0.01 seconds. Elapsed time: 0.06 seconds; current allocated memory: 431.691 MB.
Execute     source /home/sadat-kabir/Work/COMP4601/labs/Project/comp4601-project/replication_full/hls/work_k8_report/hls/.autopilot/db/arith_encode.rtl_wrap.cfg.tcl 
Execute     gen_rtl encode_chunk_Pipeline_VITIS_LOOP_33_5 -style xilinx -f -lang vhdl -o /home/sadat-kabir/Work/COMP4601/labs/Project/comp4601-project/replication_full/hls/work_k8_report/hls/syn/vhdl/arith_encode_encode_chunk_Pipeline_VITIS_LOOP_33_5 
Execute     gen_rtl encode_chunk_Pipeline_VITIS_LOOP_33_5 -style xilinx -f -lang vlog -o /home/sadat-kabir/Work/COMP4601/labs/Project/comp4601-project/replication_full/hls/work_k8_report/hls/syn/verilog/arith_encode_encode_chunk_Pipeline_VITIS_LOOP_33_5 
Execute     syn_report -csynth -model encode_chunk_Pipeline_VITIS_LOOP_33_5 -o /home/sadat-kabir/Work/COMP4601/labs/Project/comp4601-project/replication_full/hls/work_k8_report/hls/syn/report/encode_chunk_Pipeline_VITIS_LOOP_33_5_csynth.rpt 
Execute       list_part -family xck26-sfvc784-2LV-c 
Execute         ap_family_info -name xck26-sfvc784-2LV-c -data names 
Execute         ap_part_info -quiet -name xck26-sfvc784-2LV-c -data family 
Execute     syn_report -rtlxml -model encode_chunk_Pipeline_VITIS_LOOP_33_5 -o /home/sadat-kabir/Work/COMP4601/labs/Project/comp4601-project/replication_full/hls/work_k8_report/hls/syn/report/encode_chunk_Pipeline_VITIS_LOOP_33_5_csynth.xml 
Execute       list_part -family xck26-sfvc784-2LV-c 
Execute         ap_family_info -name xck26-sfvc784-2LV-c -data names 
Execute         ap_part_info -quiet -name xck26-sfvc784-2LV-c -data family 
Execute     syn_report -verbosereport -model encode_chunk_Pipeline_VITIS_LOOP_33_5 -o /home/sadat-kabir/Work/COMP4601/labs/Project/comp4601-project/replication_full/hls/work_k8_report/hls/.autopilot/db/encode_chunk_Pipeline_VITIS_LOOP_33_5.verbose.rpt 
Execute       list_part -family xck26-sfvc784-2LV-c 
Execute         ap_family_info -name xck26-sfvc784-2LV-c -data names 
Execute         ap_part_info -quiet -name xck26-sfvc784-2LV-c -data family 
Execute     db_write -model encode_chunk_Pipeline_VITIS_LOOP_33_5 -f -o /home/sadat-kabir/Work/COMP4601/labs/Project/comp4601-project/replication_full/hls/work_k8_report/hls/.autopilot/db/encode_chunk_Pipeline_VITIS_LOOP_33_5.adb 
Execute     db_write -model encode_chunk_Pipeline_VITIS_LOOP_33_5 -bindview -o /home/sadat-kabir/Work/COMP4601/labs/Project/comp4601-project/replication_full/hls/work_k8_report/hls/.autopilot/db/design.bindinfo.xml 
Execute     gen_tb_info encode_chunk_Pipeline_VITIS_LOOP_33_5 -p /home/sadat-kabir/Work/COMP4601/labs/Project/comp4601-project/replication_full/hls/work_k8_report/hls/.autopilot/db -o /home/sadat-kabir/Work/COMP4601/labs/Project/comp4601-project/replication_full/hls/work_k8_report/hls/.autopilot/db/encode_chunk_Pipeline_VITIS_LOOP_33_5 
INFO: [HLS 200-10] ----------------------------------------------------------------
INFO: [HLS 200-10] -- Generating RTL for module 'encode_chunk_Pipeline_VITIS_LOOP_32_4' 
INFO: [HLS 200-10] ----------------------------------------------------------------
Execute     create_rtl_model encode_chunk_Pipeline_VITIS_LOOP_32_4 -top_prefix arith_encode_ -sub_prefix arith_encode_ -mg_file /home/sadat-kabir/Work/COMP4601/labs/Project/comp4601-project/replication_full/hls/work_k8_report/hls/.autopilot/db/encode_chunk_Pipeline_VITIS_LOOP_32_4.compgen.tcl 
INFO: [HLS 200-1030] Apply Unified Pipeline Control on module 'encode_chunk_Pipeline_VITIS_LOOP_32_4' pipeline 'VITIS_LOOP_32_4' pipeline type 'loop pipeline'
INFO: [RTGEN 206-100] Finished creating RTL model for 'encode_chunk_Pipeline_VITIS_LOOP_32_4'.
INFO: [HLS 200-111] Finished Creating RTL model: CPU user time: 0.03 seconds. CPU system time: 0.01 seconds. Elapsed time: 0.04 seconds; current allocated memory: 432.398 MB.
Execute     source /home/sadat-kabir/Work/COMP4601/labs/Project/comp4601-project/replication_full/hls/work_k8_report/hls/.autopilot/db/arith_encode.rtl_wrap.cfg.tcl 
Execute     gen_rtl encode_chunk_Pipeline_VITIS_LOOP_32_4 -style xilinx -f -lang vhdl -o /home/sadat-kabir/Work/COMP4601/labs/Project/comp4601-project/replication_full/hls/work_k8_report/hls/syn/vhdl/arith_encode_encode_chunk_Pipeline_VITIS_LOOP_32_4 
Execute     gen_rtl encode_chunk_Pipeline_VITIS_LOOP_32_4 -style xilinx -f -lang vlog -o /home/sadat-kabir/Work/COMP4601/labs/Project/comp4601-project/replication_full/hls/work_k8_report/hls/syn/verilog/arith_encode_encode_chunk_Pipeline_VITIS_LOOP_32_4 
Execute     syn_report -csynth -model encode_chunk_Pipeline_VITIS_LOOP_32_4 -o /home/sadat-kabir/Work/COMP4601/labs/Project/comp4601-project/replication_full/hls/work_k8_report/hls/syn/report/encode_chunk_Pipeline_VITIS_LOOP_32_4_csynth.rpt 
Execute       list_part -family xck26-sfvc784-2LV-c 
Execute         ap_family_info -name xck26-sfvc784-2LV-c -data names 
Execute         ap_part_info -quiet -name xck26-sfvc784-2LV-c -data family 
Execute     syn_report -rtlxml -model encode_chunk_Pipeline_VITIS_LOOP_32_4 -o /home/sadat-kabir/Work/COMP4601/labs/Project/comp4601-project/replication_full/hls/work_k8_report/hls/syn/report/encode_chunk_Pipeline_VITIS_LOOP_32_4_csynth.xml 
Execute       list_part -family xck26-sfvc784-2LV-c 
Execute         ap_family_info -name xck26-sfvc784-2LV-c -data names 
Execute         ap_part_info -quiet -name xck26-sfvc784-2LV-c -data family 
Execute     syn_report -verbosereport -model encode_chunk_Pipeline_VITIS_LOOP_32_4 -o /home/sadat-kabir/Work/COMP4601/labs/Project/comp4601-project/replication_full/hls/work_k8_report/hls/.autopilot/db/encode_chunk_Pipeline_VITIS_LOOP_32_4.verbose.rpt 
Execute       list_part -family xck26-sfvc784-2LV-c 
Execute         ap_family_info -name xck26-sfvc784-2LV-c -data names 
Execute         ap_part_info -quiet -name xck26-sfvc784-2LV-c -data family 
Execute     db_write -model encode_chunk_Pipeline_VITIS_LOOP_32_4 -f -o /home/sadat-kabir/Work/COMP4601/labs/Project/comp4601-project/replication_full/hls/work_k8_report/hls/.autopilot/db/encode_chunk_Pipeline_VITIS_LOOP_32_4.adb 
Execute     db_write -model encode_chunk_Pipeline_VITIS_LOOP_32_4 -bindview -o /home/sadat-kabir/Work/COMP4601/labs/Project/comp4601-project/replication_full/hls/work_k8_report/hls/.autopilot/db/design.bindinfo.xml 
Execute     gen_tb_info encode_chunk_Pipeline_VITIS_LOOP_32_4 -p /home/sadat-kabir/Work/COMP4601/labs/Project/comp4601-project/replication_full/hls/work_k8_report/hls/.autopilot/db -o /home/sadat-kabir/Work/COMP4601/labs/Project/comp4601-project/replication_full/hls/work_k8_report/hls/.autopilot/db/encode_chunk_Pipeline_VITIS_LOOP_32_4 
INFO: [HLS 200-10] ----------------------------------------------------------------
INFO: [HLS 200-10] -- Generating RTL for module 'encode_chunk' 
INFO: [HLS 200-10] ----------------------------------------------------------------
Execute     create_rtl_model encode_chunk -top_prefix arith_encode_ -sub_prefix arith_encode_ -mg_file /home/sadat-kabir/Work/COMP4601/labs/Project/comp4601-project/replication_full/hls/work_k8_report/hls/.autopilot/db/encode_chunk.compgen.tcl 
INFO: [RTGEN 206-100] Finished creating RTL model for 'encode_chunk'.
INFO: [RTMG 210-278] Implementing memory 'arith_encode_encode_chunk_tree_RAM_AUTO_1R1W' using auto RAMs.
INFO: [HLS 200-111] Finished Creating RTL model: CPU user time: 0.04 seconds. CPU system time: 0.01 seconds. Elapsed time: 0.05 seconds; current allocated memory: 434.582 MB.
Execute     source /home/sadat-kabir/Work/COMP4601/labs/Project/comp4601-project/replication_full/hls/work_k8_report/hls/.autopilot/db/arith_encode.rtl_wrap.cfg.tcl 
Execute     gen_rtl encode_chunk -style xilinx -f -lang vhdl -o /home/sadat-kabir/Work/COMP4601/labs/Project/comp4601-project/replication_full/hls/work_k8_report/hls/syn/vhdl/arith_encode_encode_chunk 
Execute     gen_rtl encode_chunk -style xilinx -f -lang vlog -o /home/sadat-kabir/Work/COMP4601/labs/Project/comp4601-project/replication_full/hls/work_k8_report/hls/syn/verilog/arith_encode_encode_chunk 
Execute     syn_report -csynth -model encode_chunk -o /home/sadat-kabir/Work/COMP4601/labs/Project/comp4601-project/replication_full/hls/work_k8_report/hls/syn/report/encode_chunk_csynth.rpt 
Execute       list_part -family xck26-sfvc784-2LV-c 
Execute         ap_family_info -name xck26-sfvc784-2LV-c -data names 
Execute         ap_part_info -quiet -name xck26-sfvc784-2LV-c -data family 
Execute     syn_report -rtlxml -model encode_chunk -o /home/sadat-kabir/Work/COMP4601/labs/Project/comp4601-project/replication_full/hls/work_k8_report/hls/syn/report/encode_chunk_csynth.xml 
Execute       list_part -family xck26-sfvc784-2LV-c 
Execute         ap_family_info -name xck26-sfvc784-2LV-c -data names 
Execute         ap_part_info -quiet -name xck26-sfvc784-2LV-c -data family 
Execute     syn_report -verbosereport -model encode_chunk -o /home/sadat-kabir/Work/COMP4601/labs/Project/comp4601-project/replication_full/hls/work_k8_report/hls/.autopilot/db/encode_chunk.verbose.rpt 
Execute       list_part -family xck26-sfvc784-2LV-c 
Execute         ap_family_info -name xck26-sfvc784-2LV-c -data names 
Execute         ap_part_info -quiet -name xck26-sfvc784-2LV-c -data family 
Execute     db_write -model encode_chunk -f -o /home/sadat-kabir/Work/COMP4601/labs/Project/comp4601-project/replication_full/hls/work_k8_report/hls/.autopilot/db/encode_chunk.adb 
Execute     db_write -model encode_chunk -bindview -o /home/sadat-kabir/Work/COMP4601/labs/Project/comp4601-project/replication_full/hls/work_k8_report/hls/.autopilot/db/design.bindinfo.xml 
Execute     gen_tb_info encode_chunk -p /home/sadat-kabir/Work/COMP4601/labs/Project/comp4601-project/replication_full/hls/work_k8_report/hls/.autopilot/db -o /home/sadat-kabir/Work/COMP4601/labs/Project/comp4601-project/replication_full/hls/work_k8_report/hls/.autopilot/db/encode_chunk 
INFO: [HLS 200-10] ----------------------------------------------------------------
INFO: [HLS 200-10] -- Generating RTL for module 'arith_encode_Pipeline_Header' 
INFO: [HLS 200-10] ----------------------------------------------------------------
Execute     create_rtl_model arith_encode_Pipeline_Header -top_prefix arith_encode_ -sub_prefix arith_encode_ -mg_file /home/sadat-kabir/Work/COMP4601/labs/Project/comp4601-project/replication_full/hls/work_k8_report/hls/.autopilot/db/arith_encode_Pipeline_Header.compgen.tcl 
INFO: [HLS 200-1030] Apply Unified Pipeline Control on module 'arith_encode_Pipeline_Header' pipeline 'Header' pipeline type 'loop pipeline'
INFO: [RTGEN 206-100] Generating core module 'sparsemux_17_3_16_1_1': 1 instance(s).
INFO: [RTGEN 206-100] Finished creating RTL model for 'arith_encode_Pipeline_Header'.
INFO: [HLS 200-111] Finished Creating RTL model: CPU user time: 0.05 seconds. CPU system time: 0.02 seconds. Elapsed time: 0.07 seconds; current allocated memory: 439.066 MB.
Execute     source /home/sadat-kabir/Work/COMP4601/labs/Project/comp4601-project/replication_full/hls/work_k8_report/hls/.autopilot/db/arith_encode.rtl_wrap.cfg.tcl 
Execute     gen_rtl arith_encode_Pipeline_Header -style xilinx -f -lang vhdl -o /home/sadat-kabir/Work/COMP4601/labs/Project/comp4601-project/replication_full/hls/work_k8_report/hls/syn/vhdl/arith_encode_arith_encode_Pipeline_Header 
Execute     gen_rtl arith_encode_Pipeline_Header -style xilinx -f -lang vlog -o /home/sadat-kabir/Work/COMP4601/labs/Project/comp4601-project/replication_full/hls/work_k8_report/hls/syn/verilog/arith_encode_arith_encode_Pipeline_Header 
Execute     syn_report -csynth -model arith_encode_Pipeline_Header -o /home/sadat-kabir/Work/COMP4601/labs/Project/comp4601-project/replication_full/hls/work_k8_report/hls/syn/report/arith_encode_Pipeline_Header_csynth.rpt 
Execute       list_part -family xck26-sfvc784-2LV-c 
Execute         ap_family_info -name xck26-sfvc784-2LV-c -data names 
Execute         ap_part_info -quiet -name xck26-sfvc784-2LV-c -data family 
Execute     syn_report -rtlxml -model arith_encode_Pipeline_Header -o /home/sadat-kabir/Work/COMP4601/labs/Project/comp4601-project/replication_full/hls/work_k8_report/hls/syn/report/arith_encode_Pipeline_Header_csynth.xml 
Execute       list_part -family xck26-sfvc784-2LV-c 
Execute         ap_family_info -name xck26-sfvc784-2LV-c -data names 
Execute         ap_part_info -quiet -name xck26-sfvc784-2LV-c -data family 
Execute     syn_report -verbosereport -model arith_encode_Pipeline_Header -o /home/sadat-kabir/Work/COMP4601/labs/Project/comp4601-project/replication_full/hls/work_k8_report/hls/.autopilot/db/arith_encode_Pipeline_Header.verbose.rpt 
Execute       list_part -family xck26-sfvc784-2LV-c 
Execute         ap_family_info -name xck26-sfvc784-2LV-c -data names 
Execute         ap_part_info -quiet -name xck26-sfvc784-2LV-c -data family 
Execute     db_write -model arith_encode_Pipeline_Header -f -o /home/sadat-kabir/Work/COMP4601/labs/Project/comp4601-project/replication_full/hls/work_k8_report/hls/.autopilot/db/arith_encode_Pipeline_Header.adb 
Execute     db_write -model arith_encode_Pipeline_Header -bindview -o /home/sadat-kabir/Work/COMP4601/labs/Project/comp4601-project/replication_full/hls/work_k8_report/hls/.autopilot/db/design.bindinfo.xml 
Execute     gen_tb_info arith_encode_Pipeline_Header -p /home/sadat-kabir/Work/COMP4601/labs/Project/comp4601-project/replication_full/hls/work_k8_report/hls/.autopilot/db -o /home/sadat-kabir/Work/COMP4601/labs/Project/comp4601-project/replication_full/hls/work_k8_report/hls/.autopilot/db/arith_encode_Pipeline_Header 
INFO: [HLS 200-10] ----------------------------------------------------------------
INFO: [HLS 200-10] -- Generating RTL for module 'arith_encode_Pipeline_VITIS_LOOP_89_2' 
INFO: [HLS 200-10] ----------------------------------------------------------------
Execute     create_rtl_model arith_encode_Pipeline_VITIS_LOOP_89_2 -top_prefix arith_encode_ -sub_prefix arith_encode_ -mg_file /home/sadat-kabir/Work/COMP4601/labs/Project/comp4601-project/replication_full/hls/work_k8_report/hls/.autopilot/db/arith_encode_Pipeline_VITIS_LOOP_89_2.compgen.tcl 
INFO: [HLS 200-1030] Apply Unified Pipeline Control on module 'arith_encode_Pipeline_VITIS_LOOP_89_2' pipeline 'VITIS_LOOP_89_2' pipeline type 'loop pipeline'
INFO: [RTGEN 206-100] Generating core module 'sparsemux_17_3_8_1_1': 1 instance(s).
INFO: [RTGEN 206-100] Finished creating RTL model for 'arith_encode_Pipeline_VITIS_LOOP_89_2'.
INFO: [HLS 200-111] Finished Creating RTL model: CPU user time: 0.05 seconds. CPU system time: 0 seconds. Elapsed time: 0.06 seconds; current allocated memory: 439.773 MB.
Execute     source /home/sadat-kabir/Work/COMP4601/labs/Project/comp4601-project/replication_full/hls/work_k8_report/hls/.autopilot/db/arith_encode.rtl_wrap.cfg.tcl 
Execute     gen_rtl arith_encode_Pipeline_VITIS_LOOP_89_2 -style xilinx -f -lang vhdl -o /home/sadat-kabir/Work/COMP4601/labs/Project/comp4601-project/replication_full/hls/work_k8_report/hls/syn/vhdl/arith_encode_arith_encode_Pipeline_VITIS_LOOP_89_2 
Execute     gen_rtl arith_encode_Pipeline_VITIS_LOOP_89_2 -style xilinx -f -lang vlog -o /home/sadat-kabir/Work/COMP4601/labs/Project/comp4601-project/replication_full/hls/work_k8_report/hls/syn/verilog/arith_encode_arith_encode_Pipeline_VITIS_LOOP_89_2 
Execute     syn_report -csynth -model arith_encode_Pipeline_VITIS_LOOP_89_2 -o /home/sadat-kabir/Work/COMP4601/labs/Project/comp4601-project/replication_full/hls/work_k8_report/hls/syn/report/arith_encode_Pipeline_VITIS_LOOP_89_2_csynth.rpt 
Execute       list_part -family xck26-sfvc784-2LV-c 
Execute         ap_family_info -name xck26-sfvc784-2LV-c -data names 
Execute         ap_part_info -quiet -name xck26-sfvc784-2LV-c -data family 
Execute     syn_report -rtlxml -model arith_encode_Pipeline_VITIS_LOOP_89_2 -o /home/sadat-kabir/Work/COMP4601/labs/Project/comp4601-project/replication_full/hls/work_k8_report/hls/syn/report/arith_encode_Pipeline_VITIS_LOOP_89_2_csynth.xml 
Execute       list_part -family xck26-sfvc784-2LV-c 
Execute         ap_family_info -name xck26-sfvc784-2LV-c -data names 
Execute         ap_part_info -quiet -name xck26-sfvc784-2LV-c -data family 
Execute     syn_report -verbosereport -model arith_encode_Pipeline_VITIS_LOOP_89_2 -o /home/sadat-kabir/Work/COMP4601/labs/Project/comp4601-project/replication_full/hls/work_k8_report/hls/.autopilot/db/arith_encode_Pipeline_VITIS_LOOP_89_2.verbose.rpt 
Execute       list_part -family xck26-sfvc784-2LV-c 
Execute         ap_family_info -name xck26-sfvc784-2LV-c -data names 
Execute         ap_part_info -quiet -name xck26-sfvc784-2LV-c -data family 
Execute     db_write -model arith_encode_Pipeline_VITIS_LOOP_89_2 -f -o /home/sadat-kabir/Work/COMP4601/labs/Project/comp4601-project/replication_full/hls/work_k8_report/hls/.autopilot/db/arith_encode_Pipeline_VITIS_LOOP_89_2.adb 
Execute     db_write -model arith_encode_Pipeline_VITIS_LOOP_89_2 -bindview -o /home/sadat-kabir/Work/COMP4601/labs/Project/comp4601-project/replication_full/hls/work_k8_report/hls/.autopilot/db/design.bindinfo.xml 
Execute     gen_tb_info arith_encode_Pipeline_VITIS_LOOP_89_2 -p /home/sadat-kabir/Work/COMP4601/labs/Project/comp4601-project/replication_full/hls/work_k8_report/hls/.autopilot/db -o /home/sadat-kabir/Work/COMP4601/labs/Project/comp4601-project/replication_full/hls/work_k8_report/hls/.autopilot/db/arith_encode_Pipeline_VITIS_LOOP_89_2 
INFO: [HLS 200-10] ----------------------------------------------------------------
INFO: [HLS 200-10] -- Generating RTL for module 'arith_encode' 
INFO: [HLS 200-10] ----------------------------------------------------------------
Execute     create_rtl_model arith_encode -top_prefix  -sub_prefix arith_encode_ -mg_file /home/sadat-kabir/Work/COMP4601/labs/Project/comp4601-project/replication_full/hls/work_k8_report/hls/.autopilot/db/arith_encode.compgen.tcl 
WARNING: [RTGEN 206-101] Design contains AXI ports. Reset is fixed to synchronous and active low.
INFO: [RTGEN 206-500] Setting interface mode on port 'arith_encode/gmem0' to 'm_axi'.
INFO: [RTGEN 206-500] Setting interface mode on port 'arith_encode/gmem1' to 'm_axi'.
INFO: [RTGEN 206-500] Setting interface mode on port 'arith_encode/in_r' to 's_axilite & ap_none'.
INFO: [RTGEN 206-500] Setting interface mode on port 'arith_encode/n' to 's_axilite & ap_none'.
INFO: [RTGEN 206-500] Setting interface mode on port 'arith_encode/out_r' to 's_axilite & ap_none'.
INFO: [RTGEN 206-500] Setting interface mode on function 'arith_encode' to 's_axilite & ap_ctrl_chain'.
INFO: [RTGEN 206-100] Bundling port 'return', 'in_r', 'n' and 'out_r' to AXI-Lite port control.
INFO: [RTGEN 206-100] Generating core module 'mul_4ns_30s_33_1_1': 1 instance(s).
INFO: [RTGEN 206-100] Generating core module 'sparsemux_17_3_32_1_1': 1 instance(s).
INFO: [RTGEN 206-100] Finished creating RTL model for 'arith_encode'.
INFO: [RTMG 210-278] Implementing memory 'arith_encode_arith_encode_unsigned_char_const_int_unsigned_char_buf_RAM_AUTO_1R1W' using auto RAMs.
INFO: [HLS 200-111] Finished Creating RTL model: CPU user time: 0.12 seconds. CPU system time: 0.02 seconds. Elapsed time: 0.14 seconds; current allocated memory: 446.812 MB.
Execute     source /home/sadat-kabir/Work/COMP4601/labs/Project/comp4601-project/replication_full/hls/work_k8_report/hls/.autopilot/db/arith_encode.rtl_wrap.cfg.tcl 
Execute     gen_rtl arith_encode -istop -style xilinx -f -lang vhdl -o /home/sadat-kabir/Work/COMP4601/labs/Project/comp4601-project/replication_full/hls/work_k8_report/hls/syn/vhdl/arith_encode 
Execute     gen_rtl arith_encode -istop -style xilinx -f -lang vlog -o /home/sadat-kabir/Work/COMP4601/labs/Project/comp4601-project/replication_full/hls/work_k8_report/hls/syn/verilog/arith_encode 
Execute     syn_report -csynth -model arith_encode -o /home/sadat-kabir/Work/COMP4601/labs/Project/comp4601-project/replication_full/hls/work_k8_report/hls/syn/report/arith_encode_csynth.rpt 
Execute       list_part -family xck26-sfvc784-2LV-c 
Execute         ap_family_info -name xck26-sfvc784-2LV-c -data names 
Execute         ap_part_info -quiet -name xck26-sfvc784-2LV-c -data family 
Execute     syn_report -rtlxml -model arith_encode -o /home/sadat-kabir/Work/COMP4601/labs/Project/comp4601-project/replication_full/hls/work_k8_report/hls/syn/report/arith_encode_csynth.xml 
Execute       list_part -family xck26-sfvc784-2LV-c 
Execute         ap_family_info -name xck26-sfvc784-2LV-c -data names 
Execute         ap_part_info -quiet -name xck26-sfvc784-2LV-c -data family 
Execute     syn_report -verbosereport -model arith_encode -o /home/sadat-kabir/Work/COMP4601/labs/Project/comp4601-project/replication_full/hls/work_k8_report/hls/.autopilot/db/arith_encode.verbose.rpt 
Execute       list_part -family xck26-sfvc784-2LV-c 
Execute         ap_family_info -name xck26-sfvc784-2LV-c -data names 
Execute         ap_part_info -quiet -name xck26-sfvc784-2LV-c -data family 
Execute     db_write -model arith_encode -f -o /home/sadat-kabir/Work/COMP4601/labs/Project/comp4601-project/replication_full/hls/work_k8_report/hls/.autopilot/db/arith_encode.adb 
Execute     db_write -model arith_encode -bindview -o /home/sadat-kabir/Work/COMP4601/labs/Project/comp4601-project/replication_full/hls/work_k8_report/hls/.autopilot/db/design.bindinfo.xml 
Execute     gen_tb_info arith_encode -p /home/sadat-kabir/Work/COMP4601/labs/Project/comp4601-project/replication_full/hls/work_k8_report/hls/.autopilot/db -o /home/sadat-kabir/Work/COMP4601/labs/Project/comp4601-project/replication_full/hls/work_k8_report/hls/.autopilot/db/arith_encode 
Execute     export_constraint_db -f -tool general -o /home/sadat-kabir/Work/COMP4601/labs/Project/comp4601-project/replication_full/hls/work_k8_report/hls/.autopilot/db/arith_encode.constraint.tcl 
Execute     syn_report -designview -model arith_encode -o /home/sadat-kabir/Work/COMP4601/labs/Project/comp4601-project/replication_full/hls/work_k8_report/hls/.autopilot/db/arith_encode.design.xml 
Execute     syn_report -csynthDesign -model arith_encode -o /home/sadat-kabir/Work/COMP4601/labs/Project/comp4601-project/replication_full/hls/work_k8_report/hls/syn/report/csynth.rpt -MHOut /home/sadat-kabir/Work/COMP4601/labs/Project/comp4601-project/replication_full/hls/work_k8_report/hls/.autopilot/db/kernel_module_hierarchy.tcl 
Execute       list_part -family xck26-sfvc784-2LV-c 
Execute         ap_family_info -name xck26-sfvc784-2LV-c -data names 
Execute         ap_part_info -quiet -name xck26-sfvc784-2LV-c -data family 
Execute     syn_report -wcfg -model arith_encode -o /home/sadat-kabir/Work/COMP4601/labs/Project/comp4601-project/replication_full/hls/work_k8_report/hls/.autopilot/db/arith_encode_dataflow_ana.wcfg 
Execute     syn_report -protoinst -model arith_encode -o /home/sadat-kabir/Work/COMP4601/labs/Project/comp4601-project/replication_full/hls/work_k8_report/hls/.autopilot/db/arith_encode.protoinst 
Execute     sc_get_clocks arith_encode 
Execute     sc_get_portdomain arith_encode 
INFO-FLOW: Model list for RTL component generation: arith_encode_Pipeline_VITIS_LOOP_66_1 encode_chunk_Pipeline_VITIS_LOOP_17_1 encode_bit_Pipeline_VITIS_LOOP_53_2 encode_bit_Pipeline_VITIS_LOOP_50_1 encode_bit encode_bit.1_Pipeline_VITIS_LOOP_53_2 encode_bit.1_Pipeline_VITIS_LOOP_50_1 encode_bit.1 encode_chunk_Pipeline_VITIS_LOOP_33_5 encode_chunk_Pipeline_VITIS_LOOP_32_4 encode_chunk arith_encode_Pipeline_Header arith_encode_Pipeline_VITIS_LOOP_89_2 arith_encode
INFO-FLOW: Handling components in module [arith_encode_Pipeline_VITIS_LOOP_66_1] ... 
Execute     source /home/sadat-kabir/Work/COMP4601/labs/Project/comp4601-project/replication_full/hls/work_k8_report/hls/.autopilot/db/arith_encode_Pipeline_VITIS_LOOP_66_1.compgen.tcl 
INFO-FLOW: Found component arith_encode_flow_control_loop_pipe_sequential_init.
INFO-FLOW: Append model arith_encode_flow_control_loop_pipe_sequential_init
INFO-FLOW: Handling components in module [encode_chunk_Pipeline_VITIS_LOOP_17_1] ... 
Execute     source /home/sadat-kabir/Work/COMP4601/labs/Project/comp4601-project/replication_full/hls/work_k8_report/hls/.autopilot/db/encode_chunk_Pipeline_VITIS_LOOP_17_1.compgen.tcl 
INFO-FLOW: Found component arith_encode_flow_control_loop_pipe_sequential_init.
INFO-FLOW: Append model arith_encode_flow_control_loop_pipe_sequential_init
INFO-FLOW: Handling components in module [encode_bit_Pipeline_VITIS_LOOP_53_2] ... 
Execute     source /home/sadat-kabir/Work/COMP4601/labs/Project/comp4601-project/replication_full/hls/work_k8_report/hls/.autopilot/db/encode_bit_Pipeline_VITIS_LOOP_53_2.compgen.tcl 
INFO-FLOW: Found component arith_encode_flow_control_loop_pipe_sequential_init.
INFO-FLOW: Append model arith_encode_flow_control_loop_pipe_sequential_init
INFO-FLOW: Handling components in module [encode_bit_Pipeline_VITIS_LOOP_50_1] ... 
Execute     source /home/sadat-kabir/Work/COMP4601/labs/Project/comp4601-project/replication_full/hls/work_k8_report/hls/.autopilot/db/encode_bit_Pipeline_VITIS_LOOP_50_1.compgen.tcl 
INFO-FLOW: Found component arith_encode_flow_control_loop_pipe_sequential_init.
INFO-FLOW: Append model arith_encode_flow_control_loop_pipe_sequential_init
INFO-FLOW: Handling components in module [encode_bit] ... 
Execute     source /home/sadat-kabir/Work/COMP4601/labs/Project/comp4601-project/replication_full/hls/work_k8_report/hls/.autopilot/db/encode_bit.compgen.tcl 
INFO-FLOW: Found component arith_encode_mul_32s_32s_32_1_1.
INFO-FLOW: Append model arith_encode_mul_32s_32s_32_1_1
INFO-FLOW: Handling components in module [encode_bit_1_Pipeline_VITIS_LOOP_53_2] ... 
Execute     source /home/sadat-kabir/Work/COMP4601/labs/Project/comp4601-project/replication_full/hls/work_k8_report/hls/.autopilot/db/encode_bit_1_Pipeline_VITIS_LOOP_53_2.compgen.tcl 
INFO-FLOW: Found component arith_encode_flow_control_loop_pipe_sequential_init.
INFO-FLOW: Append model arith_encode_flow_control_loop_pipe_sequential_init
INFO-FLOW: Handling components in module [encode_bit_1_Pipeline_VITIS_LOOP_50_1] ... 
Execute     source /home/sadat-kabir/Work/COMP4601/labs/Project/comp4601-project/replication_full/hls/work_k8_report/hls/.autopilot/db/encode_bit_1_Pipeline_VITIS_LOOP_50_1.compgen.tcl 
INFO-FLOW: Found component arith_encode_flow_control_loop_pipe_sequential_init.
INFO-FLOW: Append model arith_encode_flow_control_loop_pipe_sequential_init
INFO-FLOW: Handling components in module [encode_bit_1] ... 
Execute     source /home/sadat-kabir/Work/COMP4601/labs/Project/comp4601-project/replication_full/hls/work_k8_report/hls/.autopilot/db/encode_bit_1.compgen.tcl 
INFO-FLOW: Handling components in module [encode_chunk_Pipeline_VITIS_LOOP_33_5] ... 
Execute     source /home/sadat-kabir/Work/COMP4601/labs/Project/comp4601-project/replication_full/hls/work_k8_report/hls/.autopilot/db/encode_chunk_Pipeline_VITIS_LOOP_33_5.compgen.tcl 
INFO-FLOW: Found component arith_encode_flow_control_loop_pipe_sequential_init.
INFO-FLOW: Append model arith_encode_flow_control_loop_pipe_sequential_init
INFO-FLOW: Handling components in module [encode_chunk_Pipeline_VITIS_LOOP_32_4] ... 
Execute     source /home/sadat-kabir/Work/COMP4601/labs/Project/comp4601-project/replication_full/hls/work_k8_report/hls/.autopilot/db/encode_chunk_Pipeline_VITIS_LOOP_32_4.compgen.tcl 
INFO-FLOW: Found component arith_encode_flow_control_loop_pipe_sequential_init.
INFO-FLOW: Append model arith_encode_flow_control_loop_pipe_sequential_init
INFO-FLOW: Handling components in module [encode_chunk] ... 
Execute     source /home/sadat-kabir/Work/COMP4601/labs/Project/comp4601-project/replication_full/hls/work_k8_report/hls/.autopilot/db/encode_chunk.compgen.tcl 
INFO-FLOW: Found component arith_encode_encode_chunk_tree_RAM_AUTO_1R1W.
INFO-FLOW: Append model arith_encode_encode_chunk_tree_RAM_AUTO_1R1W
INFO-FLOW: Handling components in module [arith_encode_Pipeline_Header] ... 
Execute     source /home/sadat-kabir/Work/COMP4601/labs/Project/comp4601-project/replication_full/hls/work_k8_report/hls/.autopilot/db/arith_encode_Pipeline_Header.compgen.tcl 
INFO-FLOW: Found component arith_encode_sparsemux_17_3_16_1_1.
INFO-FLOW: Append model arith_encode_sparsemux_17_3_16_1_1
INFO-FLOW: Found component arith_encode_flow_control_loop_pipe_sequential_init.
INFO-FLOW: Append model arith_encode_flow_control_loop_pipe_sequential_init
INFO-FLOW: Handling components in module [arith_encode_Pipeline_VITIS_LOOP_89_2] ... 
Execute     source /home/sadat-kabir/Work/COMP4601/labs/Project/comp4601-project/replication_full/hls/work_k8_report/hls/.autopilot/db/arith_encode_Pipeline_VITIS_LOOP_89_2.compgen.tcl 
INFO-FLOW: Found component arith_encode_sparsemux_17_3_8_1_1.
INFO-FLOW: Append model arith_encode_sparsemux_17_3_8_1_1
INFO-FLOW: Found component arith_encode_flow_control_loop_pipe_sequential_init.
INFO-FLOW: Append model arith_encode_flow_control_loop_pipe_sequential_init
INFO-FLOW: Handling components in module [arith_encode] ... 
Execute     source /home/sadat-kabir/Work/COMP4601/labs/Project/comp4601-project/replication_full/hls/work_k8_report/hls/.autopilot/db/arith_encode.compgen.tcl 
INFO-FLOW: Found component arith_encode_mul_4ns_30s_33_1_1.
INFO-FLOW: Append model arith_encode_mul_4ns_30s_33_1_1
INFO-FLOW: Found component arith_encode_sparsemux_17_3_32_1_1.
INFO-FLOW: Append model arith_encode_sparsemux_17_3_32_1_1
INFO-FLOW: Found component arith_encode_arith_encode_unsigned_char_const_int_unsigned_char_buf_RAM_AUTO_1R1W.
INFO-FLOW: Append model arith_encode_arith_encode_unsigned_char_const_int_unsigned_char_buf_RAM_AUTO_1R1W
INFO-FLOW: Found component arith_encode_gmem0_m_axi.
INFO-FLOW: Append model arith_encode_gmem0_m_axi
INFO-FLOW: Found component arith_encode_gmem1_m_axi.
INFO-FLOW: Append model arith_encode_gmem1_m_axi
INFO-FLOW: Found component arith_encode_control_s_axi.
INFO-FLOW: Append model arith_encode_control_s_axi
INFO-FLOW: Append model arith_encode_Pipeline_VITIS_LOOP_66_1
INFO-FLOW: Append model encode_chunk_Pipeline_VITIS_LOOP_17_1
INFO-FLOW: Append model encode_bit_Pipeline_VITIS_LOOP_53_2
INFO-FLOW: Append model encode_bit_Pipeline_VITIS_LOOP_50_1
INFO-FLOW: Append model encode_bit
INFO-FLOW: Append model encode_bit_1_Pipeline_VITIS_LOOP_53_2
INFO-FLOW: Append model encode_bit_1_Pipeline_VITIS_LOOP_50_1
INFO-FLOW: Append model encode_bit_1
INFO-FLOW: Append model encode_chunk_Pipeline_VITIS_LOOP_33_5
INFO-FLOW: Append model encode_chunk_Pipeline_VITIS_LOOP_32_4
INFO-FLOW: Append model encode_chunk
INFO-FLOW: Append model arith_encode_Pipeline_Header
INFO-FLOW: Append model arith_encode_Pipeline_VITIS_LOOP_89_2
INFO-FLOW: Append model arith_encode
INFO-FLOW: Generating RTL model list ...
INFO-FLOW: All models in this session: arith_encode_flow_control_loop_pipe_sequential_init arith_encode_flow_control_loop_pipe_sequential_init arith_encode_flow_control_loop_pipe_sequential_init arith_encode_flow_control_loop_pipe_sequential_init arith_encode_mul_32s_32s_32_1_1 arith_encode_flow_control_loop_pipe_sequential_init arith_encode_flow_control_loop_pipe_sequential_init arith_encode_flow_control_loop_pipe_sequential_init arith_encode_flow_control_loop_pipe_sequential_init arith_encode_encode_chunk_tree_RAM_AUTO_1R1W arith_encode_sparsemux_17_3_16_1_1 arith_encode_flow_control_loop_pipe_sequential_init arith_encode_sparsemux_17_3_8_1_1 arith_encode_flow_control_loop_pipe_sequential_init arith_encode_mul_4ns_30s_33_1_1 arith_encode_sparsemux_17_3_32_1_1 arith_encode_arith_encode_unsigned_char_const_int_unsigned_char_buf_RAM_AUTO_1R1W arith_encode_gmem0_m_axi arith_encode_gmem1_m_axi arith_encode_control_s_axi arith_encode_Pipeline_VITIS_LOOP_66_1 encode_chunk_Pipeline_VITIS_LOOP_17_1 encode_bit_Pipeline_VITIS_LOOP_53_2 encode_bit_Pipeline_VITIS_LOOP_50_1 encode_bit encode_bit_1_Pipeline_VITIS_LOOP_53_2 encode_bit_1_Pipeline_VITIS_LOOP_50_1 encode_bit_1 encode_chunk_Pipeline_VITIS_LOOP_33_5 encode_chunk_Pipeline_VITIS_LOOP_32_4 encode_chunk arith_encode_Pipeline_Header arith_encode_Pipeline_VITIS_LOOP_89_2 arith_encode
INFO-FLOW: Generating /home/sadat-kabir/Work/COMP4601/labs/Project/comp4601-project/replication_full/hls/work_k8_report/hls/.autopilot/db/autopilot.rtl.models.txt file...
INFO-FLOW: To file: write model arith_encode_flow_control_loop_pipe_sequential_init
INFO-FLOW: To file: write model arith_encode_flow_control_loop_pipe_sequential_init
INFO-FLOW: To file: write model arith_encode_flow_control_loop_pipe_sequential_init
INFO-FLOW: To file: write model arith_encode_flow_control_loop_pipe_sequential_init
INFO-FLOW: To file: write model arith_encode_mul_32s_32s_32_1_1
INFO-FLOW: To file: write model arith_encode_flow_control_loop_pipe_sequential_init
INFO-FLOW: To file: write model arith_encode_flow_control_loop_pipe_sequential_init
INFO-FLOW: To file: write model arith_encode_flow_control_loop_pipe_sequential_init
INFO-FLOW: To file: write model arith_encode_flow_control_loop_pipe_sequential_init
INFO-FLOW: To file: write model arith_encode_encode_chunk_tree_RAM_AUTO_1R1W
INFO-FLOW: To file: write model arith_encode_sparsemux_17_3_16_1_1
INFO-FLOW: To file: write model arith_encode_flow_control_loop_pipe_sequential_init
INFO-FLOW: To file: write model arith_encode_sparsemux_17_3_8_1_1
INFO-FLOW: To file: write model arith_encode_flow_control_loop_pipe_sequential_init
INFO-FLOW: To file: write model arith_encode_mul_4ns_30s_33_1_1
INFO-FLOW: To file: write model arith_encode_sparsemux_17_3_32_1_1
INFO-FLOW: To file: write model arith_encode_arith_encode_unsigned_char_const_int_unsigned_char_buf_RAM_AUTO_1R1W
INFO-FLOW: To file: write model arith_encode_gmem0_m_axi
INFO-FLOW: To file: write model arith_encode_gmem1_m_axi
INFO-FLOW: To file: write model arith_encode_control_s_axi
INFO-FLOW: To file: write model arith_encode_Pipeline_VITIS_LOOP_66_1
INFO-FLOW: To file: write model encode_chunk_Pipeline_VITIS_LOOP_17_1
INFO-FLOW: To file: write model encode_bit_Pipeline_VITIS_LOOP_53_2
INFO-FLOW: To file: write model encode_bit_Pipeline_VITIS_LOOP_50_1
INFO-FLOW: To file: write model encode_bit
INFO-FLOW: To file: write model encode_bit_1_Pipeline_VITIS_LOOP_53_2
INFO-FLOW: To file: write model encode_bit_1_Pipeline_VITIS_LOOP_50_1
INFO-FLOW: To file: write model encode_bit_1
INFO-FLOW: To file: write model encode_chunk_Pipeline_VITIS_LOOP_33_5
INFO-FLOW: To file: write model encode_chunk_Pipeline_VITIS_LOOP_32_4
INFO-FLOW: To file: write model encode_chunk
INFO-FLOW: To file: write model arith_encode_Pipeline_Header
INFO-FLOW: To file: write model arith_encode_Pipeline_VITIS_LOOP_89_2
INFO-FLOW: To file: write model arith_encode
INFO-FLOW: Generating /home/sadat-kabir/Work/COMP4601/labs/Project/comp4601-project/replication_full/hls/work_k8_report/hls/.autopilot/db/autopilot.rtl.models.tcl file...
INFO-FLOW: Finished generating RTL model list.


INFO-FLOW: RTL Generation done.
INFO-FLOW: CAS Generation done.
INFO-FLOW: CBC Generation done.
Execute     AP::msg_collection_file -close 
INFO-FLOW: DBG:PROC: ::AESL_AUTOMG::auto_generate_csynth_design
INFO-FLOW: DBG:PUTS: read_platform_lib /home/sadat-kabir/Work/COMP4601/labs/Project/comp4601-project/replication_full/hls/work_k8_report/hls/.autopilot/db/global.setting.tcl
Execute     source /home/sadat-kabir/Xilinx/2025.2.1/Vitis/common/technology/generic/autopilot/common.gen 
Execute       source /home/sadat-kabir/Xilinx/2025.2.1/Vitis/common/technology/generic/autopilot/APCoreGen.gen 
Execute     source /home/sadat-kabir/Xilinx/2025.2.1/Vitis/common/technology/generic/autopilot/op.gen 
Execute     source /home/sadat-kabir/Xilinx/2025.2.1/Vitis/common/technology/generic/autopilot/op_simcore.gen 
Execute     source /home/sadat-kabir/Xilinx/2025.2.1/Vitis/common/technology/generic/autopilot/interface.gen 
Execute     source /home/sadat-kabir/Work/COMP4601/labs/Project/comp4601-project/replication_full/hls/work_k8_report/hls/.autopilot/db/global.setting.tcl 
Execute     source /home/sadat-kabir/Xilinx/2025.2.1/Vitis/common/technology/xilinx/common/xilinx.gen 
Execute       source /home/sadat-kabir/Xilinx/2025.2.1/Vitis/common/technology/xilinx/interface/plb46.gen 
Execute       source /home/sadat-kabir/Xilinx/2025.2.1/Vitis/common/technology/xilinx/interface/axi4.gen 
Execute       source /home/sadat-kabir/Xilinx/2025.2.1/Vitis/common/technology/xilinx/interface/nativeAXI4.gen 
Execute         source /home/sadat-kabir/Xilinx/2025.2.1/Vitis/common/technology/xilinx/interface/saxilite.gen 
Execute       source /home/sadat-kabir/Xilinx/2025.2.1/Vitis/common/technology/xilinx/scripts/xilinxcoregen.gen 
Execute       source /home/sadat-kabir/Xilinx/2025.2.1/Vitis/common/technology/xilinx/interface/XilEDKCoreGen.gen 
Execute       source /home/sadat-kabir/Xilinx/2025.2.1/Vitis/common/technology/xilinx/ip/xfft.gen 
Execute       source /home/sadat-kabir/Xilinx/2025.2.1/Vitis/common/technology/xilinx/ip/dds_compiler.gen 
Execute       source /home/sadat-kabir/Xilinx/2025.2.1/Vitis/common/technology/xilinx/ip/xfir.gen 
Execute       source /home/sadat-kabir/Xilinx/2025.2.1/Vitis/common/technology/xilinx/ip/util.gen 
Execute       source /home/sadat-kabir/Xilinx/2025.2.1/Vitis/common/technology/xilinx/DSP48/dsp48.gen 
INFO-FLOW: DBG:PUTS:   using AESL_AUTOCG::g_clock_period=5.000 (was NA)
INFO-FLOW: DBG:PROC: ::AESL_AUTOMG::generate_ip_cores gen_sim_model='1' gen_fp_models='0' gen_for_export='0' dstSCDir='' dstVhdlDir='/home/sadat-kabir/Work/COMP4601/labs/Project/comp4601-project/replication_full/hls/work_k8_report/hls/.autopilot/db/vhdl' dstVlogDir='/home/sadat-kabir/Work/COMP4601/labs/Project/comp4601-project/replication_full/hls/work_k8_report/hls/.autopilot/db/vlog' tclDir='/home/sadat-kabir/Work/COMP4601/labs/Project/comp4601-project/replication_full/hls/work_k8_report/hls/.autopilot/db' modelList='arith_encode_flow_control_loop_pipe_sequential_init
arith_encode_flow_control_loop_pipe_sequential_init
arith_encode_flow_control_loop_pipe_sequential_init
arith_encode_flow_control_loop_pipe_sequential_init
arith_encode_mul_32s_32s_32_1_1
arith_encode_flow_control_loop_pipe_sequential_init
arith_encode_flow_control_loop_pipe_sequential_init
arith_encode_flow_control_loop_pipe_sequential_init
arith_encode_flow_control_loop_pipe_sequential_init
arith_encode_encode_chunk_tree_RAM_AUTO_1R1W
arith_encode_sparsemux_17_3_16_1_1
arith_encode_flow_control_loop_pipe_sequential_init
arith_encode_sparsemux_17_3_8_1_1
arith_encode_flow_control_loop_pipe_sequential_init
arith_encode_mul_4ns_30s_33_1_1
arith_encode_sparsemux_17_3_32_1_1
arith_encode_arith_encode_unsigned_char_const_int_unsigned_char_buf_RAM_AUTO_1R1W
arith_encode_gmem0_m_axi
arith_encode_gmem1_m_axi
arith_encode_control_s_axi
arith_encode_Pipeline_VITIS_LOOP_66_1
encode_chunk_Pipeline_VITIS_LOOP_17_1
encode_bit_Pipeline_VITIS_LOOP_53_2
encode_bit_Pipeline_VITIS_LOOP_50_1
encode_bit
encode_bit_1_Pipeline_VITIS_LOOP_53_2
encode_bit_1_Pipeline_VITIS_LOOP_50_1
encode_bit_1
encode_chunk_Pipeline_VITIS_LOOP_33_5
encode_chunk_Pipeline_VITIS_LOOP_32_4
encode_chunk
arith_encode_Pipeline_Header
arith_encode_Pipeline_VITIS_LOOP_89_2
arith_encode
' expOnly='0'
Execute     source /home/sadat-kabir/Work/COMP4601/labs/Project/comp4601-project/replication_full/hls/work_k8_report/hls/.autopilot/db/global.setting.tcl 
Execute     ap_part_info -name xck26-sfvc784-2LV-c -data names -quiet 
Execute     ap_part_info -name xck26-sfvc784-2LV-c -data info -quiet 
Execute     source /home/sadat-kabir/Work/COMP4601/labs/Project/comp4601-project/replication_full/hls/work_k8_report/hls/.autopilot/db/global.setting.tcl 
Execute     source /home/sadat-kabir/Work/COMP4601/labs/Project/comp4601-project/replication_full/hls/work_k8_report/hls/.autopilot/db/global.setting.tcl 
Execute     source /home/sadat-kabir/Work/COMP4601/labs/Project/comp4601-project/replication_full/hls/work_k8_report/hls/.autopilot/db/arith_encode_Pipeline_VITIS_LOOP_66_1.compgen.tcl 
Execute     source /home/sadat-kabir/Work/COMP4601/labs/Project/comp4601-project/replication_full/hls/work_k8_report/hls/.autopilot/db/encode_chunk_Pipeline_VITIS_LOOP_17_1.compgen.tcl 
Execute     source /home/sadat-kabir/Work/COMP4601/labs/Project/comp4601-project/replication_full/hls/work_k8_report/hls/.autopilot/db/encode_bit_Pipeline_VITIS_LOOP_53_2.compgen.tcl 
Execute     source /home/sadat-kabir/Work/COMP4601/labs/Project/comp4601-project/replication_full/hls/work_k8_report/hls/.autopilot/db/encode_bit_Pipeline_VITIS_LOOP_50_1.compgen.tcl 
Execute     source /home/sadat-kabir/Work/COMP4601/labs/Project/comp4601-project/replication_full/hls/work_k8_report/hls/.autopilot/db/encode_bit.compgen.tcl 
Execute     source /home/sadat-kabir/Work/COMP4601/labs/Project/comp4601-project/replication_full/hls/work_k8_report/hls/.autopilot/db/encode_bit_1_Pipeline_VITIS_LOOP_53_2.compgen.tcl 
Execute     source /home/sadat-kabir/Work/COMP4601/labs/Project/comp4601-project/replication_full/hls/work_k8_report/hls/.autopilot/db/encode_bit_1_Pipeline_VITIS_LOOP_50_1.compgen.tcl 
Execute     source /home/sadat-kabir/Work/COMP4601/labs/Project/comp4601-project/replication_full/hls/work_k8_report/hls/.autopilot/db/encode_bit_1.compgen.tcl 
Execute     source /home/sadat-kabir/Work/COMP4601/labs/Project/comp4601-project/replication_full/hls/work_k8_report/hls/.autopilot/db/encode_chunk_Pipeline_VITIS_LOOP_33_5.compgen.tcl 
Execute     source /home/sadat-kabir/Work/COMP4601/labs/Project/comp4601-project/replication_full/hls/work_k8_report/hls/.autopilot/db/encode_chunk_Pipeline_VITIS_LOOP_32_4.compgen.tcl 
Execute     source /home/sadat-kabir/Work/COMP4601/labs/Project/comp4601-project/replication_full/hls/work_k8_report/hls/.autopilot/db/encode_chunk.compgen.tcl 
Execute     source /home/sadat-kabir/Work/COMP4601/labs/Project/comp4601-project/replication_full/hls/work_k8_report/hls/.autopilot/db/arith_encode_Pipeline_Header.compgen.tcl 
Execute     source /home/sadat-kabir/Work/COMP4601/labs/Project/comp4601-project/replication_full/hls/work_k8_report/hls/.autopilot/db/arith_encode_Pipeline_VITIS_LOOP_89_2.compgen.tcl 
Execute     source /home/sadat-kabir/Work/COMP4601/labs/Project/comp4601-project/replication_full/hls/work_k8_report/hls/.autopilot/db/arith_encode.compgen.tcl 
Execute       source ./control.slave.tcl 
INFO: [HLS 200-111] Finished Generating all RTL models: CPU user time: 0.29 seconds. CPU system time: 0.05 seconds. Elapsed time: 0.35 seconds; current allocated memory: 451.758 MB.
INFO-FLOW: DBG:PROC: ::HLSREPORTS::create_csynth_xml bind_info_var='bind_info' RtlSubPrefix='arith_encode_' outfile=''
INFO-FLOW: Running: create_csynth_xml read xml data
INFO-FLOW: Done: create_csynth_xml read xml data time: 0 seconds 
INFO-FLOW: create_csynth_xml: all_module_nodes count=14
INFO-FLOW: Running: create_csynth_xml bind info
INFO-FLOW: create_csynth_xml: all_bind_nodes count=159
INFO-FLOW: Done: create_csynth_xml bind info time: 0 seconds 
INFO-FLOW: create_csynth_xml: bind_instances counts: modules=14 instances=157
INFO-FLOW: Running: create_csynth_xml update csynth_xml_module_hier
INFO-FLOW: Done: create_csynth_xml update csynth_xml_module_hier time: 0 seconds 
INFO-FLOW: create_csynth_xml: csynth_xml_module_hier max_depth=5
INFO-FLOW: Running: create_csynth_xml gen bind_report_dict
INFO-FLOW: Done: create_csynth_xml gen bind_report_dict time: 0 seconds 
INFO-FLOW: Running: create_csynth_xml config info
INFO-FLOW: Done: create_csynth_xml config info time: 0.2 seconds 
INFO-FLOW: Running: create_csynth_xml write xml
INFO-FLOW: Done: create_csynth_xml write xml time: 0 seconds 
INFO-FLOW: DBG:PUTS:      create_csynth_xml wrote csynth_xml=/home/sadat-kabir/Work/COMP4601/labs/Project/comp4601-project/replication_full/hls/work_k8_report/hls/syn/report/csynth.xml
INFO-FLOW: Running: generate_json
INFO-FLOW: DBG:PROC: ::AP::DESIGN_DATA::generate_json generate_bd_files='0' generate_xo_files='0' modelList='arith_encode_flow_control_loop_pipe_sequential_init
arith_encode_flow_control_loop_pipe_sequential_init
arith_encode_flow_control_loop_pipe_sequential_init
arith_encode_flow_control_loop_pipe_sequential_init
arith_encode_mul_32s_32s_32_1_1
arith_encode_flow_control_loop_pipe_sequential_init
arith_encode_flow_control_loop_pipe_sequential_init
arith_encode_flow_control_loop_pipe_sequential_init
arith_encode_flow_control_loop_pipe_sequential_init
arith_encode_encode_chunk_tree_RAM_AUTO_1R1W
arith_encode_sparsemux_17_3_16_1_1
arith_encode_flow_control_loop_pipe_sequential_init
arith_encode_sparsemux_17_3_8_1_1
arith_encode_flow_control_loop_pipe_sequential_init
arith_encode_mul_4ns_30s_33_1_1
arith_encode_sparsemux_17_3_32_1_1
arith_encode_arith_encode_unsigned_char_const_int_unsigned_char_buf_RAM_AUTO_1R1W
arith_encode_gmem0_m_axi
arith_encode_gmem1_m_axi
arith_encode_control_s_axi
arith_encode_Pipeline_VITIS_LOOP_66_1
encode_chunk_Pipeline_VITIS_LOOP_17_1
encode_bit_Pipeline_VITIS_LOOP_53_2
encode_bit_Pipeline_VITIS_LOOP_50_1
encode_bit
encode_bit_1_Pipeline_VITIS_LOOP_53_2
encode_bit_1_Pipeline_VITIS_LOOP_50_1
encode_bit_1
encode_chunk_Pipeline_VITIS_LOOP_33_5
encode_chunk_Pipeline_VITIS_LOOP_32_4
encode_chunk
arith_encode_Pipeline_Header
arith_encode_Pipeline_VITIS_LOOP_89_2
arith_encode
' rtl_lang='both' bootstrap_tcl='false' outdir='' outfilename=''
Execute     source /home/sadat-kabir/Work/COMP4601/labs/Project/comp4601-project/replication_full/hls/work_k8_report/hls/.autopilot/db/global.setting.tcl 
Execute     source /home/sadat-kabir/Work/COMP4601/labs/Project/comp4601-project/replication_full/hls/work_k8_report/hls/.autopilot/db/global.setting.tcl 
Execute     source /home/sadat-kabir/Work/COMP4601/labs/Project/comp4601-project/replication_full/hls/work_k8_report/hls/.autopilot/db/top-io-be.tcl 
Execute     source /home/sadat-kabir/Work/COMP4601/labs/Project/comp4601-project/replication_full/hls/work_k8_report/hls/.autopilot/db/arith_encode.tbgen.tcl 
Execute     source /home/sadat-kabir/Work/COMP4601/labs/Project/comp4601-project/replication_full/hls/work_k8_report/hls/.autopilot/db/arith_encode.compgen.dataonly.tcl 
Execute     source /home/sadat-kabir/Work/COMP4601/labs/Project/comp4601-project/replication_full/hls/work_k8_report/hls/.autopilot/db/arith_encode.compgen.dataonly.tcl 
Execute     source /home/sadat-kabir/Work/COMP4601/labs/Project/comp4601-project/replication_full/hls/work_k8_report/hls/.autopilot/db/arith_encode.rtl_wrap.cfg.tcl 
Execute     source /home/sadat-kabir/Work/COMP4601/labs/Project/comp4601-project/replication_full/hls/work_k8_report/hls/.autopilot/db/arith_encode.compgen.dataonly.tcl 
Execute     source /home/sadat-kabir/Work/COMP4601/labs/Project/comp4601-project/replication_full/hls/work_k8_report/hls/.autopilot/db/arith_encode_Pipeline_VITIS_LOOP_66_1.tbgen.tcl 
Execute     source /home/sadat-kabir/Work/COMP4601/labs/Project/comp4601-project/replication_full/hls/work_k8_report/hls/.autopilot/db/encode_chunk_Pipeline_VITIS_LOOP_17_1.tbgen.tcl 
Execute     source /home/sadat-kabir/Work/COMP4601/labs/Project/comp4601-project/replication_full/hls/work_k8_report/hls/.autopilot/db/encode_bit_Pipeline_VITIS_LOOP_53_2.tbgen.tcl 
Execute     source /home/sadat-kabir/Work/COMP4601/labs/Project/comp4601-project/replication_full/hls/work_k8_report/hls/.autopilot/db/encode_bit_Pipeline_VITIS_LOOP_50_1.tbgen.tcl 
Execute     source /home/sadat-kabir/Work/COMP4601/labs/Project/comp4601-project/replication_full/hls/work_k8_report/hls/.autopilot/db/encode_bit.tbgen.tcl 
Execute     source /home/sadat-kabir/Work/COMP4601/labs/Project/comp4601-project/replication_full/hls/work_k8_report/hls/.autopilot/db/encode_bit_1_Pipeline_VITIS_LOOP_53_2.tbgen.tcl 
Execute     source /home/sadat-kabir/Work/COMP4601/labs/Project/comp4601-project/replication_full/hls/work_k8_report/hls/.autopilot/db/encode_bit_1_Pipeline_VITIS_LOOP_50_1.tbgen.tcl 
Execute     source /home/sadat-kabir/Work/COMP4601/labs/Project/comp4601-project/replication_full/hls/work_k8_report/hls/.autopilot/db/encode_bit_1.tbgen.tcl 
Execute     source /home/sadat-kabir/Work/COMP4601/labs/Project/comp4601-project/replication_full/hls/work_k8_report/hls/.autopilot/db/encode_chunk_Pipeline_VITIS_LOOP_33_5.tbgen.tcl 
Execute     source /home/sadat-kabir/Work/COMP4601/labs/Project/comp4601-project/replication_full/hls/work_k8_report/hls/.autopilot/db/encode_chunk_Pipeline_VITIS_LOOP_32_4.tbgen.tcl 
Execute     source /home/sadat-kabir/Work/COMP4601/labs/Project/comp4601-project/replication_full/hls/work_k8_report/hls/.autopilot/db/encode_chunk.tbgen.tcl 
Execute     source /home/sadat-kabir/Work/COMP4601/labs/Project/comp4601-project/replication_full/hls/work_k8_report/hls/.autopilot/db/arith_encode_Pipeline_Header.tbgen.tcl 
Execute     source /home/sadat-kabir/Work/COMP4601/labs/Project/comp4601-project/replication_full/hls/work_k8_report/hls/.autopilot/db/arith_encode_Pipeline_VITIS_LOOP_89_2.tbgen.tcl 
Execute     source /home/sadat-kabir/Work/COMP4601/labs/Project/comp4601-project/replication_full/hls/work_k8_report/hls/.autopilot/db/arith_encode.tbgen.tcl 
Execute     source /home/sadat-kabir/Work/COMP4601/labs/Project/comp4601-project/replication_full/hls/work_k8_report/hls/.autopilot/db/global.setting.tcl 
Execute     ap_part_info -name xck26-sfvc784-2LV-c -data names -quiet 
Execute     ap_part_info -name xck26-sfvc784-2LV-c -data info -quiet 
Execute     source /home/sadat-kabir/Work/COMP4601/labs/Project/comp4601-project/replication_full/hls/work_k8_report/hls/.autopilot/db/arith_encode.constraint.tcl 
Execute     sc_get_clocks arith_encode 
Execute     source /home/sadat-kabir/Work/COMP4601/labs/Project/comp4601-project/replication_full/hls/work_k8_report/hls/.autopilot/db/global.setting.tcl 
Execute     source /home/sadat-kabir/Xilinx/2025.2.1/Vitis/tps/tcl/tcllib2.0/fileutil/fileutil.tcl 
INFO-FLOW: Done: generate_json time: 0.3 seconds 
INFO-FLOW: Running: add_csynth_report_sections
INFO-FLOW: DBG:PROC: ::HLSREPORTS::add_csynth_report_sections bind_info_dict='adapter_nodes {{BINDTYPE adapter ID {} IMPL {} LATENCY {} OPTYPE {} PRAGMA {} RTLNAME control_s_axi_U SOURCE {} VARIABLE {} LOOP {} BUNDLEDNAME control DSP 0 BRAM 0 URAM 0 STORAGESUBTYPE s_axilite STORAGESIZE {} STORAGEUSAGE interface DISPNAME {bind_adapter }} {BINDTYPE adapter ID {} IMPL {} LATENCY {} OPTYPE {} PRAGMA {} RTLNAME gmem0_m_axi_U SOURCE {} VARIABLE {} LOOP {} BUNDLEDNAME gmem0 DSP 0 BRAM 2 URAM 0 STORAGESUBTYPE m_axi STORAGESIZE {} STORAGEUSAGE interface DISPNAME {bind_adapter }} {BINDTYPE adapter ID {} IMPL {} LATENCY {} OPTYPE {} PRAGMA {} RTLNAME gmem1_m_axi_U SOURCE {} VARIABLE {} LOOP {} BUNDLEDNAME gmem1 DSP 0 BRAM 0 URAM 0 STORAGESUBTYPE m_axi STORAGESIZE {} STORAGEUSAGE interface DISPNAME {bind_adapter }}} cache_nodes {} report_dict {TOPINST arith_encode MODULE2INSTS {arith_encode arith_encode encode_chunk {grp_encode_chunk_fu_264 grp_encode_chunk_fu_273 grp_encode_chunk_fu_282 grp_encode_chunk_fu_291 grp_encode_chunk_fu_300 grp_encode_chunk_fu_309 grp_encode_chunk_fu_318 grp_encode_chunk_fu_327} encode_chunk_Pipeline_VITIS_LOOP_17_1 {grp_encode_chunk_Pipeline_VITIS_LOOP_17_1_fu_319 grp_encode_chunk_Pipeline_VITIS_LOOP_17_1_fu_319 grp_encode_chunk_Pipeline_VITIS_LOOP_17_1_fu_319 grp_encode_chunk_Pipeline_VITIS_LOOP_17_1_fu_319 grp_encode_chunk_Pipeline_VITIS_LOOP_17_1_fu_319 grp_encode_chunk_Pipeline_VITIS_LOOP_17_1_fu_319 grp_encode_chunk_Pipeline_VITIS_LOOP_17_1_fu_319 grp_encode_chunk_Pipeline_VITIS_LOOP_17_1_fu_319} encode_bit {grp_encode_bit_fu_325 grp_encode_bit_fu_325 grp_encode_bit_fu_325 grp_encode_bit_fu_325 grp_encode_bit_fu_325 grp_encode_bit_fu_325 grp_encode_bit_fu_325 grp_encode_bit_fu_325} encode_bit_Pipeline_VITIS_LOOP_53_2 {grp_encode_bit_Pipeline_VITIS_LOOP_53_2_fu_305 grp_encode_bit_Pipeline_VITIS_LOOP_53_2_fu_305 grp_encode_bit_Pipeline_VITIS_LOOP_53_2_fu_305 grp_encode_bit_Pipeline_VITIS_LOOP_53_2_fu_305 grp_encode_bit_Pipeline_VITIS_LOOP_53_2_fu_305 grp_encode_bit_Pipeline_VITIS_LOOP_53_2_fu_305 grp_encode_bit_Pipeline_VITIS_LOOP_53_2_fu_305 grp_encode_bit_Pipeline_VITIS_LOOP_53_2_fu_305} encode_bit_Pipeline_VITIS_LOOP_50_1 {grp_encode_bit_Pipeline_VITIS_LOOP_50_1_fu_321 grp_encode_bit_Pipeline_VITIS_LOOP_50_1_fu_321 grp_encode_bit_Pipeline_VITIS_LOOP_50_1_fu_321 grp_encode_bit_Pipeline_VITIS_LOOP_50_1_fu_321 grp_encode_bit_Pipeline_VITIS_LOOP_50_1_fu_321 grp_encode_bit_Pipeline_VITIS_LOOP_50_1_fu_321 grp_encode_bit_Pipeline_VITIS_LOOP_50_1_fu_321 grp_encode_bit_Pipeline_VITIS_LOOP_50_1_fu_321} encode_bit_1 {grp_encode_bit_1_fu_343 grp_encode_bit_1_fu_343 grp_encode_bit_1_fu_343 grp_encode_bit_1_fu_343 grp_encode_bit_1_fu_343 grp_encode_bit_1_fu_343 grp_encode_bit_1_fu_343 grp_encode_bit_1_fu_343} encode_bit_1_Pipeline_VITIS_LOOP_53_2 {grp_encode_bit_1_Pipeline_VITIS_LOOP_53_2_fu_281 grp_encode_bit_1_Pipeline_VITIS_LOOP_53_2_fu_281 grp_encode_bit_1_Pipeline_VITIS_LOOP_53_2_fu_281 grp_encode_bit_1_Pipeline_VITIS_LOOP_53_2_fu_281 grp_encode_bit_1_Pipeline_VITIS_LOOP_53_2_fu_281 grp_encode_bit_1_Pipeline_VITIS_LOOP_53_2_fu_281 grp_encode_bit_1_Pipeline_VITIS_LOOP_53_2_fu_281 grp_encode_bit_1_Pipeline_VITIS_LOOP_53_2_fu_281} encode_bit_1_Pipeline_VITIS_LOOP_50_1 {grp_encode_bit_1_Pipeline_VITIS_LOOP_50_1_fu_297 grp_encode_bit_1_Pipeline_VITIS_LOOP_50_1_fu_297 grp_encode_bit_1_Pipeline_VITIS_LOOP_50_1_fu_297 grp_encode_bit_1_Pipeline_VITIS_LOOP_50_1_fu_297 grp_encode_bit_1_Pipeline_VITIS_LOOP_50_1_fu_297 grp_encode_bit_1_Pipeline_VITIS_LOOP_50_1_fu_297 grp_encode_bit_1_Pipeline_VITIS_LOOP_50_1_fu_297 grp_encode_bit_1_Pipeline_VITIS_LOOP_50_1_fu_297} encode_chunk_Pipeline_VITIS_LOOP_33_5 {grp_encode_chunk_Pipeline_VITIS_LOOP_33_5_fu_357 grp_encode_chunk_Pipeline_VITIS_LOOP_33_5_fu_357 grp_encode_chunk_Pipeline_VITIS_LOOP_33_5_fu_357 grp_encode_chunk_Pipeline_VITIS_LOOP_33_5_fu_357 grp_encode_chunk_Pipeline_VITIS_LOOP_33_5_fu_357 grp_encode_chunk_Pipeline_VITIS_LOOP_33_5_fu_357 grp_encode_chunk_Pipeline_VITIS_LOOP_33_5_fu_357 grp_encode_chunk_Pipeline_VITIS_LOOP_33_5_fu_357} encode_chunk_Pipeline_VITIS_LOOP_32_4 {grp_encode_chunk_Pipeline_VITIS_LOOP_32_4_fu_373 grp_encode_chunk_Pipeline_VITIS_LOOP_32_4_fu_373 grp_encode_chunk_Pipeline_VITIS_LOOP_32_4_fu_373 grp_encode_chunk_Pipeline_VITIS_LOOP_32_4_fu_373 grp_encode_chunk_Pipeline_VITIS_LOOP_32_4_fu_373 grp_encode_chunk_Pipeline_VITIS_LOOP_32_4_fu_373 grp_encode_chunk_Pipeline_VITIS_LOOP_32_4_fu_373 grp_encode_chunk_Pipeline_VITIS_LOOP_32_4_fu_373} arith_encode_Pipeline_VITIS_LOOP_66_1 grp_arith_encode_Pipeline_VITIS_LOOP_66_1_fu_336 arith_encode_Pipeline_Header grp_arith_encode_Pipeline_Header_fu_361 arith_encode_Pipeline_VITIS_LOOP_89_2 grp_arith_encode_Pipeline_VITIS_LOOP_89_2_fu_374} INST2MODULE {arith_encode arith_encode grp_encode_chunk_fu_264 encode_chunk grp_encode_chunk_Pipeline_VITIS_LOOP_17_1_fu_319 encode_chunk_Pipeline_VITIS_LOOP_17_1 grp_encode_bit_fu_325 encode_bit grp_encode_bit_Pipeline_VITIS_LOOP_53_2_fu_305 encode_bit_Pipeline_VITIS_LOOP_53_2 grp_encode_bit_Pipeline_VITIS_LOOP_50_1_fu_321 encode_bit_Pipeline_VITIS_LOOP_50_1 grp_encode_bit_1_fu_343 encode_bit_1 grp_encode_bit_1_Pipeline_VITIS_LOOP_53_2_fu_281 encode_bit_1_Pipeline_VITIS_LOOP_53_2 grp_encode_bit_1_Pipeline_VITIS_LOOP_50_1_fu_297 encode_bit_1_Pipeline_VITIS_LOOP_50_1 grp_encode_chunk_Pipeline_VITIS_LOOP_33_5_fu_357 encode_chunk_Pipeline_VITIS_LOOP_33_5 grp_encode_chunk_Pipeline_VITIS_LOOP_32_4_fu_373 encode_chunk_Pipeline_VITIS_LOOP_32_4 grp_encode_chunk_fu_273 encode_chunk grp_encode_chunk_fu_282 encode_chunk grp_encode_chunk_fu_291 encode_chunk grp_encode_chunk_fu_300 encode_chunk grp_encode_chunk_fu_309 encode_chunk grp_encode_chunk_fu_318 encode_chunk grp_encode_chunk_fu_327 encode_chunk grp_arith_encode_Pipeline_VITIS_LOOP_66_1_fu_336 arith_encode_Pipeline_VITIS_LOOP_66_1 grp_arith_encode_Pipeline_Header_fu_361 arith_encode_Pipeline_Header grp_arith_encode_Pipeline_VITIS_LOOP_89_2_fu_374 arith_encode_Pipeline_VITIS_LOOP_89_2} INSTDATA {arith_encode {DEPTH 1 CHILDREN {grp_encode_chunk_fu_264 grp_encode_chunk_fu_273 grp_encode_chunk_fu_282 grp_encode_chunk_fu_291 grp_encode_chunk_fu_300 grp_encode_chunk_fu_309 grp_encode_chunk_fu_318 grp_encode_chunk_fu_327 grp_arith_encode_Pipeline_VITIS_LOOP_66_1_fu_336 grp_arith_encode_Pipeline_Header_fu_361 grp_arith_encode_Pipeline_VITIS_LOOP_89_2_fu_374}} grp_encode_chunk_fu_264 {DEPTH 2 CHILDREN {grp_encode_chunk_Pipeline_VITIS_LOOP_17_1_fu_319 grp_encode_bit_fu_325 grp_encode_bit_1_fu_343 grp_encode_chunk_Pipeline_VITIS_LOOP_33_5_fu_357 grp_encode_chunk_Pipeline_VITIS_LOOP_32_4_fu_373}} grp_encode_chunk_Pipeline_VITIS_LOOP_17_1_fu_319 {DEPTH 3 CHILDREN {}} grp_encode_bit_fu_325 {DEPTH 3 CHILDREN {grp_encode_bit_Pipeline_VITIS_LOOP_53_2_fu_305 grp_encode_bit_Pipeline_VITIS_LOOP_50_1_fu_321}} grp_encode_bit_Pipeline_VITIS_LOOP_53_2_fu_305 {DEPTH 4 CHILDREN {}} grp_encode_bit_Pipeline_VITIS_LOOP_50_1_fu_321 {DEPTH 4 CHILDREN {}} grp_encode_bit_1_fu_343 {DEPTH 3 CHILDREN {grp_encode_bit_1_Pipeline_VITIS_LOOP_53_2_fu_281 grp_encode_bit_1_Pipeline_VITIS_LOOP_50_1_fu_297}} grp_encode_bit_1_Pipeline_VITIS_LOOP_53_2_fu_281 {DEPTH 4 CHILDREN {}} grp_encode_bit_1_Pipeline_VITIS_LOOP_50_1_fu_297 {DEPTH 4 CHILDREN {}} grp_encode_chunk_Pipeline_VITIS_LOOP_33_5_fu_357 {DEPTH 3 CHILDREN {}} grp_encode_chunk_Pipeline_VITIS_LOOP_32_4_fu_373 {DEPTH 3 CHILDREN {}} grp_encode_chunk_fu_273 {DEPTH 2 CHILDREN {grp_encode_chunk_Pipeline_VITIS_LOOP_17_1_fu_319 grp_encode_bit_fu_325 grp_encode_bit_1_fu_343 grp_encode_chunk_Pipeline_VITIS_LOOP_33_5_fu_357 grp_encode_chunk_Pipeline_VITIS_LOOP_32_4_fu_373}} grp_encode_chunk_fu_282 {DEPTH 2 CHILDREN {grp_encode_chunk_Pipeline_VITIS_LOOP_17_1_fu_319 grp_encode_bit_fu_325 grp_encode_bit_1_fu_343 grp_encode_chunk_Pipeline_VITIS_LOOP_33_5_fu_357 grp_encode_chunk_Pipeline_VITIS_LOOP_32_4_fu_373}} grp_encode_chunk_fu_291 {DEPTH 2 CHILDREN {grp_encode_chunk_Pipeline_VITIS_LOOP_17_1_fu_319 grp_encode_bit_fu_325 grp_encode_bit_1_fu_343 grp_encode_chunk_Pipeline_VITIS_LOOP_33_5_fu_357 grp_encode_chunk_Pipeline_VITIS_LOOP_32_4_fu_373}} grp_encode_chunk_fu_300 {DEPTH 2 CHILDREN {grp_encode_chunk_Pipeline_VITIS_LOOP_17_1_fu_319 grp_encode_bit_fu_325 grp_encode_bit_1_fu_343 grp_encode_chunk_Pipeline_VITIS_LOOP_33_5_fu_357 grp_encode_chunk_Pipeline_VITIS_LOOP_32_4_fu_373}} grp_encode_chunk_fu_309 {DEPTH 2 CHILDREN {grp_encode_chunk_Pipeline_VITIS_LOOP_17_1_fu_319 grp_encode_bit_fu_325 grp_encode_bit_1_fu_343 grp_encode_chunk_Pipeline_VITIS_LOOP_33_5_fu_357 grp_encode_chunk_Pipeline_VITIS_LOOP_32_4_fu_373}} grp_encode_chunk_fu_318 {DEPTH 2 CHILDREN {grp_encode_chunk_Pipeline_VITIS_LOOP_17_1_fu_319 grp_encode_bit_fu_325 grp_encode_bit_1_fu_343 grp_encode_chunk_Pipeline_VITIS_LOOP_33_5_fu_357 grp_encode_chunk_Pipeline_VITIS_LOOP_32_4_fu_373}} grp_encode_chunk_fu_327 {DEPTH 2 CHILDREN {grp_encode_chunk_Pipeline_VITIS_LOOP_17_1_fu_319 grp_encode_bit_fu_325 grp_encode_bit_1_fu_343 grp_encode_chunk_Pipeline_VITIS_LOOP_33_5_fu_357 grp_encode_chunk_Pipeline_VITIS_LOOP_32_4_fu_373}} grp_arith_encode_Pipeline_VITIS_LOOP_66_1_fu_336 {DEPTH 2 CHILDREN {}} grp_arith_encode_Pipeline_Header_fu_361 {DEPTH 2 CHILDREN {}} grp_arith_encode_Pipeline_VITIS_LOOP_89_2_fu_374 {DEPTH 2 CHILDREN {}}} MODULEDATA {arith_encode_Pipeline_VITIS_LOOP_66_1 {BINDINFO {{BINDTYPE op ID {} IMPL auto LATENCY 0 OPTYPE seteq PRAGMA {} RTLNAME icmp_ln66_fu_229_p2 SOURCE arith5.cpp:66 VARIABLE icmp_ln66 LOOP VITIS_LOOP_66_1 BUNDLEDNAME {} DSP 0 BRAM 0 URAM 0 STORAGESUBTYPE {} DISPNAME {bind_op seteq} VISIBLE false} {BINDTYPE op ID {} IMPL fabric LATENCY 0 OPTYPE add PRAGMA {} RTLNAME add_ln66_fu_235_p2 SOURCE arith5.cpp:66 VARIABLE add_ln66 LOOP VITIS_LOOP_66_1 BUNDLEDNAME {} DSP 0 BRAM 0 URAM 0 STORAGESUBTYPE {} DISPNAME {bind_op add} VISIBLE true}} AREA {DSP 0 BRAM 0 URAM 0}} encode_chunk_Pipeline_VITIS_LOOP_17_1 {BINDINFO {{BINDTYPE op ID {} IMPL auto LATENCY 0 OPTYPE seteq PRAGMA {} RTLNAME icmp_ln17_fu_56_p2 SOURCE arith5.cpp:17 VARIABLE icmp_ln17 LOOP VITIS_LOOP_17_1 BUNDLEDNAME {} DSP 0 BRAM 0 URAM 0 STORAGESUBTYPE {} DISPNAME {bind_op seteq} VISIBLE false} {BINDTYPE op ID {} IMPL fabric LATENCY 0 OPTYPE add PRAGMA {} RTLNAME add_ln17_fu_62_p2 SOURCE arith5.cpp:17 VARIABLE add_ln17 LOOP VITIS_LOOP_17_1 BUNDLEDNAME {} DSP 0 BRAM 0 URAM 0 STORAGESUBTYPE {} DISPNAME {bind_op add} VISIBLE true}} AREA {DSP 0 BRAM 0 URAM 0}} encode_bit_Pipeline_VITIS_LOOP_53_2 {BINDINFO {{BINDTYPE op ID {} IMPL auto LATENCY 0 OPTYPE seteq PRAGMA {} RTLNAME icmp_ln53_fu_107_p2 SOURCE ./arith3.h:53 VARIABLE icmp_ln53 LOOP VITIS_LOOP_53_2 BUNDLEDNAME {} DSP 0 BRAM 0 URAM 0 STORAGESUBTYPE {} DISPNAME {bind_op seteq} VISIBLE false} {BINDTYPE op ID {} IMPL fabric LATENCY 0 OPTYPE add PRAGMA {} RTLNAME add_ln33_fu_142_p2 SOURCE ./arith3.h:33 VARIABLE add_ln33 LOOP VITIS_LOOP_53_2 BUNDLEDNAME {} DSP 0 BRAM 0 URAM 0 STORAGESUBTYPE {} DISPNAME {bind_op add} VISIBLE true} {BINDTYPE op ID {} IMPL auto LATENCY 0 OPTYPE seteq PRAGMA {} RTLNAME icmp_ln34_fu_148_p2 SOURCE ./arith3.h:34 VARIABLE icmp_ln34 LOOP VITIS_LOOP_53_2 BUNDLEDNAME {} DSP 0 BRAM 0 URAM 0 STORAGESUBTYPE {} DISPNAME {bind_op seteq} VISIBLE false} {BINDTYPE op ID {} IMPL fabric LATENCY 0 OPTYPE add PRAGMA {} RTLNAME add_ln34_fu_179_p2 SOURCE ./arith3.h:34 VARIABLE add_ln34 LOOP VITIS_LOOP_53_2 BUNDLEDNAME {} DSP 0 BRAM 0 URAM 0 STORAGESUBTYPE {} DISPNAME {bind_op add} VISIBLE true} {BINDTYPE op ID {} IMPL fabric LATENCY 0 OPTYPE add PRAGMA {} RTLNAME add_ln53_fu_113_p2 SOURCE ./arith3.h:53 VARIABLE add_ln53 LOOP VITIS_LOOP_53_2 BUNDLEDNAME {} DSP 0 BRAM 0 URAM 0 STORAGESUBTYPE {} DISPNAME {bind_op add} VISIBLE true}} AREA {DSP 0 BRAM 0 URAM 0}} encode_bit_Pipeline_VITIS_LOOP_50_1 {BINDINFO {{BINDTYPE op ID {} IMPL auto LATENCY 0 OPTYPE seteq PRAGMA {} RTLNAME icmp_ln50_fu_109_p2 SOURCE ./arith3.h:50 VARIABLE icmp_ln50 LOOP VITIS_LOOP_50_1 BUNDLEDNAME {} DSP 0 BRAM 0 URAM 0 STORAGESUBTYPE {} DISPNAME {bind_op seteq} VISIBLE false} {BINDTYPE op ID {} IMPL fabric LATENCY 0 OPTYPE add PRAGMA {} RTLNAME add_ln33_fu_150_p2 SOURCE ./arith3.h:33 VARIABLE add_ln33 LOOP VITIS_LOOP_50_1 BUNDLEDNAME {} DSP 0 BRAM 0 URAM 0 STORAGESUBTYPE {} DISPNAME {bind_op add} VISIBLE true} {BINDTYPE op ID {} IMPL auto LATENCY 0 OPTYPE seteq PRAGMA {} RTLNAME icmp_ln34_fu_156_p2 SOURCE ./arith3.h:34 VARIABLE icmp_ln34 LOOP VITIS_LOOP_50_1 BUNDLEDNAME {} DSP 0 BRAM 0 URAM 0 STORAGESUBTYPE {} DISPNAME {bind_op seteq} VISIBLE false} {BINDTYPE op ID {} IMPL fabric LATENCY 0 OPTYPE add PRAGMA {} RTLNAME add_ln34_fu_187_p2 SOURCE ./arith3.h:34 VARIABLE add_ln34 LOOP VITIS_LOOP_50_1 BUNDLEDNAME {} DSP 0 BRAM 0 URAM 0 STORAGESUBTYPE {} DISPNAME {bind_op add} VISIBLE true} {BINDTYPE op ID {} IMPL fabric LATENCY 0 OPTYPE add PRAGMA {} RTLNAME add_ln50_fu_115_p2 SOURCE ./arith3.h:50 VARIABLE add_ln50 LOOP VITIS_LOOP_50_1 BUNDLEDNAME {} DSP 0 BRAM 0 URAM 0 STORAGESUBTYPE {} DISPNAME {bind_op add} VISIBLE true}} AREA {DSP 0 BRAM 0 URAM 0}} encode_bit {BINDINFO {{BINDTYPE op ID {} IMPL auto LATENCY 0 OPTYPE mul PRAGMA {} RTLNAME mul_32s_32s_32_1_1_U30 SOURCE ./arith3.h:42 VARIABLE mul_ln42 LOOP {} BUNDLEDNAME {} DSP 3 BRAM 0 URAM 0 STORAGESUBTYPE {} DISPNAME {bind_op mul} VISIBLE true} {BINDTYPE op ID {} IMPL fabric LATENCY 0 OPTYPE add PRAGMA {} RTLNAME add_ln44_fu_432_p2 SOURCE ./arith3.h:44 VARIABLE add_ln44 LOOP {} BUNDLEDNAME {} DSP 0 BRAM 0 URAM 0 STORAGESUBTYPE {} DISPNAME {bind_op add} VISIBLE true} {BINDTYPE op ID {} IMPL fabric LATENCY 0 OPTYPE add PRAGMA {} RTLNAME add_ln43_fu_437_p2 SOURCE ./arith3.h:43 VARIABLE add_ln43 LOOP {} BUNDLEDNAME {} DSP 0 BRAM 0 URAM 0 STORAGESUBTYPE {} DISPNAME {bind_op add} VISIBLE true} {BINDTYPE op ID {} IMPL auto_sel LATENCY 0 OPTYPE select PRAGMA {} RTLNAME low_write_assign_ph_fu_443_p3 SOURCE ./arith3.h:44 VARIABLE low_write_assign_ph LOOP {} BUNDLEDNAME {} DSP 0 BRAM 0 URAM 0 STORAGESUBTYPE {} DISPNAME {bind_op select} VISIBLE false} {BINDTYPE op ID {} IMPL auto_sel LATENCY 0 OPTYPE select PRAGMA {} RTLNAME high_write_assign_ph_fu_451_p3 SOURCE ./arith3.h:43 VARIABLE high_write_assign_ph LOOP {} BUNDLEDNAME {} DSP 0 BRAM 0 URAM 0 STORAGESUBTYPE {} DISPNAME {bind_op select} VISIBLE false} {BINDTYPE op ID {} IMPL auto_sel LATENCY 0 OPTYPE select PRAGMA {} RTLNAME p_ph_fu_459_p3 SOURCE ./arith3.h:44 VARIABLE p_ph LOOP {} BUNDLEDNAME {} DSP 0 BRAM 0 URAM 0 STORAGESUBTYPE {} DISPNAME {bind_op select} VISIBLE false} {BINDTYPE op ID {} IMPL auto_sel LATENCY 0 OPTYPE select PRAGMA {} RTLNAME p_ph7_fu_466_p3 SOURCE ./arith3.h:43 VARIABLE p_ph7 LOOP {} BUNDLEDNAME {} DSP 0 BRAM 0 URAM 0 STORAGESUBTYPE {} DISPNAME {bind_op select} VISIBLE false} {BINDTYPE op ID {} IMPL fabric LATENCY 0 OPTYPE add PRAGMA {} RTLNAME r_3_fu_508_p2 SOURCE ./arith3.h:47 VARIABLE r_3 LOOP Renorm BUNDLEDNAME {} DSP 0 BRAM 0 URAM 0 STORAGESUBTYPE {} DISPNAME {bind_op add} VISIBLE true} {BINDTYPE op ID {} IMPL auto LATENCY 0 OPTYPE seteq PRAGMA {} RTLNAME icmp_ln48_fu_538_p2 SOURCE ./arith3.h:48 VARIABLE icmp_ln48 LOOP Renorm BUNDLEDNAME {} DSP 0 BRAM 0 URAM 0 STORAGESUBTYPE {} DISPNAME {bind_op seteq} VISIBLE false} {BINDTYPE op ID {} IMPL auto LATENCY 0 OPTYPE seteq PRAGMA {} RTLNAME icmp_ln51_fu_554_p2 SOURCE ./arith3.h:51 VARIABLE icmp_ln51 LOOP Renorm BUNDLEDNAME {} DSP 0 BRAM 0 URAM 0 STORAGESUBTYPE {} DISPNAME {bind_op seteq} VISIBLE false} {BINDTYPE op ID {} IMPL fabric LATENCY 0 OPTYPE add PRAGMA {} RTLNAME grp_fu_348_p2 SOURCE ./arith3.h:33 VARIABLE add_ln33_2 LOOP Renorm BUNDLEDNAME {} DSP 0 BRAM 0 URAM 0 STORAGESUBTYPE {} DISPNAME {bind_op add} VISIBLE true} {BINDTYPE op ID {} IMPL auto LATENCY 0 OPTYPE seteq PRAGMA {} RTLNAME grp_fu_354_p2 SOURCE ./arith3.h:34 VARIABLE icmp_ln34_3 LOOP Renorm BUNDLEDNAME {} DSP 0 BRAM 0 URAM 0 STORAGESUBTYPE {} DISPNAME {bind_op seteq} VISIBLE false} {BINDTYPE op ID {} IMPL fabric LATENCY 0 OPTYPE add PRAGMA {} RTLNAME grp_fu_360_p2 SOURCE ./arith3.h:34 VARIABLE add_ln34_2 LOOP Renorm BUNDLEDNAME {} DSP 0 BRAM 0 URAM 0 STORAGESUBTYPE {} DISPNAME {bind_op add} VISIBLE true} {BINDTYPE op ID {} IMPL auto LATENCY 0 OPTYPE setne PRAGMA {} RTLNAME icmp_ln55_fu_603_p2 SOURCE ./arith3.h:55 VARIABLE icmp_ln55 LOOP Renorm BUNDLEDNAME {} DSP 0 BRAM 0 URAM 0 STORAGESUBTYPE {} DISPNAME {bind_op setne} VISIBLE false} {BINDTYPE op ID {} IMPL auto LATENCY 0 OPTYPE setlt PRAGMA {} RTLNAME icmp_ln55_2_fu_609_p2 SOURCE ./arith3.h:55 VARIABLE icmp_ln55_2 LOOP Renorm BUNDLEDNAME {} DSP 0 BRAM 0 URAM 0 STORAGESUBTYPE {} DISPNAME {bind_op setlt} VISIBLE false} {BINDTYPE op ID {} IMPL auto LATENCY 0 OPTYPE and PRAGMA {} RTLNAME and_ln55_fu_615_p2 SOURCE ./arith3.h:55 VARIABLE and_ln55 LOOP Renorm BUNDLEDNAME {} DSP 0 BRAM 0 URAM 0 STORAGESUBTYPE {} DISPNAME {bind_op and} VISIBLE false} {BINDTYPE op ID {} IMPL fabric LATENCY 0 OPTYPE add PRAGMA {} RTLNAME add_ln56_fu_621_p2 SOURCE ./arith3.h:56 VARIABLE add_ln56 LOOP Renorm BUNDLEDNAME {} DSP 0 BRAM 0 URAM 0 STORAGESUBTYPE {} DISPNAME {bind_op add} VISIBLE true} {BINDTYPE op ID {} IMPL auto LATENCY 0 OPTYPE xor PRAGMA {} RTLNAME xor_ln56_3_fu_635_p2 SOURCE ./arith3.h:56 VARIABLE xor_ln56_3 LOOP Renorm BUNDLEDNAME {} DSP 0 BRAM 0 URAM 0 STORAGESUBTYPE {} DISPNAME {bind_op xor} VISIBLE false} {BINDTYPE op ID {} IMPL auto LATENCY 0 OPTYPE xor PRAGMA {} RTLNAME xor_ln56_fu_661_p2 SOURCE ./arith3.h:56 VARIABLE xor_ln56 LOOP Renorm BUNDLEDNAME {} DSP 0 BRAM 0 URAM 0 STORAGESUBTYPE {} DISPNAME {bind_op xor} VISIBLE false} {BINDTYPE op ID {} IMPL fabric LATENCY 0 OPTYPE add PRAGMA {} RTLNAME grp_fu_348_p2 SOURCE ./arith3.h:33 VARIABLE add_ln33 LOOP Renorm BUNDLEDNAME {} DSP 0 BRAM 0 URAM 0 STORAGESUBTYPE {} DISPNAME {bind_op add} VISIBLE true} {BINDTYPE op ID {} IMPL auto LATENCY 0 OPTYPE seteq PRAGMA {} RTLNAME grp_fu_354_p2 SOURCE ./arith3.h:34 VARIABLE icmp_ln34 LOOP Renorm BUNDLEDNAME {} DSP 0 BRAM 0 URAM 0 STORAGESUBTYPE {} DISPNAME {bind_op seteq} VISIBLE false} {BINDTYPE op ID {} IMPL fabric LATENCY 0 OPTYPE add PRAGMA {} RTLNAME grp_fu_360_p2 SOURCE ./arith3.h:34 VARIABLE add_ln34 LOOP Renorm BUNDLEDNAME {} DSP 0 BRAM 0 URAM 0 STORAGESUBTYPE {} DISPNAME {bind_op add} VISIBLE true} {BINDTYPE op ID {} IMPL fabric LATENCY 0 OPTYPE sub PRAGMA {} RTLNAME sub_ln63_fu_727_p2 SOURCE ./arith3.h:63 VARIABLE sub_ln63 LOOP {} BUNDLEDNAME {} DSP 0 BRAM 0 URAM 0 STORAGESUBTYPE {} DISPNAME {bind_op sub} VISIBLE true} {BINDTYPE op ID {} IMPL fabric LATENCY 0 OPTYPE sub PRAGMA {} RTLNAME sub_ln62_fu_732_p2 SOURCE ./arith3.h:62 VARIABLE sub_ln62 LOOP {} BUNDLEDNAME {} DSP 0 BRAM 0 URAM 0 STORAGESUBTYPE {} DISPNAME {bind_op sub} VISIBLE true} {BINDTYPE op ID {} IMPL fabric LATENCY 0 OPTYPE add PRAGMA {} RTLNAME add_ln62_fu_751_p2 SOURCE ./arith3.h:62 VARIABLE add_ln62 LOOP {} BUNDLEDNAME {} DSP 0 BRAM 0 URAM 0 STORAGESUBTYPE {} DISPNAME {bind_op add} VISIBLE true} {BINDTYPE op ID {} IMPL auto_sel LATENCY 0 OPTYPE select PRAGMA {} RTLNAME select_ln62_fu_756_p3 SOURCE ./arith3.h:62 VARIABLE select_ln62 LOOP {} BUNDLEDNAME {} DSP 0 BRAM 0 URAM 0 STORAGESUBTYPE {} DISPNAME {bind_op select} VISIBLE false}} AREA {DSP 3 BRAM 0 URAM 0}} encode_bit_1_Pipeline_VITIS_LOOP_53_2 {BINDINFO {{BINDTYPE op ID {} IMPL auto LATENCY 0 OPTYPE seteq PRAGMA {} RTLNAME icmp_ln53_fu_107_p2 SOURCE ./arith3.h:53 VARIABLE icmp_ln53 LOOP VITIS_LOOP_53_2 BUNDLEDNAME {} DSP 0 BRAM 0 URAM 0 STORAGESUBTYPE {} DISPNAME {bind_op seteq} VISIBLE false} {BINDTYPE op ID {} IMPL fabric LATENCY 0 OPTYPE add PRAGMA {} RTLNAME add_ln33_fu_142_p2 SOURCE ./arith3.h:33 VARIABLE add_ln33 LOOP VITIS_LOOP_53_2 BUNDLEDNAME {} DSP 0 BRAM 0 URAM 0 STORAGESUBTYPE {} DISPNAME {bind_op add} VISIBLE true} {BINDTYPE op ID {} IMPL auto LATENCY 0 OPTYPE seteq PRAGMA {} RTLNAME icmp_ln34_fu_148_p2 SOURCE ./arith3.h:34 VARIABLE icmp_ln34 LOOP VITIS_LOOP_53_2 BUNDLEDNAME {} DSP 0 BRAM 0 URAM 0 STORAGESUBTYPE {} DISPNAME {bind_op seteq} VISIBLE false} {BINDTYPE op ID {} IMPL fabric LATENCY 0 OPTYPE add PRAGMA {} RTLNAME add_ln34_fu_179_p2 SOURCE ./arith3.h:34 VARIABLE add_ln34 LOOP VITIS_LOOP_53_2 BUNDLEDNAME {} DSP 0 BRAM 0 URAM 0 STORAGESUBTYPE {} DISPNAME {bind_op add} VISIBLE true} {BINDTYPE op ID {} IMPL fabric LATENCY 0 OPTYPE add PRAGMA {} RTLNAME add_ln53_fu_113_p2 SOURCE ./arith3.h:53 VARIABLE add_ln53 LOOP VITIS_LOOP_53_2 BUNDLEDNAME {} DSP 0 BRAM 0 URAM 0 STORAGESUBTYPE {} DISPNAME {bind_op add} VISIBLE true}} AREA {DSP 0 BRAM 0 URAM 0}} encode_bit_1_Pipeline_VITIS_LOOP_50_1 {BINDINFO {{BINDTYPE op ID {} IMPL auto LATENCY 0 OPTYPE seteq PRAGMA {} RTLNAME icmp_ln50_fu_109_p2 SOURCE ./arith3.h:50 VARIABLE icmp_ln50 LOOP VITIS_LOOP_50_1 BUNDLEDNAME {} DSP 0 BRAM 0 URAM 0 STORAGESUBTYPE {} DISPNAME {bind_op seteq} VISIBLE false} {BINDTYPE op ID {} IMPL fabric LATENCY 0 OPTYPE add PRAGMA {} RTLNAME add_ln33_fu_150_p2 SOURCE ./arith3.h:33 VARIABLE add_ln33 LOOP VITIS_LOOP_50_1 BUNDLEDNAME {} DSP 0 BRAM 0 URAM 0 STORAGESUBTYPE {} DISPNAME {bind_op add} VISIBLE true} {BINDTYPE op ID {} IMPL auto LATENCY 0 OPTYPE seteq PRAGMA {} RTLNAME icmp_ln34_fu_156_p2 SOURCE ./arith3.h:34 VARIABLE icmp_ln34 LOOP VITIS_LOOP_50_1 BUNDLEDNAME {} DSP 0 BRAM 0 URAM 0 STORAGESUBTYPE {} DISPNAME {bind_op seteq} VISIBLE false} {BINDTYPE op ID {} IMPL fabric LATENCY 0 OPTYPE add PRAGMA {} RTLNAME add_ln34_fu_187_p2 SOURCE ./arith3.h:34 VARIABLE add_ln34 LOOP VITIS_LOOP_50_1 BUNDLEDNAME {} DSP 0 BRAM 0 URAM 0 STORAGESUBTYPE {} DISPNAME {bind_op add} VISIBLE true} {BINDTYPE op ID {} IMPL fabric LATENCY 0 OPTYPE add PRAGMA {} RTLNAME add_ln50_fu_115_p2 SOURCE ./arith3.h:50 VARIABLE add_ln50 LOOP VITIS_LOOP_50_1 BUNDLEDNAME {} DSP 0 BRAM 0 URAM 0 STORAGESUBTYPE {} DISPNAME {bind_op add} VISIBLE true}} AREA {DSP 0 BRAM 0 URAM 0}} encode_bit_1 {BINDINFO {{BINDTYPE op ID {} IMPL auto LATENCY 0 OPTYPE mul PRAGMA {} RTLNAME mul_32s_32s_32_1_1_U59 SOURCE ./arith3.h:42 VARIABLE mul_ln42 LOOP {} BUNDLEDNAME {} DSP 3 BRAM 0 URAM 0 STORAGESUBTYPE {} DISPNAME {bind_op mul} VISIBLE true} {BINDTYPE op ID {} IMPL fabric LATENCY 0 OPTYPE add PRAGMA {} RTLNAME add_ln43_fu_408_p2 SOURCE ./arith3.h:43 VARIABLE add_ln43 LOOP {} BUNDLEDNAME {} DSP 0 BRAM 0 URAM 0 STORAGESUBTYPE {} DISPNAME {bind_op add} VISIBLE true} {BINDTYPE op ID {} IMPL fabric LATENCY 0 OPTYPE add PRAGMA {} RTLNAME add_ln43_1_fu_413_p2 SOURCE ./arith3.h:43 VARIABLE add_ln43_1 LOOP {} BUNDLEDNAME {} DSP 0 BRAM 0 URAM 0 STORAGESUBTYPE {} DISPNAME {bind_op add} VISIBLE true} {BINDTYPE op ID {} IMPL auto_sel LATENCY 0 OPTYPE select PRAGMA {} RTLNAME select_ln43_fu_419_p3 SOURCE ./arith3.h:43 VARIABLE select_ln43 LOOP {} BUNDLEDNAME {} DSP 0 BRAM 0 URAM 0 STORAGESUBTYPE {} DISPNAME {bind_op select} VISIBLE false} {BINDTYPE op ID {} IMPL auto_sel LATENCY 0 OPTYPE select PRAGMA {} RTLNAME select_ln43_1_fu_426_p3 SOURCE ./arith3.h:43 VARIABLE select_ln43_1 LOOP {} BUNDLEDNAME {} DSP 0 BRAM 0 URAM 0 STORAGESUBTYPE {} DISPNAME {bind_op select} VISIBLE false} {BINDTYPE op ID {} IMPL fabric LATENCY 0 OPTYPE add PRAGMA {} RTLNAME r_2_fu_458_p2 SOURCE ./arith3.h:47 VARIABLE r_2 LOOP Renorm BUNDLEDNAME {} DSP 0 BRAM 0 URAM 0 STORAGESUBTYPE {} DISPNAME {bind_op add} VISIBLE true} {BINDTYPE op ID {} IMPL auto LATENCY 0 OPTYPE seteq PRAGMA {} RTLNAME icmp_ln48_fu_488_p2 SOURCE ./arith3.h:48 VARIABLE icmp_ln48 LOOP Renorm BUNDLEDNAME {} DSP 0 BRAM 0 URAM 0 STORAGESUBTYPE {} DISPNAME {bind_op seteq} VISIBLE false} {BINDTYPE op ID {} IMPL auto LATENCY 0 OPTYPE seteq PRAGMA {} RTLNAME icmp_ln51_fu_504_p2 SOURCE ./arith3.h:51 VARIABLE icmp_ln51 LOOP Renorm BUNDLEDNAME {} DSP 0 BRAM 0 URAM 0 STORAGESUBTYPE {} DISPNAME {bind_op seteq} VISIBLE false} {BINDTYPE op ID {} IMPL fabric LATENCY 0 OPTYPE add PRAGMA {} RTLNAME grp_fu_324_p2 SOURCE ./arith3.h:33 VARIABLE add_ln33_1 LOOP Renorm BUNDLEDNAME {} DSP 0 BRAM 0 URAM 0 STORAGESUBTYPE {} DISPNAME {bind_op add} VISIBLE true} {BINDTYPE op ID {} IMPL auto LATENCY 0 OPTYPE seteq PRAGMA {} RTLNAME grp_fu_330_p2 SOURCE ./arith3.h:34 VARIABLE icmp_ln34_2 LOOP Renorm BUNDLEDNAME {} DSP 0 BRAM 0 URAM 0 STORAGESUBTYPE {} DISPNAME {bind_op seteq} VISIBLE false} {BINDTYPE op ID {} IMPL fabric LATENCY 0 OPTYPE add PRAGMA {} RTLNAME grp_fu_336_p2 SOURCE ./arith3.h:34 VARIABLE add_ln34_1 LOOP Renorm BUNDLEDNAME {} DSP 0 BRAM 0 URAM 0 STORAGESUBTYPE {} DISPNAME {bind_op add} VISIBLE true} {BINDTYPE op ID {} IMPL auto LATENCY 0 OPTYPE setne PRAGMA {} RTLNAME icmp_ln55_fu_553_p2 SOURCE ./arith3.h:55 VARIABLE icmp_ln55 LOOP Renorm BUNDLEDNAME {} DSP 0 BRAM 0 URAM 0 STORAGESUBTYPE {} DISPNAME {bind_op setne} VISIBLE false} {BINDTYPE op ID {} IMPL auto LATENCY 0 OPTYPE setlt PRAGMA {} RTLNAME icmp_ln55_1_fu_559_p2 SOURCE ./arith3.h:55 VARIABLE icmp_ln55_1 LOOP Renorm BUNDLEDNAME {} DSP 0 BRAM 0 URAM 0 STORAGESUBTYPE {} DISPNAME {bind_op setlt} VISIBLE false} {BINDTYPE op ID {} IMPL auto LATENCY 0 OPTYPE and PRAGMA {} RTLNAME and_ln55_fu_565_p2 SOURCE ./arith3.h:55 VARIABLE and_ln55 LOOP Renorm BUNDLEDNAME {} DSP 0 BRAM 0 URAM 0 STORAGESUBTYPE {} DISPNAME {bind_op and} VISIBLE false} {BINDTYPE op ID {} IMPL fabric LATENCY 0 OPTYPE add PRAGMA {} RTLNAME add_ln56_fu_571_p2 SOURCE ./arith3.h:56 VARIABLE add_ln56 LOOP Renorm BUNDLEDNAME {} DSP 0 BRAM 0 URAM 0 STORAGESUBTYPE {} DISPNAME {bind_op add} VISIBLE true} {BINDTYPE op ID {} IMPL auto LATENCY 0 OPTYPE xor PRAGMA {} RTLNAME xor_ln56_2_fu_585_p2 SOURCE ./arith3.h:56 VARIABLE xor_ln56_2 LOOP Renorm BUNDLEDNAME {} DSP 0 BRAM 0 URAM 0 STORAGESUBTYPE {} DISPNAME {bind_op xor} VISIBLE false} {BINDTYPE op ID {} IMPL auto LATENCY 0 OPTYPE xor PRAGMA {} RTLNAME xor_ln56_fu_611_p2 SOURCE ./arith3.h:56 VARIABLE xor_ln56 LOOP Renorm BUNDLEDNAME {} DSP 0 BRAM 0 URAM 0 STORAGESUBTYPE {} DISPNAME {bind_op xor} VISIBLE false} {BINDTYPE op ID {} IMPL fabric LATENCY 0 OPTYPE add PRAGMA {} RTLNAME grp_fu_324_p2 SOURCE ./arith3.h:33 VARIABLE add_ln33 LOOP Renorm BUNDLEDNAME {} DSP 0 BRAM 0 URAM 0 STORAGESUBTYPE {} DISPNAME {bind_op add} VISIBLE true} {BINDTYPE op ID {} IMPL auto LATENCY 0 OPTYPE seteq PRAGMA {} RTLNAME grp_fu_330_p2 SOURCE ./arith3.h:34 VARIABLE icmp_ln34 LOOP Renorm BUNDLEDNAME {} DSP 0 BRAM 0 URAM 0 STORAGESUBTYPE {} DISPNAME {bind_op seteq} VISIBLE false} {BINDTYPE op ID {} IMPL fabric LATENCY 0 OPTYPE add PRAGMA {} RTLNAME grp_fu_336_p2 SOURCE ./arith3.h:34 VARIABLE add_ln34 LOOP Renorm BUNDLEDNAME {} DSP 0 BRAM 0 URAM 0 STORAGESUBTYPE {} DISPNAME {bind_op add} VISIBLE true} {BINDTYPE op ID {} IMPL fabric LATENCY 0 OPTYPE sub PRAGMA {} RTLNAME sub_ln63_fu_677_p2 SOURCE ./arith3.h:63 VARIABLE sub_ln63 LOOP {} BUNDLEDNAME {} DSP 0 BRAM 0 URAM 0 STORAGESUBTYPE {} DISPNAME {bind_op sub} VISIBLE true} {BINDTYPE op ID {} IMPL fabric LATENCY 0 OPTYPE sub PRAGMA {} RTLNAME sub_ln62_fu_682_p2 SOURCE ./arith3.h:62 VARIABLE sub_ln62 LOOP {} BUNDLEDNAME {} DSP 0 BRAM 0 URAM 0 STORAGESUBTYPE {} DISPNAME {bind_op sub} VISIBLE true} {BINDTYPE op ID {} IMPL fabric LATENCY 0 OPTYPE add PRAGMA {} RTLNAME add_ln62_fu_701_p2 SOURCE ./arith3.h:62 VARIABLE add_ln62 LOOP {} BUNDLEDNAME {} DSP 0 BRAM 0 URAM 0 STORAGESUBTYPE {} DISPNAME {bind_op add} VISIBLE true} {BINDTYPE op ID {} IMPL auto_sel LATENCY 0 OPTYPE select PRAGMA {} RTLNAME select_ln62_fu_706_p3 SOURCE ./arith3.h:62 VARIABLE select_ln62 LOOP {} BUNDLEDNAME {} DSP 0 BRAM 0 URAM 0 STORAGESUBTYPE {} DISPNAME {bind_op select} VISIBLE false}} AREA {DSP 3 BRAM 0 URAM 0}} encode_chunk_Pipeline_VITIS_LOOP_33_5 {BINDINFO {{BINDTYPE op ID {} IMPL auto LATENCY 0 OPTYPE seteq PRAGMA {} RTLNAME icmp_ln33_fu_143_p2 SOURCE arith5.cpp:33 VARIABLE icmp_ln33 LOOP VITIS_LOOP_33_5 BUNDLEDNAME {} DSP 0 BRAM 0 URAM 0 STORAGESUBTYPE {} DISPNAME {bind_op seteq} VISIBLE false} {BINDTYPE op ID {} IMPL fabric LATENCY 0 OPTYPE add PRAGMA {} RTLNAME nb_fu_173_p2 SOURCE ./arith3.h:33 VARIABLE nb LOOP VITIS_LOOP_33_5 BUNDLEDNAME {} DSP 0 BRAM 0 URAM 0 STORAGESUBTYPE {} DISPNAME {bind_op add} VISIBLE true} {BINDTYPE op ID {} IMPL auto LATENCY 0 OPTYPE seteq PRAGMA {} RTLNAME icmp_ln34_fu_179_p2 SOURCE ./arith3.h:34 VARIABLE icmp_ln34 LOOP VITIS_LOOP_33_5 BUNDLEDNAME {} DSP 0 BRAM 0 URAM 0 STORAGESUBTYPE {} DISPNAME {bind_op seteq} VISIBLE false} {BINDTYPE op ID {} IMPL fabric LATENCY 0 OPTYPE add PRAGMA {} RTLNAME oi_fu_198_p2 SOURCE ./arith3.h:34 VARIABLE oi LOOP VITIS_LOOP_33_5 BUNDLEDNAME {} DSP 0 BRAM 0 URAM 0 STORAGESUBTYPE {} DISPNAME {bind_op add} VISIBLE true} {BINDTYPE op ID {} IMPL fabric LATENCY 0 OPTYPE add PRAGMA {} RTLNAME pending_fu_149_p2 SOURCE arith5.cpp:33 VARIABLE pending LOOP VITIS_LOOP_33_5 BUNDLEDNAME {} DSP 0 BRAM 0 URAM 0 STORAGESUBTYPE {} DISPNAME {bind_op add} VISIBLE true}} AREA {DSP 0 BRAM 0 URAM 0}} encode_chunk_Pipeline_VITIS_LOOP_32_4 {BINDINFO {{BINDTYPE op ID {} IMPL auto LATENCY 0 OPTYPE seteq PRAGMA {} RTLNAME icmp_ln32_fu_145_p2 SOURCE arith5.cpp:32 VARIABLE icmp_ln32 LOOP VITIS_LOOP_32_4 BUNDLEDNAME {} DSP 0 BRAM 0 URAM 0 STORAGESUBTYPE {} DISPNAME {bind_op seteq} VISIBLE false} {BINDTYPE op ID {} IMPL fabric LATENCY 0 OPTYPE add PRAGMA {} RTLNAME nb_fu_181_p2 SOURCE ./arith3.h:33 VARIABLE nb LOOP VITIS_LOOP_32_4 BUNDLEDNAME {} DSP 0 BRAM 0 URAM 0 STORAGESUBTYPE {} DISPNAME {bind_op add} VISIBLE true} {BINDTYPE op ID {} IMPL auto LATENCY 0 OPTYPE seteq PRAGMA {} RTLNAME icmp_ln34_fu_187_p2 SOURCE ./arith3.h:34 VARIABLE icmp_ln34 LOOP VITIS_LOOP_32_4 BUNDLEDNAME {} DSP 0 BRAM 0 URAM 0 STORAGESUBTYPE {} DISPNAME {bind_op seteq} VISIBLE false} {BINDTYPE op ID {} IMPL fabric LATENCY 0 OPTYPE add PRAGMA {} RTLNAME oi_fu_206_p2 SOURCE ./arith3.h:34 VARIABLE oi LOOP VITIS_LOOP_32_4 BUNDLEDNAME {} DSP 0 BRAM 0 URAM 0 STORAGESUBTYPE {} DISPNAME {bind_op add} VISIBLE true} {BINDTYPE op ID {} IMPL fabric LATENCY 0 OPTYPE add PRAGMA {} RTLNAME pending_fu_151_p2 SOURCE arith5.cpp:32 VARIABLE pending LOOP VITIS_LOOP_32_4 BUNDLEDNAME {} DSP 0 BRAM 0 URAM 0 STORAGESUBTYPE {} DISPNAME {bind_op add} VISIBLE true}} AREA {DSP 0 BRAM 0 URAM 0}} encode_chunk {BINDINFO {{BINDTYPE storage ID {} IMPL auto LATENCY 1 OPTYPE ram_1p PRAGMA {} RTLNAME tree_U SOURCE arith5.cpp:16 VARIABLE tree LOOP {} BUNDLEDNAME {} DSP 0 BRAM 1 URAM 0 STORAGESUBTYPE {} STORAGESIZE {32 256 1} STORAGEUSAGE {ram_1p array} DISPNAME {bind_storage ram_1p} VISIBLE true} {BINDTYPE op ID {} IMPL auto LATENCY 0 OPTYPE setlt PRAGMA {} RTLNAME icmp_ln21_fu_528_p2 SOURCE arith5.cpp:21 VARIABLE icmp_ln21 LOOP VITIS_LOOP_21_2 BUNDLEDNAME {} DSP 0 BRAM 0 URAM 0 STORAGESUBTYPE {} DISPNAME {bind_op setlt} VISIBLE false} {BINDTYPE op ID {} IMPL fabric LATENCY 0 OPTYPE add PRAGMA {} RTLNAME add_ln21_fu_533_p2 SOURCE arith5.cpp:21 VARIABLE add_ln21 LOOP VITIS_LOOP_21_2 BUNDLEDNAME {} DSP 0 BRAM 0 URAM 0 STORAGESUBTYPE {} DISPNAME {bind_op add} VISIBLE true} {BINDTYPE op ID {} IMPL auto_pipe LATENCY 0 OPTYPE lshr PRAGMA {} RTLNAME lshr_ln25_fu_604_p2 SOURCE arith5.cpp:25 VARIABLE lshr_ln25 LOOP VITIS_LOOP_24_3 BUNDLEDNAME {} DSP 0 BRAM 0 URAM 0 STORAGESUBTYPE {} DISPNAME {bind_op lshr} VISIBLE false} {BINDTYPE op ID {} IMPL fabric LATENCY 0 OPTYPE add PRAGMA {} RTLNAME j_1_fu_630_p2 SOURCE arith5.cpp:24 VARIABLE j_1 LOOP VITIS_LOOP_24_3 BUNDLEDNAME {} DSP 0 BRAM 0 URAM 0 STORAGESUBTYPE {} DISPNAME {bind_op add} VISIBLE true} {BINDTYPE op ID {} IMPL fabric LATENCY 0 OPTYPE add PRAGMA {} RTLNAME pending_2_fu_714_p2 SOURCE arith5.cpp:31 VARIABLE pending_2 LOOP {} BUNDLEDNAME {} DSP 0 BRAM 0 URAM 0 STORAGESUBTYPE {} DISPNAME {bind_op add} VISIBLE true} {BINDTYPE op ID {} IMPL auto LATENCY 0 OPTYPE seteq PRAGMA {} RTLNAME icmp_ln32_fu_730_p2 SOURCE arith5.cpp:32 VARIABLE icmp_ln32 LOOP {} BUNDLEDNAME {} DSP 0 BRAM 0 URAM 0 STORAGESUBTYPE {} DISPNAME {bind_op seteq} VISIBLE false} {BINDTYPE op ID {} IMPL fabric LATENCY 0 OPTYPE add PRAGMA {} RTLNAME nb_fu_740_p2 SOURCE ./arith3.h:33 VARIABLE nb LOOP {} BUNDLEDNAME {} DSP 0 BRAM 0 URAM 0 STORAGESUBTYPE {} DISPNAME {bind_op add} VISIBLE true} {BINDTYPE op ID {} IMPL auto LATENCY 0 OPTYPE seteq PRAGMA {} RTLNAME icmp_ln34_fu_753_p2 SOURCE ./arith3.h:34 VARIABLE icmp_ln34 LOOP {} BUNDLEDNAME {} DSP 0 BRAM 0 URAM 0 STORAGESUBTYPE {} DISPNAME {bind_op seteq} VISIBLE false} {BINDTYPE op ID {} IMPL fabric LATENCY 0 OPTYPE add PRAGMA {} RTLNAME grp_fu_433_p2 SOURCE ./arith3.h:34 VARIABLE oi_4 LOOP {} BUNDLEDNAME {} DSP 0 BRAM 0 URAM 0 STORAGESUBTYPE {} DISPNAME {bind_op add} VISIBLE true} {BINDTYPE op ID {} IMPL fabric LATENCY 0 OPTYPE add PRAGMA {} RTLNAME grp_fu_433_p2 SOURCE ./arith3.h:34 VARIABLE oi_3 LOOP {} BUNDLEDNAME {} DSP 0 BRAM 0 URAM 0 STORAGESUBTYPE {} DISPNAME {bind_op add} VISIBLE true} {BINDTYPE op ID {} IMPL auto LATENCY 0 OPTYPE setgt PRAGMA {} RTLNAME icmp_ln34_1_fu_793_p2 SOURCE arith5.cpp:34 VARIABLE icmp_ln34_1 LOOP {} BUNDLEDNAME {} DSP 0 BRAM 0 URAM 0 STORAGESUBTYPE {} DISPNAME {bind_op setgt} VISIBLE false} {BINDTYPE op ID {} IMPL fabric LATENCY 0 OPTYPE sub PRAGMA {} RTLNAME sub_ln34_fu_799_p2 SOURCE arith5.cpp:34 VARIABLE sub_ln34 LOOP {} BUNDLEDNAME {} DSP 0 BRAM 0 URAM 0 STORAGESUBTYPE {} DISPNAME {bind_op sub} VISIBLE true} {BINDTYPE op ID {} IMPL auto_pipe LATENCY 0 OPTYPE shl PRAGMA {} RTLNAME shl_ln34_fu_809_p2 SOURCE arith5.cpp:34 VARIABLE shl_ln34 LOOP {} BUNDLEDNAME {} DSP 0 BRAM 0 URAM 0 STORAGESUBTYPE {} DISPNAME {bind_op shl} VISIBLE false} {BINDTYPE op ID {} IMPL fabric LATENCY 0 OPTYPE add PRAGMA {} RTLNAME oi_5_fu_816_p2 SOURCE arith5.cpp:34 VARIABLE oi_5 LOOP {} BUNDLEDNAME {} DSP 0 BRAM 0 URAM 0 STORAGESUBTYPE {} DISPNAME {bind_op add} VISIBLE true}} AREA {DSP 6 BRAM 1 URAM 0}} arith_encode_Pipeline_Header {BINDINFO {{BINDTYPE op ID {} IMPL auto LATENCY 0 OPTYPE seteq PRAGMA {} RTLNAME icmp_ln83_fu_152_p2 SOURCE arith5.cpp:83 VARIABLE icmp_ln83 LOOP Header BUNDLEDNAME {} DSP 0 BRAM 0 URAM 0 STORAGESUBTYPE {} DISPNAME {bind_op seteq} VISIBLE false} {BINDTYPE op ID {} IMPL fabric LATENCY 0 OPTYPE add PRAGMA {} RTLNAME add_ln83_fu_158_p2 SOURCE arith5.cpp:83 VARIABLE add_ln83 LOOP Header BUNDLEDNAME {} DSP 0 BRAM 0 URAM 0 STORAGESUBTYPE {} DISPNAME {bind_op add} VISIBLE true} {BINDTYPE op ID {} IMPL compactencoding_dontcare LATENCY 0 OPTYPE sparsemux PRAGMA {} RTLNAME sparsemux_17_3_16_1_1_U89 SOURCE arith5.cpp:84 VARIABLE tmp LOOP Header BUNDLEDNAME {} DSP 0 BRAM 0 URAM 0 STORAGESUBTYPE {} DISPNAME {bind_op sparsemux} VISIBLE false}} AREA {DSP 0 BRAM 0 URAM 0}} arith_encode_Pipeline_VITIS_LOOP_89_2 {BINDINFO {{BINDTYPE op ID {} IMPL auto LATENCY 0 OPTYPE setlt PRAGMA {} RTLNAME icmp_ln89_fu_271_p2 SOURCE arith5.cpp:89 VARIABLE icmp_ln89 LOOP VITIS_LOOP_89_2 BUNDLEDNAME {} DSP 0 BRAM 0 URAM 0 STORAGESUBTYPE {} DISPNAME {bind_op setlt} VISIBLE false} {BINDTYPE op ID {} IMPL fabric LATENCY 0 OPTYPE add PRAGMA {} RTLNAME add_ln89_2_fu_277_p2 SOURCE arith5.cpp:89 VARIABLE add_ln89_2 LOOP VITIS_LOOP_89_2 BUNDLEDNAME {} DSP 0 BRAM 0 URAM 0 STORAGESUBTYPE {} DISPNAME {bind_op add} VISIBLE true} {BINDTYPE op ID {} IMPL compactencoding_dontcare LATENCY 0 OPTYPE sparsemux PRAGMA {} RTLNAME sparsemux_17_3_8_1_1_U100 SOURCE arith5.cpp:89 VARIABLE tmp_s LOOP VITIS_LOOP_89_2 BUNDLEDNAME {} DSP 0 BRAM 0 URAM 0 STORAGESUBTYPE {} DISPNAME {bind_op sparsemux} VISIBLE false} {BINDTYPE op ID {} IMPL fabric LATENCY 0 OPTYPE add PRAGMA {} RTLNAME add_ln89_fu_299_p2 SOURCE arith5.cpp:89 VARIABLE add_ln89 LOOP VITIS_LOOP_89_2 BUNDLEDNAME {} DSP 0 BRAM 0 URAM 0 STORAGESUBTYPE {} DISPNAME {bind_op add} VISIBLE true} {BINDTYPE op ID {} IMPL fabric LATENCY 0 OPTYPE add PRAGMA {} RTLNAME add_ln89_1_fu_309_p2 SOURCE arith5.cpp:89 VARIABLE add_ln89_1 LOOP VITIS_LOOP_89_2 BUNDLEDNAME {} DSP 0 BRAM 0 URAM 0 STORAGESUBTYPE {} DISPNAME {bind_op add} VISIBLE true} {BINDTYPE op ID {} IMPL auto_pipe LATENCY 0 OPTYPE shl PRAGMA {} RTLNAME shl_ln89_fu_380_p2 SOURCE arith5.cpp:89 VARIABLE shl_ln89 LOOP VITIS_LOOP_89_2 BUNDLEDNAME {} DSP 0 BRAM 0 URAM 0 STORAGESUBTYPE {} DISPNAME {bind_op shl} VISIBLE false} {BINDTYPE op ID {} IMPL auto_pipe LATENCY 0 OPTYPE shl PRAGMA {} RTLNAME shl_ln89_2_fu_397_p2 SOURCE arith5.cpp:89 VARIABLE shl_ln89_2 LOOP VITIS_LOOP_89_2 BUNDLEDNAME {} DSP 0 BRAM 0 URAM 0 STORAGESUBTYPE {} DISPNAME {bind_op shl} VISIBLE false}} AREA {DSP 0 BRAM 0 URAM 0}} arith_encode {BINDINFO {{BINDTYPE op ID {} IMPL fabric LATENCY 0 OPTYPE add PRAGMA {} RTLNAME add_ln61_fu_404_p2 SOURCE arith5.cpp:61 VARIABLE add_ln61 LOOP {} BUNDLEDNAME {} DSP 0 BRAM 0 URAM 0 STORAGESUBTYPE {} DISPNAME {bind_op add} VISIBLE true} {BINDTYPE op ID {} IMPL fabric LATENCY 0 OPTYPE sub PRAGMA {} RTLNAME sub_ln61_fu_418_p2 SOURCE arith5.cpp:61 VARIABLE sub_ln61 LOOP {} BUNDLEDNAME {} DSP 0 BRAM 0 URAM 0 STORAGESUBTYPE {} DISPNAME {bind_op sub} VISIBLE true} {BINDTYPE op ID {} IMPL fabric LATENCY 0 OPTYPE sub PRAGMA {} RTLNAME sub_ln61_1_fu_438_p2 SOURCE arith5.cpp:61 VARIABLE sub_ln61_1 LOOP {} BUNDLEDNAME {} DSP 0 BRAM 0 URAM 0 STORAGESUBTYPE {} DISPNAME {bind_op sub} VISIBLE true} {BINDTYPE op ID {} IMPL auto_sel LATENCY 0 OPTYPE select PRAGMA {} RTLNAME chunk_fu_458_p3 SOURCE arith5.cpp:61 VARIABLE chunk LOOP {} BUNDLEDNAME {} DSP 0 BRAM 0 URAM 0 STORAGESUBTYPE {} DISPNAME {bind_op select} VISIBLE false} {BINDTYPE op ID {} IMPL auto LATENCY 0 OPTYPE seteq PRAGMA {} RTLNAME icmp_ln63_fu_490_p2 SOURCE arith5.cpp:63 VARIABLE icmp_ln63 LOOP Split BUNDLEDNAME {} DSP 0 BRAM 0 URAM 0 STORAGESUBTYPE {} DISPNAME {bind_op seteq} VISIBLE false} {BINDTYPE op ID {} IMPL fabric LATENCY 0 OPTYPE add PRAGMA {} RTLNAME add_ln63_1_fu_496_p2 SOURCE arith5.cpp:63 VARIABLE add_ln63_1 LOOP Split BUNDLEDNAME {} DSP 0 BRAM 0 URAM 0 STORAGESUBTYPE {} DISPNAME {bind_op add} VISIBLE true} {BINDTYPE op ID {} IMPL auto LATENCY 0 OPTYPE mul PRAGMA {} RTLNAME mul_4ns_30s_33_1_1_U115 SOURCE arith5.cpp:63 VARIABLE mul_ln63 LOOP Split BUNDLEDNAME {} DSP 0 BRAM 0 URAM 0 STORAGESUBTYPE {} DISPNAME {bind_op mul} VISIBLE true} {BINDTYPE op ID {} IMPL fabric LATENCY 0 OPTYPE add PRAGMA {} RTLNAME add_ln63_fu_611_p2 SOURCE arith5.cpp:63 VARIABLE add_ln63 LOOP Split BUNDLEDNAME {} DSP 0 BRAM 0 URAM 0 STORAGESUBTYPE {} DISPNAME {bind_op add} VISIBLE true} {BINDTYPE op ID {} IMPL fabric LATENCY 0 OPTYPE sub PRAGMA {} RTLNAME sub_ln65_fu_616_p2 SOURCE arith5.cpp:65 VARIABLE sub_ln65 LOOP Split BUNDLEDNAME {} DSP 0 BRAM 0 URAM 0 STORAGESUBTYPE {} DISPNAME {bind_op sub} VISIBLE true} {BINDTYPE op ID {} IMPL auto LATENCY 0 OPTYPE setgt PRAGMA {} RTLNAME icmp_ln65_fu_621_p2 SOURCE arith5.cpp:65 VARIABLE icmp_ln65 LOOP Split BUNDLEDNAME {} DSP 0 BRAM 0 URAM 0 STORAGESUBTYPE {} DISPNAME {bind_op setgt} VISIBLE false} {BINDTYPE op ID {} IMPL auto_sel LATENCY 0 OPTYPE select PRAGMA {} RTLNAME len_8_fu_630_p3 SOURCE arith5.cpp:65 VARIABLE len_8 LOOP Split BUNDLEDNAME {} DSP 0 BRAM 0 URAM 0 STORAGESUBTYPE {} DISPNAME {bind_op select} VISIBLE false} {BINDTYPE op ID {} IMPL auto_sel LATENCY 0 OPTYPE select PRAGMA {} RTLNAME len_9_fu_649_p3 SOURCE arith5.cpp:65 VARIABLE len_9 LOOP Split BUNDLEDNAME {} DSP 0 BRAM 0 URAM 0 STORAGESUBTYPE {} DISPNAME {bind_op select} VISIBLE false} {BINDTYPE op ID {} IMPL auto LATENCY 0 OPTYPE setgt PRAGMA {} RTLNAME empty_59_fu_657_p2 SOURCE arith5.cpp:65 VARIABLE empty_59 LOOP Split BUNDLEDNAME {} DSP 0 BRAM 0 URAM 0 STORAGESUBTYPE {} DISPNAME {bind_op setgt} VISIBLE false} {BINDTYPE op ID {} IMPL auto_sel LATENCY 0 OPTYPE select PRAGMA {} RTLNAME smax_fu_673_p3 SOURCE arith5.cpp:65 VARIABLE smax LOOP Split BUNDLEDNAME {} DSP 0 BRAM 0 URAM 0 STORAGESUBTYPE {} DISPNAME {bind_op select} VISIBLE false} {BINDTYPE op ID {} IMPL auto LATENCY 0 OPTYPE xor PRAGMA {} RTLNAME clen_8_fu_682_p2 SOURCE arith5.cpp:67 VARIABLE clen_8 LOOP Split BUNDLEDNAME {} DSP 0 BRAM 0 URAM 0 STORAGESUBTYPE {} DISPNAME {bind_op xor} VISIBLE false} {BINDTYPE op ID {} IMPL auto LATENCY 0 OPTYPE xor PRAGMA {} RTLNAME len_fu_539_p2 SOURCE arith5.cpp:76 VARIABLE len LOOP {} BUNDLEDNAME {} DSP 0 BRAM 0 URAM 0 STORAGESUBTYPE {} DISPNAME {bind_op xor} VISIBLE false} {BINDTYPE op ID {} IMPL auto LATENCY 0 OPTYPE xor PRAGMA {} RTLNAME len_10_fu_546_p2 SOURCE arith5.cpp:76 VARIABLE len_10 LOOP {} BUNDLEDNAME {} DSP 0 BRAM 0 URAM 0 STORAGESUBTYPE {} DISPNAME {bind_op xor} VISIBLE false} {BINDTYPE op ID {} IMPL auto LATENCY 0 OPTYPE xor PRAGMA {} RTLNAME len_11_fu_553_p2 SOURCE arith5.cpp:76 VARIABLE len_11 LOOP {} BUNDLEDNAME {} DSP 0 BRAM 0 URAM 0 STORAGESUBTYPE {} DISPNAME {bind_op xor} VISIBLE false} {BINDTYPE op ID {} IMPL auto LATENCY 0 OPTYPE xor PRAGMA {} RTLNAME len_12_fu_560_p2 SOURCE arith5.cpp:76 VARIABLE len_12 LOOP {} BUNDLEDNAME {} DSP 0 BRAM 0 URAM 0 STORAGESUBTYPE {} DISPNAME {bind_op xor} VISIBLE false} {BINDTYPE op ID {} IMPL auto LATENCY 0 OPTYPE xor PRAGMA {} RTLNAME len_13_fu_567_p2 SOURCE arith5.cpp:76 VARIABLE len_13 LOOP {} BUNDLEDNAME {} DSP 0 BRAM 0 URAM 0 STORAGESUBTYPE {} DISPNAME {bind_op xor} VISIBLE false} {BINDTYPE op ID {} IMPL auto LATENCY 0 OPTYPE xor PRAGMA {} RTLNAME len_14_fu_574_p2 SOURCE arith5.cpp:76 VARIABLE len_14 LOOP {} BUNDLEDNAME {} DSP 0 BRAM 0 URAM 0 STORAGESUBTYPE {} DISPNAME {bind_op xor} VISIBLE false} {BINDTYPE op ID {} IMPL auto LATENCY 0 OPTYPE xor PRAGMA {} RTLNAME len_15_fu_581_p2 SOURCE arith5.cpp:76 VARIABLE len_15 LOOP {} BUNDLEDNAME {} DSP 0 BRAM 0 URAM 0 STORAGESUBTYPE {} DISPNAME {bind_op xor} VISIBLE false} {BINDTYPE op ID {} IMPL auto LATENCY 0 OPTYPE xor PRAGMA {} RTLNAME len_16_fu_588_p2 SOURCE arith5.cpp:76 VARIABLE len_16 LOOP {} BUNDLEDNAME {} DSP 0 BRAM 0 URAM 0 STORAGESUBTYPE {} DISPNAME {bind_op xor} VISIBLE false} {BINDTYPE op ID {} IMPL auto LATENCY 0 OPTYPE seteq PRAGMA {} RTLNAME icmp_ln88_fu_816_p2 SOURCE arith5.cpp:88 VARIABLE icmp_ln88 LOOP Concat BUNDLEDNAME {} DSP 0 BRAM 0 URAM 0 STORAGESUBTYPE {} DISPNAME {bind_op seteq} VISIBLE false} {BINDTYPE op ID {} IMPL fabric LATENCY 0 OPTYPE add PRAGMA {} RTLNAME add_ln88_fu_822_p2 SOURCE arith5.cpp:88 VARIABLE add_ln88 LOOP Concat BUNDLEDNAME {} DSP 0 BRAM 0 URAM 0 STORAGESUBTYPE {} DISPNAME {bind_op add} VISIBLE true} {BINDTYPE op ID {} IMPL compactencoding_dontcare LATENCY 0 OPTYPE sparsemux PRAGMA {} RTLNAME sparsemux_17_3_32_1_1_U116 SOURCE arith5.cpp:89 VARIABLE tmp_9 LOOP Concat BUNDLEDNAME {} DSP 0 BRAM 0 URAM 0 STORAGESUBTYPE {} DISPNAME {bind_op sparsemux} VISIBLE false} {BINDTYPE op ID {} IMPL auto LATENCY 0 OPTYPE setgt PRAGMA {} RTLNAME icmp_ln89_fu_866_p2 SOURCE arith5.cpp:89 VARIABLE icmp_ln89 LOOP Concat BUNDLEDNAME {} DSP 0 BRAM 0 URAM 0 STORAGESUBTYPE {} DISPNAME {bind_op setgt} VISIBLE false} {BINDTYPE op ID {} IMPL fabric LATENCY 0 OPTYPE add PRAGMA {} RTLNAME oi_6_fu_872_p2 SOURCE arith5.cpp:89 VARIABLE oi_6 LOOP Concat BUNDLEDNAME {} DSP 0 BRAM 0 URAM 0 STORAGESUBTYPE {} DISPNAME {bind_op add} VISIBLE true} {BINDTYPE op ID {} IMPL auto_sel LATENCY 0 OPTYPE select PRAGMA {} RTLNAME select_ln88_fu_878_p3 SOURCE arith5.cpp:88 VARIABLE select_ln88 LOOP Concat BUNDLEDNAME {} DSP 0 BRAM 0 URAM 0 STORAGESUBTYPE {} DISPNAME {bind_op select} VISIBLE false} {BINDTYPE storage ID {} IMPL auto LATENCY 1 OPTYPE ram_1p PRAGMA {} RTLNAME arith_encode_unsigned_char_const_int_unsigned_char_buf_U SOURCE {} VARIABLE arith_encode_unsigned_char_const_int_unsigned_char_buf LOOP {} BUNDLEDNAME {} DSP 0 BRAM 1 URAM 0 STORAGESUBTYPE {} STORAGESIZE {8 576 1} STORAGEUSAGE ram_1p DISPNAME {bind_storage ram_1p} VISIBLE true} {BINDTYPE storage ID {} IMPL auto LATENCY 1 OPTYPE ram_1p PRAGMA {} RTLNAME arith_encode_unsigned_char_const_int_unsigned_char_buf_2_U SOURCE {} VARIABLE arith_encode_unsigned_char_const_int_unsigned_char_buf_2 LOOP {} BUNDLEDNAME {} DSP 0 BRAM 1 URAM 0 STORAGESUBTYPE {} STORAGESIZE {8 576 1} STORAGEUSAGE ram_1p DISPNAME {bind_storage ram_1p} VISIBLE true} {BINDTYPE storage ID {} IMPL auto LATENCY 1 OPTYPE ram_1p PRAGMA {} RTLNAME arith_encode_unsigned_char_const_int_unsigned_char_buf_3_U SOURCE {} VARIABLE arith_encode_unsigned_char_const_int_unsigned_char_buf_3 LOOP {} BUNDLEDNAME {} DSP 0 BRAM 1 URAM 0 STORAGESUBTYPE {} STORAGESIZE {8 576 1} STORAGEUSAGE ram_1p DISPNAME {bind_storage ram_1p} VISIBLE true} {BINDTYPE storage ID {} IMPL auto LATENCY 1 OPTYPE ram_1p PRAGMA {} RTLNAME arith_encode_unsigned_char_const_int_unsigned_char_buf_4_U SOURCE {} VARIABLE arith_encode_unsigned_char_const_int_unsigned_char_buf_4 LOOP {} BUNDLEDNAME {} DSP 0 BRAM 1 URAM 0 STORAGESUBTYPE {} STORAGESIZE {8 576 1} STORAGEUSAGE ram_1p DISPNAME {bind_storage ram_1p} VISIBLE true} {BINDTYPE storage ID {} IMPL auto LATENCY 1 OPTYPE ram_1p PRAGMA {} RTLNAME arith_encode_unsigned_char_const_int_unsigned_char_buf_5_U SOURCE {} VARIABLE arith_encode_unsigned_char_const_int_unsigned_char_buf_5 LOOP {} BUNDLEDNAME {} DSP 0 BRAM 1 URAM 0 STORAGESUBTYPE {} STORAGESIZE {8 576 1} STORAGEUSAGE ram_1p DISPNAME {bind_storage ram_1p} VISIBLE true} {BINDTYPE storage ID {} IMPL auto LATENCY 1 OPTYPE ram_1p PRAGMA {} RTLNAME arith_encode_unsigned_char_const_int_unsigned_char_buf_6_U SOURCE {} VARIABLE arith_encode_unsigned_char_const_int_unsigned_char_buf_6 LOOP {} BUNDLEDNAME {} DSP 0 BRAM 1 URAM 0 STORAGESUBTYPE {} STORAGESIZE {8 576 1} STORAGEUSAGE ram_1p DISPNAME {bind_storage ram_1p} VISIBLE true} {BINDTYPE storage ID {} IMPL auto LATENCY 1 OPTYPE ram_1p PRAGMA {} RTLNAME arith_encode_unsigned_char_const_int_unsigned_char_buf_7_U SOURCE {} VARIABLE arith_encode_unsigned_char_const_int_unsigned_char_buf_7 LOOP {} BUNDLEDNAME {} DSP 0 BRAM 1 URAM 0 STORAGESUBTYPE {} STORAGESIZE {8 576 1} STORAGEUSAGE ram_1p DISPNAME {bind_storage ram_1p} VISIBLE true} {BINDTYPE storage ID {} IMPL auto LATENCY 1 OPTYPE ram_1p PRAGMA {} RTLNAME arith_encode_unsigned_char_const_int_unsigned_char_buf_8_U SOURCE {} VARIABLE arith_encode_unsigned_char_const_int_unsigned_char_buf_8 LOOP {} BUNDLEDNAME {} DSP 0 BRAM 1 URAM 0 STORAGESUBTYPE {} STORAGESIZE {8 576 1} STORAGEUSAGE ram_1p DISPNAME {bind_storage ram_1p} VISIBLE true} {BINDTYPE storage ID {} IMPL auto LATENCY 1 OPTYPE ram_1p PRAGMA {} RTLNAME arith_encode_unsigned_char_const_int_unsigned_char_cout_U SOURCE {} VARIABLE arith_encode_unsigned_char_const_int_unsigned_char_cout LOOP {} BUNDLEDNAME {} DSP 0 BRAM 1 URAM 0 STORAGESUBTYPE {} STORAGESIZE {8 576 1} STORAGEUSAGE ram_1p DISPNAME {bind_storage ram_1p} VISIBLE true} {BINDTYPE storage ID {} IMPL auto LATENCY 1 OPTYPE ram_1p PRAGMA {} RTLNAME arith_encode_unsigned_char_const_int_unsigned_char_cout_9_U SOURCE {} VARIABLE arith_encode_unsigned_char_const_int_unsigned_char_cout_9 LOOP {} BUNDLEDNAME {} DSP 0 BRAM 1 URAM 0 STORAGESUBTYPE {} STORAGESIZE {8 576 1} STORAGEUSAGE ram_1p DISPNAME {bind_storage ram_1p} VISIBLE true} {BINDTYPE storage ID {} IMPL auto LATENCY 1 OPTYPE ram_1p PRAGMA {} RTLNAME arith_encode_unsigned_char_const_int_unsigned_char_cout_10_U SOURCE {} VARIABLE arith_encode_unsigned_char_const_int_unsigned_char_cout_10 LOOP {} BUNDLEDNAME {} DSP 0 BRAM 1 URAM 0 STORAGESUBTYPE {} STORAGESIZE {8 576 1} STORAGEUSAGE ram_1p DISPNAME {bind_storage ram_1p} VISIBLE true} {BINDTYPE storage ID {} IMPL auto LATENCY 1 OPTYPE ram_1p PRAGMA {} RTLNAME arith_encode_unsigned_char_const_int_unsigned_char_cout_11_U SOURCE {} VARIABLE arith_encode_unsigned_char_const_int_unsigned_char_cout_11 LOOP {} BUNDLEDNAME {} DSP 0 BRAM 1 URAM 0 STORAGESUBTYPE {} STORAGESIZE {8 576 1} STORAGEUSAGE ram_1p DISPNAME {bind_storage ram_1p} VISIBLE true} {BINDTYPE storage ID {} IMPL auto LATENCY 1 OPTYPE ram_1p PRAGMA {} RTLNAME arith_encode_unsigned_char_const_int_unsigned_char_cout_12_U SOURCE {} VARIABLE arith_encode_unsigned_char_const_int_unsigned_char_cout_12 LOOP {} BUNDLEDNAME {} DSP 0 BRAM 1 URAM 0 STORAGESUBTYPE {} STORAGESIZE {8 576 1} STORAGEUSAGE ram_1p DISPNAME {bind_storage ram_1p} VISIBLE true} {BINDTYPE storage ID {} IMPL auto LATENCY 1 OPTYPE ram_1p PRAGMA {} RTLNAME arith_encode_unsigned_char_const_int_unsigned_char_cout_13_U SOURCE {} VARIABLE arith_encode_unsigned_char_const_int_unsigned_char_cout_13 LOOP {} BUNDLEDNAME {} DSP 0 BRAM 1 URAM 0 STORAGESUBTYPE {} STORAGESIZE {8 576 1} STORAGEUSAGE ram_1p DISPNAME {bind_storage ram_1p} VISIBLE true} {BINDTYPE storage ID {} IMPL auto LATENCY 1 OPTYPE ram_1p PRAGMA {} RTLNAME arith_encode_unsigned_char_const_int_unsigned_char_cout_14_U SOURCE {} VARIABLE arith_encode_unsigned_char_const_int_unsigned_char_cout_14 LOOP {} BUNDLEDNAME {} DSP 0 BRAM 1 URAM 0 STORAGESUBTYPE {} STORAGESIZE {8 576 1} STORAGEUSAGE ram_1p DISPNAME {bind_storage ram_1p} VISIBLE true} {BINDTYPE storage ID {} IMPL auto LATENCY 1 OPTYPE ram_1p PRAGMA {} RTLNAME arith_encode_unsigned_char_const_int_unsigned_char_cout_15_U SOURCE {} VARIABLE arith_encode_unsigned_char_const_int_unsigned_char_cout_15 LOOP {} BUNDLEDNAME {} DSP 0 BRAM 1 URAM 0 STORAGESUBTYPE {} STORAGESIZE {8 576 1} STORAGEUSAGE ram_1p DISPNAME {bind_storage ram_1p} VISIBLE true}} AREA {DSP 48 BRAM 26 URAM 0}}}}'
INFO-FLOW: DBG:PUTS:      update_csynth_reports json2rpt_hw_sw_interfaces
Execute     send_msg_by_id INFO @200-1603@%s  and missed bursts 
INFO: [HLS 200-1603] Design has inferred MAXI bursts and missed bursts, see Vitis HLS GUI synthesis summary report for detailed information.
INFO-FLOW: Running: gen_csynth_sec_pragma
INFO-FLOW: DBG:PRAGMA: all_user_pragmas_dict locs:
INFO-FLOW:   arith5.cpp:41:0: pragmaType interface pragmaStatus {} isDirective 0 isSlxDirective 0 isCsimDirective 0 msgs {} parentFunction arith_encode pragmaVar in options {m_axi port=in offset=slave bundle=gmem0} loc arith5.cpp:41:0
INFO-FLOW:   arith5.cpp:44:0: pragmaType interface pragmaStatus {} isDirective 0 isSlxDirective 0 isCsimDirective 0 msgs {} parentFunction arith_encode pragmaVar out options {m_axi port=out offset=slave bundle=gmem1} loc arith5.cpp:44:0
INFO-FLOW:   arith5.cpp:50:0: pragmaType array_partition pragmaStatus {} isDirective 0 isSlxDirective 0 isCsimDirective 0 msgs {} parentFunction arith_encode pragmaVar buf options {variable=buf dim=1 complete} loc arith5.cpp:50:0
INFO-FLOW:   arith5.cpp:54:0: pragmaType array_partition pragmaStatus {} isDirective 0 isSlxDirective 0 isCsimDirective 0 msgs {} parentFunction arith_encode pragmaVar cout options {variable=cout dim=1 complete} loc arith5.cpp:54:0
INFO-FLOW:   arith5.cpp:58:0: pragmaType array_partition pragmaStatus {} isDirective 0 isSlxDirective 0 isCsimDirective 0 msgs {} parentFunction arith_encode pragmaVar clen options {variable=clen dim=1 complete} loc arith5.cpp:58:0
INFO-FLOW:   arith5.cpp:74:0: pragmaType unroll pragmaStatus {} isDirective 0 isSlxDirective 0 isCsimDirective 0 msgs {} parentFunction arith_encode pragmaVar {} options {} loc arith5.cpp:74:0
INFO-FLOW: end all_user_pragmas_dict

INFO-FLOW: DBG:PRAGMA: all_user_directives_dict locs:
INFO-FLOW: end all_user_directives_dict

INFO-FLOW: DBG:PRAGMA: all_auto_pragmas_dict locs:
INFO-FLOW:   arith3.h:50:0 : pipeline
INFO-FLOW:   arith3.h:53:0 : pipeline
INFO-FLOW:   arith5.cpp:17:0 : pipeline
INFO-FLOW:   arith5.cpp:33:0 : pipeline
INFO-FLOW:   arith5.cpp:32:0 : pipeline
INFO-FLOW:   arith5.cpp:66:0 : pipeline
INFO-FLOW:   arith5.cpp:83:0 : pipeline
INFO-FLOW:   arith5.cpp:89:0 : pipeline
INFO-FLOW:   arith5.cpp:21:0 : loop_flatten
INFO-FLOW: end all_auto_pragmas_dict

INFO-FLOW: DBG:PRAGMA: Found pragma report data problems (1):
INFO-FLOW: DBG:PRAGMA: (1)   Missing srcPragmaLoc for auto-pragma: pragmaType loop_flatten pragmaStatus {} isDirective 0 isSlxDirective 0 isCsimDirective 0 msgs {} parentFunction encode_chunk pragmaVar {} options off loc arith5.cpp:21:0 pragmaLocId arith5.cpp:21:0 pragmaLocOpt encode_chunk/VITIS_LOOP_21_2 objDict {loopName VITIS_LOOP_21_2 loopLoc arith5.cpp:21:22} objInfo {loop VITIS_LOOP_21_2 (arith5.cpp:21:22)} reason {} metrics {} srcPragmaLoc {} srcInferReason {}
INFO-FLOW: Done: gen_csynth_sec_pragma time: 0 seconds 
Execute     send_msg_by_id INFO @200-2225@%s /home/sadat-kabir/Work/COMP4601/labs/Project/comp4601-project/replication_full/hls/work_k8_report/hls/syn/inferred_directives.ini 
INFO: [HLS 200-2225] Wrote inferred directives to file /home/sadat-kabir/Work/COMP4601/labs/Project/comp4601-project/replication_full/hls/work_k8_report/hls/syn/inferred_directives.ini
INFO-FLOW: DBG:PUTS:      update_csynth_reports wrote xml
INFO-FLOW: DBG:PUTS:      update_csynth_reports appended to csynth rpt file
INFO-FLOW: Done: add_csynth_report_sections time: 0.3 seconds 
INFO: [HLS 200-111] Finished Updating report files: CPU user time: 0.68 seconds. CPU system time: 0.1 seconds. Elapsed time: 0.79 seconds; current allocated memory: 463.539 MB.
INFO: [VHDL 208-304] Generating VHDL RTL for arith_encode.
INFO: [VLOG 209-307] Generating Verilog RTL for arith_encode.
Execute     syn_report -model arith_encode -printsummary 
INFO: [HLS 200-790] **** Loop Constraint Status: All loop constraints were satisfied.
INFO: [HLS 200-789] **** Estimated Fmax: 273.97 MHz
Execute     AP::msg_collection_file -close 
Command   csynth_design done; 11.94 sec.
Execute   close_project 
Execute     close_solution 
Execute       cleanup_all 
Execute       cleanup_all 
