

================================================================
== Vitis HLS Report for 'encode_bit'
================================================================
* Date:           Sat Aug  1 19:34:09 2026

* Version:        2025.2.1 (Build 6397637 on Mar 18 2026)
* Project:        work_k8_report
* Solution:       hls (Vitis Kernel Flow Target)
* Product family: zynquplus
* Target device:  xck26-sfvc784-2LV-c


================================================================
== Performance Estimates
================================================================
+ Timing: 
    * Summary: 
    +--------+---------+----------+------------+
    |  Clock |  Target | Estimated| Uncertainty|
    +--------+---------+----------+------------+
    |ap_clk  |  5.00 ns|  3.420 ns|     1.35 ns|
    +--------+---------+----------+------------+

+ Latency: 
    * Summary: 
    +---------+---------+----------+----------+-----+-----+---------+
    |  Latency (cycles) |  Latency (absolute) |  Interval | Pipeline|
    |   min   |   max   |    min   |    max   | min | max |   Type  |
    +---------+---------+----------+----------+-----+-----+---------+
    |        ?|        ?|         ?|         ?|    ?|    ?|       no|
    +---------+---------+----------+----------+-----+-----+---------+

    + Detail: 
        * Instance: 
        +------------------------------------------------+-------------------------------------+---------+---------+----------+----------+-----+-----+-------------------+
        |                                                |                                     |  Latency (cycles) |  Latency (absolute) |  Interval |      Pipeline     |
        |                    Instance                    |                Module               |   min   |   max   |    min   |    max   | min | max |        Type       |
        +------------------------------------------------+-------------------------------------+---------+---------+----------+----------+-----+-----+-------------------+
        |grp_encode_bit_Pipeline_VITIS_LOOP_53_2_fu_305  |encode_bit_Pipeline_VITIS_LOOP_53_2  |        ?|        ?|         ?|         ?|    0|    0|  loop pipeline stp|
        |grp_encode_bit_Pipeline_VITIS_LOOP_50_1_fu_321  |encode_bit_Pipeline_VITIS_LOOP_50_1  |        ?|        ?|         ?|         ?|    0|    0|  loop pipeline stp|
        +------------------------------------------------+-------------------------------------+---------+---------+----------+----------+-----+-----+-------------------+

        * Loop: 
        +----------+---------+---------+----------+-----------+-----------+--------+----------+
        |          |  Latency (cycles) | Iteration|  Initiation Interval  |  Trip  |          |
        | Loop Name|   min   |   max   |  Latency |  achieved |   target  |  Count | Pipelined|
        +----------+---------+---------+----------+-----------+-----------+--------+----------+
        |- Renorm  |        ?|        ?|         ?|          -|          -|  0 ~ 32|        no|
        +----------+---------+---------+----------+-----------+-----------+--------+----------+

============================================================
+ Verbose Summary: Synthesis Manager
============================================================
InlineROM: 1
ExposeGlobal: 0
============================================================
+ Verbose Summary: CDFG Model
============================================================
IsTopModel: 0
ResetActiveHigh: 1
IsCombinational: 0
IsDatapathOnly: 0
HasWiredReturn: 1
HasMFsm: 0
HasVarLatency: 1
IsPipeline: 0
IsRtlPipelined: 0
IsInstanceOverlapped: 0
IsDontTouch: 0
HasImplIP: 0
IsGatedGlobalClock: 0


============================================================
+ Verbose Summary: Schedule
============================================================
* Number of FSM states : 7
* Pipeline : 0
* Dataflow Pipeline: 0

* FSM state transitions: 
1 --> 2 
2 --> 3 
3 --> 4 
4 --> 5 6 7 
5 --> 6 
6 --> 4 
7 --> 6 

* FSM state operations: 

State 1 <SV = 0> <Delay = 0.73>
ST_1 : Operation 8 [1/1] (0.00ns)   --->   "%r_01 = alloca i32 1" [./arith3.h:47]   --->   Operation 8 'alloca' 'r_01' <Predicate = true> <Delay = 0.00>
ST_1 : Operation 9 [1/1] (0.00ns)   --->   "%empty = alloca i32 1"   --->   Operation 9 'alloca' 'empty' <Predicate = true> <Delay = 0.00>
ST_1 : Operation 10 [1/1] (0.00ns)   --->   "%empty_46 = alloca i32 1"   --->   Operation 10 'alloca' 'empty_46' <Predicate = true> <Delay = 0.00>
ST_1 : Operation 11 [1/1] (0.00ns)   --->   "%pending_0 = alloca i32 1"   --->   Operation 11 'alloca' 'pending_0' <Predicate = true> <Delay = 0.00>
ST_1 : Operation 12 [1/1] (0.00ns)   --->   "%phi_ln64_2 = alloca i32 1" [./arith3.h:38]   --->   Operation 12 'alloca' 'phi_ln64_2' <Predicate = true> <Delay = 0.00>
ST_1 : Operation 13 [1/1] (0.00ns)   --->   "%phi_ln64 = alloca i32 1" [./arith3.h:38]   --->   Operation 13 'alloca' 'phi_ln64' <Predicate = true> <Delay = 0.00>
ST_1 : Operation 14 [1/1] (0.00ns)   --->   "%oi_0 = alloca i32 1"   --->   Operation 14 'alloca' 'oi_0' <Predicate = true> <Delay = 0.00>
ST_1 : Operation 15 [1/1] (0.00ns)   --->   "%ob_0 = alloca i32 1"   --->   Operation 15 'alloca' 'ob_0' <Predicate = true> <Delay = 0.00>
ST_1 : Operation 16 [1/1] (0.00ns)   --->   "%nb_0 = alloca i32 1"   --->   Operation 16 'alloca' 'nb_0' <Predicate = true> <Delay = 0.00>
ST_1 : Operation 17 [1/1] (0.00ns)   --->   "%oi_read_2 = read i32 @_ssdm_op_Read.ap_auto.i32, i32 %oi_read"   --->   Operation 17 'read' 'oi_read_2' <Predicate = true> <Delay = 0.00>
ST_1 : Operation 18 [1/1] (0.00ns)   --->   "%nb_read_2 = read i32 @_ssdm_op_Read.ap_auto.i32, i32 %nb_read"   --->   Operation 18 'read' 'nb_read_2' <Predicate = true> <Delay = 0.00>
ST_1 : Operation 19 [1/1] (0.00ns)   --->   "%ob_read31 = read i32 @_ssdm_op_Read.ap_auto.i32, i32 %ob_read"   --->   Operation 19 'read' 'ob_read31' <Predicate = true> <Delay = 0.00>
ST_1 : Operation 20 [1/1] (0.00ns)   --->   "%pending_read_2 = read i32 @_ssdm_op_Read.ap_auto.i32, i32 %pending_read"   --->   Operation 20 'read' 'pending_read_2' <Predicate = true> <Delay = 0.00>
ST_1 : Operation 21 [1/1] (0.00ns)   --->   "%high_read_3 = read i32 @_ssdm_op_Read.ap_auto.i32, i32 %high_read"   --->   Operation 21 'read' 'high_read_3' <Predicate = true> <Delay = 0.00>
ST_1 : Operation 22 [1/1] (0.00ns)   --->   "%low_read_3 = read i32 @_ssdm_op_Read.ap_auto.i32, i32 %low_read"   --->   Operation 22 'read' 'low_read_3' <Predicate = true> <Delay = 0.00>
ST_1 : Operation 23 [1/1] (0.00ns) (grouped into TernaryAdder)   --->   "%add_ln41 = add i32 %high_read_3, i32 1" [./arith3.h:41]   --->   Operation 23 'add' 'add_ln41' <Predicate = true> <Delay = 0.00> <CoreInst = "TAddSub">   --->   Core 10 'TAddSub' <Latency = 0> <II = 1> <Delay = 0.36> <IPBlock> <Opcode : 'add' 'sub'> <InPorts = 3> <OutPorts = 1> <Sync> <CReg>
ST_1 : Operation 24 [1/1] (0.73ns) (root node of TernaryAdder)   --->   "%range = sub i32 %add_ln41, i32 %low_read_3" [./arith3.h:41]   --->   Operation 24 'sub' 'range' <Predicate = true> <Delay = 0.73> <CoreInst = "TAddSub">   --->   Core 10 'TAddSub' <Latency = 0> <II = 1> <Delay = 0.36> <IPBlock> <Opcode : 'add' 'sub'> <InPorts = 3> <OutPorts = 1> <Sync> <CReg>
ST_1 : Operation 25 [1/1] (0.00ns)   --->   "%store_ln0 = store i32 %nb_read_2, i32 %nb_0"   --->   Operation 25 'store' 'store_ln0' <Predicate = true> <Delay = 0.00>
ST_1 : Operation 26 [1/1] (0.00ns)   --->   "%store_ln0 = store i32 %ob_read31, i32 %ob_0"   --->   Operation 26 'store' 'store_ln0' <Predicate = true> <Delay = 0.00>
ST_1 : Operation 27 [1/1] (0.00ns)   --->   "%store_ln0 = store i32 %oi_read_2, i32 %oi_0"   --->   Operation 27 'store' 'store_ln0' <Predicate = true> <Delay = 0.00>
ST_1 : Operation 28 [1/1] (0.47ns)   --->   "%store_ln0 = store i32 %pending_read_2, i32 %pending_0"   --->   Operation 28 'store' 'store_ln0' <Predicate = true> <Delay = 0.47>
ST_1 : Operation 29 [1/1] (0.42ns)   --->   "%store_ln47 = store i6 0, i6 %r_01" [./arith3.h:47]   --->   Operation 29 'store' 'store_ln47' <Predicate = true> <Delay = 0.42>

State 2 <SV = 1> <Delay = 3.42>
ST_2 : Operation 30 [1/1] (0.00ns)   --->   "%prob_read_2 = read i32 @_ssdm_op_Read.ap_auto.i32, i32 %prob_read"   --->   Operation 30 'read' 'prob_read_2' <Predicate = true> <Delay = 0.00>
ST_2 : Operation 31 [1/1] (3.42ns)   --->   "%mul_ln42 = mul i32 %range, i32 %prob_read_2" [./arith3.h:42]   --->   Operation 31 'mul' 'mul_ln42' <Predicate = true> <Delay = 3.42> <CoreInst = "Multiplier">   --->   Core 3 'Multiplier' <Latency = 0> <II = 1> <Delay = 3.42> <FuncUnit> <Opcode : 'mul'> <InPorts = 2> <OutPorts = 1>
ST_2 : Operation 32 [1/1] (0.00ns)   --->   "%split = partselect i20 @_ssdm_op_PartSelect.i20.i32.i32.i32, i32 %mul_ln42, i32 12, i32 31" [./arith3.h:42]   --->   Operation 32 'partselect' 'split' <Predicate = true> <Delay = 0.00>

State 3 <SV = 2> <Delay = 2.90>
ST_3 : Operation 33 [1/1] (0.00ns)   --->   "%bit_read = read i1 @_ssdm_op_Read.ap_auto.i1, i1 %bit_r"   --->   Operation 33 'read' 'bit_read' <Predicate = true> <Delay = 0.00>
ST_3 : Operation 34 [1/1] (0.00ns)   --->   "%high_read_4 = read i32 @_ssdm_op_Read.ap_auto.i32, i32 %high_read_6"   --->   Operation 34 'read' 'high_read_4' <Predicate = true> <Delay = 0.00>
ST_3 : Operation 35 [1/1] (0.00ns)   --->   "%low_read_4 = read i32 @_ssdm_op_Read.ap_auto.i32, i32 %low_read_6"   --->   Operation 35 'read' 'low_read_4' <Predicate = true> <Delay = 0.00>
ST_3 : Operation 36 [1/1] (0.00ns)   --->   "%zext_ln42 = zext i20 %split" [./arith3.h:42]   --->   Operation 36 'zext' 'zext_ln42' <Predicate = true> <Delay = 0.00>
ST_3 : Operation 37 [1/1] (1.01ns)   --->   "%add_ln44 = add i32 %zext_ln42, i32 %low_read_3" [./arith3.h:44]   --->   Operation 37 'add' 'add_ln44' <Predicate = true> <Delay = 1.01> <CoreInst = "Adder">   --->   Core 1 'Adder' <Latency = 0> <II = 1> <Delay = 1.01> <FuncUnit> <Opcode : 'add' 'sub'> <InPorts = 2> <OutPorts = 1>
ST_3 : Operation 38 [1/1] (1.01ns)   --->   "%add_ln43 = add i32 %add_ln44, i32 4294967295" [./arith3.h:43]   --->   Operation 38 'add' 'add_ln43' <Predicate = true> <Delay = 1.01> <CoreInst = "Adder">   --->   Core 1 'Adder' <Latency = 0> <II = 1> <Delay = 1.01> <FuncUnit> <Opcode : 'add' 'sub'> <InPorts = 2> <OutPorts = 1>
ST_3 : Operation 39 [1/1] (0.44ns)   --->   "%low_write_assign_ph = select i1 %bit_read, i32 %add_ln44, i32 %low_read_4" [./arith3.h:44]   --->   Operation 39 'select' 'low_write_assign_ph' <Predicate = true> <Delay = 0.44> <CoreInst = "Sel">   --->   Core 73 'Sel' <Latency = 0> <II = 1> <Delay = 0.44> <FuncUnit> <Opcode : 'select'> <InPorts = 3> <OutPorts = 1>
ST_3 : Operation 40 [1/1] (0.44ns)   --->   "%high_write_assign_ph = select i1 %bit_read, i32 %high_read_4, i32 %add_ln43" [./arith3.h:43]   --->   Operation 40 'select' 'high_write_assign_ph' <Predicate = true> <Delay = 0.44> <CoreInst = "Sel">   --->   Core 73 'Sel' <Latency = 0> <II = 1> <Delay = 0.44> <FuncUnit> <Opcode : 'select'> <InPorts = 3> <OutPorts = 1>
ST_3 : Operation 41 [1/1] (0.44ns)   --->   "%p_ph = select i1 %bit_read, i32 %add_ln44, i32 %low_read_3" [./arith3.h:44]   --->   Operation 41 'select' 'p_ph' <Predicate = true> <Delay = 0.44> <CoreInst = "Sel">   --->   Core 73 'Sel' <Latency = 0> <II = 1> <Delay = 0.44> <FuncUnit> <Opcode : 'select'> <InPorts = 3> <OutPorts = 1>
ST_3 : Operation 42 [1/1] (0.44ns)   --->   "%p_ph7 = select i1 %bit_read, i32 %high_read_3, i32 %add_ln43" [./arith3.h:43]   --->   Operation 42 'select' 'p_ph7' <Predicate = true> <Delay = 0.44> <CoreInst = "Sel">   --->   Core 73 'Sel' <Latency = 0> <II = 1> <Delay = 0.44> <FuncUnit> <Opcode : 'select'> <InPorts = 3> <OutPorts = 1>
ST_3 : Operation 43 [1/1] (0.42ns)   --->   "%store_ln38 = store i32 %low_write_assign_ph, i32 %phi_ln64" [./arith3.h:38]   --->   Operation 43 'store' 'store_ln38' <Predicate = true> <Delay = 0.42>
ST_3 : Operation 44 [1/1] (0.42ns)   --->   "%store_ln38 = store i32 %high_write_assign_ph, i32 %phi_ln64_2" [./arith3.h:38]   --->   Operation 44 'store' 'store_ln38' <Predicate = true> <Delay = 0.42>
ST_3 : Operation 45 [1/1] (0.42ns)   --->   "%store_ln44 = store i32 %p_ph, i32 %empty_46" [./arith3.h:44]   --->   Operation 45 'store' 'store_ln44' <Predicate = true> <Delay = 0.42>
ST_3 : Operation 46 [1/1] (0.42ns)   --->   "%store_ln43 = store i32 %p_ph7, i32 %empty" [./arith3.h:43]   --->   Operation 46 'store' 'store_ln43' <Predicate = true> <Delay = 0.42>
ST_3 : Operation 47 [1/1] (0.00ns)   --->   "%br_ln47 = br void %for.body" [./arith3.h:47]   --->   Operation 47 'br' 'br_ln47' <Predicate = true> <Delay = 0.00>

State 4 <SV = 3> <Delay = 3.26>
ST_4 : Operation 48 [1/1] (0.00ns)   --->   "%r = load i6 %r_01" [./arith3.h:47]   --->   Operation 48 'load' 'r' <Predicate = true> <Delay = 0.00>
ST_4 : Operation 49 [1/1] (0.00ns)   --->   "%oi_0_load = load i32 %oi_0" [./arith3.h:34->./arith3.h:49]   --->   Operation 49 'load' 'oi_0_load' <Predicate = true> <Delay = 0.00>
ST_4 : Operation 50 [1/1] (0.00ns)   --->   "%tmp = bitselect i1 @_ssdm_op_BitSelect.i1.i6.i32, i6 %r, i32 5" [./arith3.h:47]   --->   Operation 50 'bitselect' 'tmp' <Predicate = true> <Delay = 0.00>
ST_4 : Operation 51 [1/1] (0.78ns)   --->   "%r_3 = add i6 %r, i6 1" [./arith3.h:47]   --->   Operation 51 'add' 'r_3' <Predicate = true> <Delay = 0.78> <CoreInst = "Adder">   --->   Core 1 'Adder' <Latency = 0> <II = 1> <Delay = 0.78> <FuncUnit> <Opcode : 'add' 'sub'> <InPorts = 2> <OutPorts = 1>
ST_4 : Operation 52 [1/1] (0.00ns)   --->   "%br_ln47 = br i1 %tmp, void %for.body.split, void %for.end" [./arith3.h:47]   --->   Operation 52 'br' 'br_ln47' <Predicate = true> <Delay = 0.00>
ST_4 : Operation 53 [1/1] (0.00ns)   --->   "%p_load47 = load i32 %empty" [./arith3.h:47]   --->   Operation 53 'load' 'p_load47' <Predicate = (!tmp)> <Delay = 0.00>
ST_4 : Operation 54 [1/1] (0.00ns)   --->   "%p_load43 = load i32 %empty_46" [./arith3.h:47]   --->   Operation 54 'load' 'p_load43' <Predicate = (!tmp)> <Delay = 0.00>
ST_4 : Operation 55 [1/1] (0.00ns)   --->   "%trunc_ln47 = trunc i32 %p_load47" [./arith3.h:47]   --->   Operation 55 'trunc' 'trunc_ln47' <Predicate = (!tmp)> <Delay = 0.00>
ST_4 : Operation 56 [1/1] (0.00ns)   --->   "%trunc_ln47_2 = trunc i32 %p_load43" [./arith3.h:47]   --->   Operation 56 'trunc' 'trunc_ln47_2' <Predicate = (!tmp)> <Delay = 0.00>
ST_4 : Operation 57 [1/1] (0.00ns)   --->   "%speclooptripcount_ln47 = speclooptripcount void @_ssdm_op_SpecLoopTripCount, i64 0, i64 32, i64 16" [./arith3.h:47]   --->   Operation 57 'speclooptripcount' 'speclooptripcount_ln47' <Predicate = (!tmp)> <Delay = 0.00>
ST_4 : Operation 58 [1/1] (0.00ns)   --->   "%specloopname_ln47 = specloopname void @_ssdm_op_SpecLoopName, void @empty_20" [./arith3.h:47]   --->   Operation 58 'specloopname' 'specloopname_ln47' <Predicate = (!tmp)> <Delay = 0.00>
ST_4 : Operation 59 [1/1] (0.00ns)   --->   "%tmp_5 = partselect i17 @_ssdm_op_PartSelect.i17.i32.i32.i32, i32 %p_load47, i32 15, i32 31" [./arith3.h:48]   --->   Operation 59 'partselect' 'tmp_5' <Predicate = (!tmp)> <Delay = 0.00>
ST_4 : Operation 60 [1/1] (0.86ns)   --->   "%icmp_ln48 = icmp_eq  i17 %tmp_5, i17 0" [./arith3.h:48]   --->   Operation 60 'icmp' 'icmp_ln48' <Predicate = (!tmp)> <Delay = 0.86> <CoreInst = "Cmp">   --->   Core 9 'Cmp' <Latency = 0> <II = 1> <Delay = 0.86> <FuncUnit> <Opcode : 'seteq' 'setne' 'setle' 'setge' 'setlt' 'setgt'> <InPorts = 2> <OutPorts = 1>
ST_4 : Operation 61 [1/1] (0.00ns)   --->   "%br_ln48 = br i1 %icmp_ln48, void %if.else8, void %VITIS_LOOP_50_1" [./arith3.h:48]   --->   Operation 61 'br' 'br_ln48' <Predicate = (!tmp)> <Delay = 0.00>
ST_4 : Operation 62 [1/1] (0.00ns)   --->   "%tmp_6 = partselect i17 @_ssdm_op_PartSelect.i17.i32.i32.i32, i32 %p_load43, i32 15, i32 31" [./arith3.h:51]   --->   Operation 62 'partselect' 'tmp_6' <Predicate = (!tmp & !icmp_ln48)> <Delay = 0.00>
ST_4 : Operation 63 [1/1] (0.86ns)   --->   "%icmp_ln51 = icmp_eq  i17 %tmp_6, i17 0" [./arith3.h:51]   --->   Operation 63 'icmp' 'icmp_ln51' <Predicate = (!tmp & !icmp_ln48)> <Delay = 0.86> <CoreInst = "Cmp">   --->   Core 9 'Cmp' <Latency = 0> <II = 1> <Delay = 0.86> <FuncUnit> <Opcode : 'seteq' 'setne' 'setle' 'setge' 'setlt' 'setgt'> <InPorts = 2> <OutPorts = 1>
ST_4 : Operation 64 [1/1] (0.00ns)   --->   "%br_ln51 = br i1 %icmp_ln51, void %VITIS_LOOP_53_2, void %if.else18" [./arith3.h:51]   --->   Operation 64 'br' 'br_ln51' <Predicate = (!tmp & !icmp_ln48)> <Delay = 0.00>
ST_4 : Operation 65 [1/1] (0.00ns)   --->   "%ob_0_load = load i32 %ob_0" [./arith3.h:33->./arith3.h:52]   --->   Operation 65 'load' 'ob_0_load' <Predicate = (!tmp & !icmp_ln48 & !icmp_ln51)> <Delay = 0.00>
ST_4 : Operation 66 [1/1] (0.00ns)   --->   "%nb_0_load_3 = load i32 %nb_0" [./arith3.h:33->./arith3.h:52]   --->   Operation 66 'load' 'nb_0_load_3' <Predicate = (!tmp & !icmp_ln48 & !icmp_ln51)> <Delay = 0.00>
ST_4 : Operation 67 [1/1] (0.00ns)   --->   "%trunc_ln33_5 = trunc i32 %ob_0_load" [./arith3.h:33->./arith3.h:52]   --->   Operation 67 'trunc' 'trunc_ln33_5' <Predicate = (!tmp & !icmp_ln48 & !icmp_ln51)> <Delay = 0.00>
ST_4 : Operation 68 [1/1] (0.00ns)   --->   "%trunc_ln33_6 = trunc i32 %ob_0_load" [./arith3.h:33->./arith3.h:52]   --->   Operation 68 'trunc' 'trunc_ln33_6' <Predicate = (!tmp & !icmp_ln48 & !icmp_ln51)> <Delay = 0.00>
ST_4 : Operation 69 [1/1] (0.00ns)   --->   "%or_ln = bitconcatenate i32 @_ssdm_op_BitConcatenate.i32.i31.i1, i31 %trunc_ln33_5, i1 1" [./arith3.h:33->./arith3.h:52]   --->   Operation 69 'bitconcatenate' 'or_ln' <Predicate = (!tmp & !icmp_ln48 & !icmp_ln51)> <Delay = 0.00>
ST_4 : Operation 70 [1/1] (1.01ns)   --->   "%add_ln33_2 = add i32 %nb_0_load_3, i32 1" [./arith3.h:33->./arith3.h:52]   --->   Operation 70 'add' 'add_ln33_2' <Predicate = (!tmp & !icmp_ln48 & !icmp_ln51)> <Delay = 1.01> <CoreInst = "Adder">   --->   Core 1 'Adder' <Latency = 0> <II = 1> <Delay = 1.01> <FuncUnit> <Opcode : 'add' 'sub'> <InPorts = 2> <OutPorts = 1>
ST_4 : Operation 71 [1/1] (1.01ns)   --->   "%icmp_ln34_3 = icmp_eq  i32 %add_ln33_2, i32 8" [./arith3.h:34->./arith3.h:52]   --->   Operation 71 'icmp' 'icmp_ln34_3' <Predicate = (!tmp & !icmp_ln48 & !icmp_ln51)> <Delay = 1.01> <CoreInst = "Cmp">   --->   Core 9 'Cmp' <Latency = 0> <II = 1> <Delay = 1.01> <FuncUnit> <Opcode : 'seteq' 'setne' 'setle' 'setge' 'setlt' 'setgt'> <InPorts = 2> <OutPorts = 1>
ST_4 : Operation 72 [1/1] (0.42ns)   --->   "%br_ln34 = br i1 %icmp_ln34_3, void %while.cond11.preheader, void %if.then.i19" [./arith3.h:34->./arith3.h:52]   --->   Operation 72 'br' 'br_ln34' <Predicate = (!tmp & !icmp_ln48 & !icmp_ln51)> <Delay = 0.42>
ST_4 : Operation 73 [1/1] (0.00ns)   --->   "%or_ln3 = bitconcatenate i8 @_ssdm_op_BitConcatenate.i8.i7.i1, i7 %trunc_ln33_6, i1 1" [./arith3.h:34->./arith3.h:52]   --->   Operation 73 'bitconcatenate' 'or_ln3' <Predicate = (!tmp & !icmp_ln48 & !icmp_ln51 & icmp_ln34_3)> <Delay = 0.00>
ST_4 : Operation 74 [1/1] (1.01ns)   --->   "%add_ln34_2 = add i32 %oi_0_load, i32 1" [./arith3.h:34->./arith3.h:52]   --->   Operation 74 'add' 'add_ln34_2' <Predicate = (!tmp & !icmp_ln48 & !icmp_ln51 & icmp_ln34_3)> <Delay = 1.01> <CoreInst = "Adder">   --->   Core 1 'Adder' <Latency = 0> <II = 1> <Delay = 1.01> <FuncUnit> <Opcode : 'add' 'sub'> <InPorts = 2> <OutPorts = 1>
ST_4 : Operation 75 [1/1] (0.00ns)   --->   "%zext_ln34_5 = zext i32 %oi_0_load" [./arith3.h:34->./arith3.h:52]   --->   Operation 75 'zext' 'zext_ln34_5' <Predicate = (!tmp & !icmp_ln48 & !icmp_ln51 & icmp_ln34_3)> <Delay = 0.00>
ST_4 : Operation 76 [1/1] (0.00ns)   --->   "%out_addr_4 = getelementptr i8 %out_r, i64 0, i64 %zext_ln34_5" [./arith3.h:34->./arith3.h:52]   --->   Operation 76 'getelementptr' 'out_addr_4' <Predicate = (!tmp & !icmp_ln48 & !icmp_ln51 & icmp_ln34_3)> <Delay = 0.00>
ST_4 : Operation 77 [1/1] ( I:1.23ns O:1.23ns )   --->   "%store_ln34 = store i8 %or_ln3, i10 %out_addr_4" [./arith3.h:34->./arith3.h:52]   --->   Operation 77 'store' 'store_ln34' <Predicate = (!tmp & !icmp_ln48 & !icmp_ln51 & icmp_ln34_3)> <Delay = 1.23> <CoreInst = "RAM">   --->   Core 82 'RAM' <Latency = 1> <II = 1> <Delay = 1.23> <Storage> <Opcode : 'load' 'store'> <Ports = 2> <Width = 8> <Depth = 576> <RAM>
ST_4 : Operation 78 [1/1] (0.42ns)   --->   "%br_ln34 = br void %while.cond11.preheader" [./arith3.h:34->./arith3.h:52]   --->   Operation 78 'br' 'br_ln34' <Predicate = (!tmp & !icmp_ln48 & !icmp_ln51 & icmp_ln34_3)> <Delay = 0.42>
ST_4 : Operation 79 [1/1] (0.00ns)   --->   "%p_load48 = load i32 %empty" [./arith3.h:55]   --->   Operation 79 'load' 'p_load48' <Predicate = (!tmp & !icmp_ln48 & icmp_ln51)> <Delay = 0.00>
ST_4 : Operation 80 [1/1] (0.00ns)   --->   "%tmp_7 = partselect i18 @_ssdm_op_PartSelect.i18.i32.i32.i32, i32 %p_load43, i32 14, i32 31" [./arith3.h:55]   --->   Operation 80 'partselect' 'tmp_7' <Predicate = (!tmp & !icmp_ln48 & icmp_ln51)> <Delay = 0.00>
ST_4 : Operation 81 [1/1] (0.87ns)   --->   "%icmp_ln55 = icmp_ne  i18 %tmp_7, i18 0" [./arith3.h:55]   --->   Operation 81 'icmp' 'icmp_ln55' <Predicate = (!tmp & !icmp_ln48 & icmp_ln51)> <Delay = 0.87> <CoreInst = "Cmp">   --->   Core 9 'Cmp' <Latency = 0> <II = 1> <Delay = 0.87> <FuncUnit> <Opcode : 'seteq' 'setne' 'setle' 'setge' 'setlt' 'setgt'> <InPorts = 2> <OutPorts = 1>
ST_4 : Operation 82 [1/1] (1.01ns)   --->   "%icmp_ln55_2 = icmp_ult  i32 %p_load48, i32 49152" [./arith3.h:55]   --->   Operation 82 'icmp' 'icmp_ln55_2' <Predicate = (!tmp & !icmp_ln48 & icmp_ln51)> <Delay = 1.01> <CoreInst = "Cmp">   --->   Core 9 'Cmp' <Latency = 0> <II = 1> <Delay = 1.01> <FuncUnit> <Opcode : 'seteq' 'setne' 'setle' 'setge' 'setlt' 'setgt'> <InPorts = 2> <OutPorts = 1>
ST_4 : Operation 83 [1/1] (0.28ns)   --->   "%and_ln55 = and i1 %icmp_ln55, i1 %icmp_ln55_2" [./arith3.h:55]   --->   Operation 83 'and' 'and_ln55' <Predicate = (!tmp & !icmp_ln48 & icmp_ln51)> <Delay = 0.28> <CoreInst = "LogicGate">   --->   Core 74 'LogicGate' <Latency = 0> <II = 1> <Delay = 0.28> <FuncUnit> <Opcode : 'and' 'or' 'xor'> <InPorts = 2> <OutPorts = 1>
ST_4 : Operation 84 [1/1] (0.00ns)   --->   "%br_ln55 = br i1 %and_ln55, void %for.end, void %if.end25" [./arith3.h:55]   --->   Operation 84 'br' 'br_ln55' <Predicate = (!tmp & !icmp_ln48 & icmp_ln51)> <Delay = 0.00>
ST_4 : Operation 85 [1/1] (0.00ns)   --->   "%pending_0_load = load i32 %pending_0" [./arith3.h:56]   --->   Operation 85 'load' 'pending_0_load' <Predicate = (!tmp & !icmp_ln48 & icmp_ln51 & and_ln55)> <Delay = 0.00>
ST_4 : Operation 86 [1/1] (1.01ns)   --->   "%add_ln56 = add i32 %pending_0_load, i32 1" [./arith3.h:56]   --->   Operation 86 'add' 'add_ln56' <Predicate = (!tmp & !icmp_ln48 & icmp_ln51 & and_ln55)> <Delay = 1.01> <CoreInst = "Adder">   --->   Core 1 'Adder' <Latency = 0> <II = 1> <Delay = 1.01> <FuncUnit> <Opcode : 'add' 'sub'> <InPorts = 2> <OutPorts = 1>
ST_4 : Operation 87 [1/1] (0.00ns)   --->   "%bit_sel2 = bitselect i1 @_ssdm_op_BitSelect.i1.i32.i32, i32 %p_load43, i32 14" [./arith3.h:56]   --->   Operation 87 'bitselect' 'bit_sel2' <Predicate = (!tmp & !icmp_ln48 & icmp_ln51 & and_ln55)> <Delay = 0.00>
ST_4 : Operation 88 [1/1] (0.28ns)   --->   "%xor_ln56_3 = xor i1 %bit_sel2, i1 1" [./arith3.h:56]   --->   Operation 88 'xor' 'xor_ln56_3' <Predicate = (!tmp & !icmp_ln48 & icmp_ln51 & and_ln55)> <Delay = 0.28> <CoreInst = "LogicGate">   --->   Core 74 'LogicGate' <Latency = 0> <II = 1> <Delay = 0.28> <FuncUnit> <Opcode : 'and' 'or' 'xor'> <InPorts = 2> <OutPorts = 1>
ST_4 : Operation 89 [1/1] (0.00ns)   --->   "%trunc_ln56 = trunc i32 %p_load43" [./arith3.h:56]   --->   Operation 89 'trunc' 'trunc_ln56' <Predicate = (!tmp & !icmp_ln48 & icmp_ln51 & and_ln55)> <Delay = 0.00>
ST_4 : Operation 90 [1/1] (0.00ns)   --->   "%xor_ln = bitconcatenate i15 @_ssdm_op_BitConcatenate.i15.i1.i14, i1 %xor_ln56_3, i14 %trunc_ln56" [./arith3.h:56]   --->   Operation 90 'bitconcatenate' 'xor_ln' <Predicate = (!tmp & !icmp_ln48 & icmp_ln51 & and_ln55)> <Delay = 0.00>
ST_4 : Operation 91 [1/1] (0.00ns)   --->   "%bit_sel = bitselect i1 @_ssdm_op_BitSelect.i1.i32.i32, i32 %p_load48, i32 14" [./arith3.h:56]   --->   Operation 91 'bitselect' 'bit_sel' <Predicate = (!tmp & !icmp_ln48 & icmp_ln51 & and_ln55)> <Delay = 0.00>
ST_4 : Operation 92 [1/1] (0.28ns)   --->   "%xor_ln56 = xor i1 %bit_sel, i1 1" [./arith3.h:56]   --->   Operation 92 'xor' 'xor_ln56' <Predicate = (!tmp & !icmp_ln48 & icmp_ln51 & and_ln55)> <Delay = 0.28> <CoreInst = "LogicGate">   --->   Core 74 'LogicGate' <Latency = 0> <II = 1> <Delay = 0.28> <FuncUnit> <Opcode : 'and' 'or' 'xor'> <InPorts = 2> <OutPorts = 1>
ST_4 : Operation 93 [1/1] (0.00ns)   --->   "%trunc_ln56_2 = trunc i32 %p_load48" [./arith3.h:56]   --->   Operation 93 'trunc' 'trunc_ln56_2' <Predicate = (!tmp & !icmp_ln48 & icmp_ln51 & and_ln55)> <Delay = 0.00>
ST_4 : Operation 94 [1/1] (0.00ns)   --->   "%xor_ln56_2 = bitconcatenate i15 @_ssdm_op_BitConcatenate.i15.i1.i14, i1 %xor_ln56, i14 %trunc_ln56_2" [./arith3.h:56]   --->   Operation 94 'bitconcatenate' 'xor_ln56_2' <Predicate = (!tmp & !icmp_ln48 & icmp_ln51 & and_ln55)> <Delay = 0.00>
ST_4 : Operation 95 [1/1] (0.47ns)   --->   "%store_ln56 = store i32 %add_ln56, i32 %pending_0" [./arith3.h:56]   --->   Operation 95 'store' 'store_ln56' <Predicate = (!tmp & !icmp_ln48 & icmp_ln51 & and_ln55)> <Delay = 0.47>
ST_4 : Operation 96 [1/1] (0.42ns)   --->   "%br_ln0 = br void %for.inc"   --->   Operation 96 'br' 'br_ln0' <Predicate = (!tmp & !icmp_ln48 & icmp_ln51 & and_ln55)> <Delay = 0.42>
ST_4 : Operation 97 [1/1] (0.00ns)   --->   "%ob_0_load_3 = load i32 %ob_0" [./arith3.h:33->./arith3.h:49]   --->   Operation 97 'load' 'ob_0_load_3' <Predicate = (!tmp & icmp_ln48)> <Delay = 0.00>
ST_4 : Operation 98 [1/1] (0.00ns)   --->   "%nb_0_load = load i32 %nb_0" [./arith3.h:33->./arith3.h:49]   --->   Operation 98 'load' 'nb_0_load' <Predicate = (!tmp & icmp_ln48)> <Delay = 0.00>
ST_4 : Operation 99 [1/1] (0.00ns)   --->   "%trunc_ln33 = trunc i32 %ob_0_load_3" [./arith3.h:33->./arith3.h:49]   --->   Operation 99 'trunc' 'trunc_ln33' <Predicate = (!tmp & icmp_ln48)> <Delay = 0.00>
ST_4 : Operation 100 [1/1] (0.00ns)   --->   "%shl_ln33 = shl i32 %ob_0_load_3, i32 1" [./arith3.h:33->./arith3.h:49]   --->   Operation 100 'shl' 'shl_ln33' <Predicate = (!tmp & icmp_ln48)> <Delay = 0.00>
ST_4 : Operation 101 [1/1] (1.01ns)   --->   "%add_ln33 = add i32 %nb_0_load, i32 1" [./arith3.h:33->./arith3.h:49]   --->   Operation 101 'add' 'add_ln33' <Predicate = (!tmp & icmp_ln48)> <Delay = 1.01> <CoreInst = "Adder">   --->   Core 1 'Adder' <Latency = 0> <II = 1> <Delay = 1.01> <FuncUnit> <Opcode : 'add' 'sub'> <InPorts = 2> <OutPorts = 1>
ST_4 : Operation 102 [1/1] (1.01ns)   --->   "%icmp_ln34 = icmp_eq  i32 %add_ln33, i32 8" [./arith3.h:34->./arith3.h:49]   --->   Operation 102 'icmp' 'icmp_ln34' <Predicate = (!tmp & icmp_ln48)> <Delay = 1.01> <CoreInst = "Cmp">   --->   Core 9 'Cmp' <Latency = 0> <II = 1> <Delay = 1.01> <FuncUnit> <Opcode : 'seteq' 'setne' 'setle' 'setge' 'setlt' 'setgt'> <InPorts = 2> <OutPorts = 1>
ST_4 : Operation 103 [1/1] (0.42ns)   --->   "%br_ln34 = br i1 %icmp_ln34, void %while.cond.preheader, void %if.then.i" [./arith3.h:34->./arith3.h:49]   --->   Operation 103 'br' 'br_ln34' <Predicate = (!tmp & icmp_ln48)> <Delay = 0.42>
ST_4 : Operation 104 [1/1] (0.00ns)   --->   "%trunc_ln2 = bitconcatenate i8 @_ssdm_op_BitConcatenate.i8.i7.i1, i7 %trunc_ln33, i1 0" [./arith3.h:34->./arith3.h:49]   --->   Operation 104 'bitconcatenate' 'trunc_ln2' <Predicate = (!tmp & icmp_ln48 & icmp_ln34)> <Delay = 0.00>
ST_4 : Operation 105 [1/1] (1.01ns)   --->   "%add_ln34 = add i32 %oi_0_load, i32 1" [./arith3.h:34->./arith3.h:49]   --->   Operation 105 'add' 'add_ln34' <Predicate = (!tmp & icmp_ln48 & icmp_ln34)> <Delay = 1.01> <CoreInst = "Adder">   --->   Core 1 'Adder' <Latency = 0> <II = 1> <Delay = 1.01> <FuncUnit> <Opcode : 'add' 'sub'> <InPorts = 2> <OutPorts = 1>
ST_4 : Operation 106 [1/1] (0.00ns)   --->   "%zext_ln34 = zext i32 %oi_0_load" [./arith3.h:34->./arith3.h:49]   --->   Operation 106 'zext' 'zext_ln34' <Predicate = (!tmp & icmp_ln48 & icmp_ln34)> <Delay = 0.00>
ST_4 : Operation 107 [1/1] (0.00ns)   --->   "%out_addr = getelementptr i8 %out_r, i64 0, i64 %zext_ln34" [./arith3.h:34->./arith3.h:49]   --->   Operation 107 'getelementptr' 'out_addr' <Predicate = (!tmp & icmp_ln48 & icmp_ln34)> <Delay = 0.00>
ST_4 : Operation 108 [1/1] ( I:1.23ns O:1.23ns )   --->   "%store_ln34 = store i8 %trunc_ln2, i10 %out_addr" [./arith3.h:34->./arith3.h:49]   --->   Operation 108 'store' 'store_ln34' <Predicate = (!tmp & icmp_ln48 & icmp_ln34)> <Delay = 1.23> <CoreInst = "RAM">   --->   Core 82 'RAM' <Latency = 1> <II = 1> <Delay = 1.23> <Storage> <Opcode : 'load' 'store'> <Ports = 2> <Width = 8> <Depth = 576> <RAM>
ST_4 : Operation 109 [1/1] (0.42ns)   --->   "%br_ln34 = br void %while.cond.preheader" [./arith3.h:34->./arith3.h:49]   --->   Operation 109 'br' 'br_ln34' <Predicate = (!tmp & icmp_ln48 & icmp_ln34)> <Delay = 0.42>
ST_4 : Operation 110 [1/1] (0.00ns)   --->   "%pending_0_load42 = load i32 %pending_0" [./arith3.h:64]   --->   Operation 110 'load' 'pending_0_load42' <Predicate = (!icmp_ln48 & icmp_ln51 & !and_ln55) | (tmp)> <Delay = 0.00>
ST_4 : Operation 111 [1/1] (0.00ns)   --->   "%phi_ln64_2_load = load i32 %phi_ln64_2" [./arith3.h:64]   --->   Operation 111 'load' 'phi_ln64_2_load' <Predicate = (!icmp_ln48 & icmp_ln51 & !and_ln55) | (tmp)> <Delay = 0.00>
ST_4 : Operation 112 [1/1] (0.00ns)   --->   "%phi_ln64_load = load i32 %phi_ln64" [./arith3.h:64]   --->   Operation 112 'load' 'phi_ln64_load' <Predicate = (!icmp_ln48 & icmp_ln51 & !and_ln55) | (tmp)> <Delay = 0.00>
ST_4 : Operation 113 [1/1] (0.00ns)   --->   "%ob_0_load_4 = load i32 %ob_0" [./arith3.h:64]   --->   Operation 113 'load' 'ob_0_load_4' <Predicate = (!icmp_ln48 & icmp_ln51 & !and_ln55) | (tmp)> <Delay = 0.00>
ST_4 : Operation 114 [1/1] (0.00ns)   --->   "%nb_0_load_4 = load i32 %nb_0" [./arith3.h:64]   --->   Operation 114 'load' 'nb_0_load_4' <Predicate = (!icmp_ln48 & icmp_ln51 & !and_ln55) | (tmp)> <Delay = 0.00>
ST_4 : Operation 115 [1/1] (0.00ns)   --->   "%lshr_ln = partselect i27 @_ssdm_op_PartSelect.i27.i32.i32.i32, i32 %prob_read_2, i32 5, i32 31" [./arith3.h:63]   --->   Operation 115 'partselect' 'lshr_ln' <Predicate = (!icmp_ln48 & icmp_ln51 & !and_ln55 & bit_read) | (tmp & bit_read)> <Delay = 0.00>
ST_4 : Operation 116 [1/1] (0.00ns)   --->   "%zext_ln63 = zext i27 %lshr_ln" [./arith3.h:63]   --->   Operation 116 'zext' 'zext_ln63' <Predicate = (!icmp_ln48 & icmp_ln51 & !and_ln55 & bit_read) | (tmp & bit_read)> <Delay = 0.00>
ST_4 : Operation 117 [1/1] (1.01ns)   --->   "%sub_ln63 = sub i32 %prob_read_2, i32 %zext_ln63" [./arith3.h:63]   --->   Operation 117 'sub' 'sub_ln63' <Predicate = (!icmp_ln48 & icmp_ln51 & !and_ln55 & bit_read) | (tmp & bit_read)> <Delay = 1.01> <CoreInst = "Adder">   --->   Core 1 'Adder' <Latency = 0> <II = 1> <Delay = 1.01> <FuncUnit> <Opcode : 'add' 'sub'> <InPorts = 2> <OutPorts = 1>
ST_4 : Operation 118 [1/1] (1.01ns)   --->   "%sub_ln62 = sub i32 4096, i32 %prob_read_2" [./arith3.h:62]   --->   Operation 118 'sub' 'sub_ln62' <Predicate = (!icmp_ln48 & icmp_ln51 & !and_ln55 & !bit_read) | (tmp & !bit_read)> <Delay = 1.01> <CoreInst = "Adder">   --->   Core 1 'Adder' <Latency = 0> <II = 1> <Delay = 1.01> <FuncUnit> <Opcode : 'add' 'sub'> <InPorts = 2> <OutPorts = 1>
ST_4 : Operation 119 [1/1] (0.00ns)   --->   "%lshr_ln2 = partselect i27 @_ssdm_op_PartSelect.i27.i32.i32.i32, i32 %sub_ln62, i32 5, i32 31" [./arith3.h:62]   --->   Operation 119 'partselect' 'lshr_ln2' <Predicate = (!icmp_ln48 & icmp_ln51 & !and_ln55 & !bit_read) | (tmp & !bit_read)> <Delay = 0.00>
ST_4 : Operation 120 [1/1] (0.00ns)   --->   "%zext_ln62 = zext i27 %lshr_ln2" [./arith3.h:62]   --->   Operation 120 'zext' 'zext_ln62' <Predicate = (!icmp_ln48 & icmp_ln51 & !and_ln55 & !bit_read) | (tmp & !bit_read)> <Delay = 0.00>
ST_4 : Operation 121 [1/1] (1.01ns)   --->   "%add_ln62 = add i32 %zext_ln62, i32 %prob_read_2" [./arith3.h:62]   --->   Operation 121 'add' 'add_ln62' <Predicate = (!icmp_ln48 & icmp_ln51 & !and_ln55 & !bit_read) | (tmp & !bit_read)> <Delay = 1.01> <CoreInst = "Adder">   --->   Core 1 'Adder' <Latency = 0> <II = 1> <Delay = 1.01> <FuncUnit> <Opcode : 'add' 'sub'> <InPorts = 2> <OutPorts = 1>
ST_4 : Operation 122 [1/1] (0.44ns)   --->   "%select_ln62 = select i1 %bit_read, i32 %sub_ln63, i32 %add_ln62" [./arith3.h:62]   --->   Operation 122 'select' 'select_ln62' <Predicate = (!icmp_ln48 & icmp_ln51 & !and_ln55) | (tmp)> <Delay = 0.44> <CoreInst = "Sel">   --->   Core 73 'Sel' <Latency = 0> <II = 1> <Delay = 0.44> <FuncUnit> <Opcode : 'select'> <InPorts = 3> <OutPorts = 1>
ST_4 : Operation 123 [1/1] (0.00ns)   --->   "%mrv_s = insertvalue i224 <undef>, i32 %pending_0_load42" [./arith3.h:64]   --->   Operation 123 'insertvalue' 'mrv_s' <Predicate = (!icmp_ln48 & icmp_ln51 & !and_ln55) | (tmp)> <Delay = 0.00>
ST_4 : Operation 124 [1/1] (0.00ns)   --->   "%mrv_7 = insertvalue i224 %mrv_s, i32 %ob_0_load_4" [./arith3.h:64]   --->   Operation 124 'insertvalue' 'mrv_7' <Predicate = (!icmp_ln48 & icmp_ln51 & !and_ln55) | (tmp)> <Delay = 0.00>
ST_4 : Operation 125 [1/1] (0.00ns)   --->   "%mrv_8 = insertvalue i224 %mrv_7, i32 %nb_0_load_4" [./arith3.h:64]   --->   Operation 125 'insertvalue' 'mrv_8' <Predicate = (!icmp_ln48 & icmp_ln51 & !and_ln55) | (tmp)> <Delay = 0.00>
ST_4 : Operation 126 [1/1] (0.00ns)   --->   "%mrv_9 = insertvalue i224 %mrv_8, i32 %oi_0_load" [./arith3.h:64]   --->   Operation 126 'insertvalue' 'mrv_9' <Predicate = (!icmp_ln48 & icmp_ln51 & !and_ln55) | (tmp)> <Delay = 0.00>
ST_4 : Operation 127 [1/1] (0.00ns)   --->   "%mrv_4 = insertvalue i224 %mrv_9, i32 %phi_ln64_load" [./arith3.h:64]   --->   Operation 127 'insertvalue' 'mrv_4' <Predicate = (!icmp_ln48 & icmp_ln51 & !and_ln55) | (tmp)> <Delay = 0.00>
ST_4 : Operation 128 [1/1] (0.00ns)   --->   "%mrv_5 = insertvalue i224 %mrv_4, i32 %phi_ln64_2_load" [./arith3.h:64]   --->   Operation 128 'insertvalue' 'mrv_5' <Predicate = (!icmp_ln48 & icmp_ln51 & !and_ln55) | (tmp)> <Delay = 0.00>
ST_4 : Operation 129 [1/1] (0.00ns)   --->   "%mrv_6 = insertvalue i224 %mrv_5, i32 %select_ln62" [./arith3.h:64]   --->   Operation 129 'insertvalue' 'mrv_6' <Predicate = (!icmp_ln48 & icmp_ln51 & !and_ln55) | (tmp)> <Delay = 0.00>
ST_4 : Operation 130 [1/1] (0.00ns)   --->   "%ret_ln64 = ret i224 %mrv_6" [./arith3.h:64]   --->   Operation 130 'ret' 'ret_ln64' <Predicate = (!icmp_ln48 & icmp_ln51 & !and_ln55) | (tmp)> <Delay = 0.00>

State 5 <SV = 4> <Delay = 1.87>
ST_5 : Operation 131 [1/1] (0.00ns)   --->   "%oi_5_ph = phi i32 %oi_0_load, void %VITIS_LOOP_53_2, i32 %add_ln34_2, void %if.then.i19" [./arith3.h:34->./arith3.h:49]   --->   Operation 131 'phi' 'oi_5_ph' <Predicate = true> <Delay = 0.00>
ST_5 : Operation 132 [1/1] (0.00ns)   --->   "%nb_5_ph = phi i32 %add_ln33_2, void %VITIS_LOOP_53_2, i32 0, void %if.then.i19" [./arith3.h:33->./arith3.h:52]   --->   Operation 132 'phi' 'nb_5_ph' <Predicate = true> <Delay = 0.00>
ST_5 : Operation 133 [1/1] (0.00ns)   --->   "%ob_5_ph = phi i32 %or_ln, void %VITIS_LOOP_53_2, i32 0, void %if.then.i19" [./arith3.h:33->./arith3.h:52]   --->   Operation 133 'phi' 'ob_5_ph' <Predicate = true> <Delay = 0.00>
ST_5 : Operation 134 [1/1] (0.00ns)   --->   "%pending_0_load_5 = load i32 %pending_0"   --->   Operation 134 'load' 'pending_0_load_5' <Predicate = true> <Delay = 0.00>
ST_5 : Operation 135 [2/2] (1.87ns)   --->   "%call_ln34 = call void @encode_bit_Pipeline_VITIS_LOOP_53_2, i32 %oi_5_ph, i32 %nb_5_ph, i32 %ob_5_ph, i32 %pending_0_load_5, i8 %out_r, i32 %oi_0, i32 %nb_0, i32 %ob_0" [./arith3.h:34->./arith3.h:49]   --->   Operation 135 'call' 'call_ln34' <Predicate = true> <Delay = 1.87> <CoreType = "Generic">   --->   Generic Core

State 6 <SV = 5> <Delay = 1.87>
ST_6 : Operation 136 [1/2] (1.87ns)   --->   "%call_ln34 = call void @encode_bit_Pipeline_VITIS_LOOP_53_2, i32 %oi_5_ph, i32 %nb_5_ph, i32 %ob_5_ph, i32 %pending_0_load_5, i8 %out_r, i32 %oi_0, i32 %nb_0, i32 %ob_0" [./arith3.h:34->./arith3.h:49]   --->   Operation 136 'call' 'call_ln34' <Predicate = (!icmp_ln48 & !icmp_ln51)> <Delay = 1.87> <CoreType = "Generic">   --->   Generic Core
ST_6 : Operation 137 [1/1] (0.47ns)   --->   "%store_ln0 = store i32 0, i32 %pending_0"   --->   Operation 137 'store' 'store_ln0' <Predicate = (!icmp_ln48 & !icmp_ln51)> <Delay = 0.47>
ST_6 : Operation 138 [1/1] (0.42ns)   --->   "%br_ln0 = br void %for.inc"   --->   Operation 138 'br' 'br_ln0' <Predicate = (!icmp_ln48 & !icmp_ln51)> <Delay = 0.42>
ST_6 : Operation 139 [1/2] (1.87ns)   --->   "%call_ln34 = call void @encode_bit_Pipeline_VITIS_LOOP_50_1, i32 %oi_2_ph, i32 %nb_2_ph, i32 %ob_2_ph, i32 %pending_0_load41, i8 %out_r, i32 %oi_0, i32 %nb_0, i32 %ob_0" [./arith3.h:34->./arith3.h:49]   --->   Operation 139 'call' 'call_ln34' <Predicate = (icmp_ln48)> <Delay = 1.87> <CoreType = "Generic">   --->   Generic Core
ST_6 : Operation 140 [1/1] (0.47ns)   --->   "%store_ln0 = store i32 0, i32 %pending_0"   --->   Operation 140 'store' 'store_ln0' <Predicate = (icmp_ln48)> <Delay = 0.47>
ST_6 : Operation 141 [1/1] (0.42ns)   --->   "%br_ln0 = br void %for.inc"   --->   Operation 141 'br' 'br_ln0' <Predicate = (icmp_ln48)> <Delay = 0.42>
ST_6 : Operation 142 [1/1] (0.00ns)   --->   "%empty_47 = phi i15 %xor_ln56_2, void %if.end25, i15 %trunc_ln47, void %while.cond11.preheader, i15 %trunc_ln47, void %while.cond.preheader" [./arith3.h:56]   --->   Operation 142 'phi' 'empty_47' <Predicate = true> <Delay = 0.00>
ST_6 : Operation 143 [1/1] (0.00ns)   --->   "%empty_48 = phi i15 %xor_ln, void %if.end25, i15 %trunc_ln47_2, void %while.cond11.preheader, i15 %trunc_ln47_2, void %while.cond.preheader" [./arith3.h:56]   --->   Operation 143 'phi' 'empty_48' <Predicate = true> <Delay = 0.00>
ST_6 : Operation 144 [1/1] (0.00ns)   --->   "%shl_ln2 = bitconcatenate i16 @_ssdm_op_BitConcatenate.i16.i15.i1, i15 %empty_48, i1 0" [./arith3.h:58]   --->   Operation 144 'bitconcatenate' 'shl_ln2' <Predicate = true> <Delay = 0.00>
ST_6 : Operation 145 [1/1] (0.00ns)   --->   "%zext_ln59 = zext i16 %shl_ln2" [./arith3.h:59]   --->   Operation 145 'zext' 'zext_ln59' <Predicate = true> <Delay = 0.00>
ST_6 : Operation 146 [1/1] (0.00ns)   --->   "%or_ln4 = bitconcatenate i16 @_ssdm_op_BitConcatenate.i16.i15.i1, i15 %empty_47, i1 1" [./arith3.h:59]   --->   Operation 146 'bitconcatenate' 'or_ln4' <Predicate = true> <Delay = 0.00>
ST_6 : Operation 147 [1/1] (0.00ns)   --->   "%zext_ln47 = zext i16 %or_ln4" [./arith3.h:47]   --->   Operation 147 'zext' 'zext_ln47' <Predicate = true> <Delay = 0.00>
ST_6 : Operation 148 [1/1] (0.42ns)   --->   "%store_ln38 = store i32 %zext_ln59, i32 %phi_ln64" [./arith3.h:38]   --->   Operation 148 'store' 'store_ln38' <Predicate = true> <Delay = 0.42>
ST_6 : Operation 149 [1/1] (0.42ns)   --->   "%store_ln38 = store i32 %zext_ln47, i32 %phi_ln64_2" [./arith3.h:38]   --->   Operation 149 'store' 'store_ln38' <Predicate = true> <Delay = 0.42>
ST_6 : Operation 150 [1/1] (0.42ns)   --->   "%store_ln59 = store i32 %zext_ln59, i32 %empty_46" [./arith3.h:59]   --->   Operation 150 'store' 'store_ln59' <Predicate = true> <Delay = 0.42>
ST_6 : Operation 151 [1/1] (0.42ns)   --->   "%store_ln47 = store i32 %zext_ln47, i32 %empty" [./arith3.h:47]   --->   Operation 151 'store' 'store_ln47' <Predicate = true> <Delay = 0.42>
ST_6 : Operation 152 [1/1] (0.42ns)   --->   "%store_ln47 = store i6 %r_3, i6 %r_01" [./arith3.h:47]   --->   Operation 152 'store' 'store_ln47' <Predicate = true> <Delay = 0.42>
ST_6 : Operation 153 [1/1] (0.00ns)   --->   "%br_ln47 = br void %for.body" [./arith3.h:47]   --->   Operation 153 'br' 'br_ln47' <Predicate = true> <Delay = 0.00>

State 7 <SV = 4> <Delay = 1.87>
ST_7 : Operation 154 [1/1] (0.00ns)   --->   "%oi_2_ph = phi i32 %oi_0_load, void %VITIS_LOOP_50_1, i32 %add_ln34, void %if.then.i" [./arith3.h:34->./arith3.h:49]   --->   Operation 154 'phi' 'oi_2_ph' <Predicate = true> <Delay = 0.00>
ST_7 : Operation 155 [1/1] (0.00ns)   --->   "%nb_2_ph = phi i32 %add_ln33, void %VITIS_LOOP_50_1, i32 0, void %if.then.i" [./arith3.h:33->./arith3.h:49]   --->   Operation 155 'phi' 'nb_2_ph' <Predicate = true> <Delay = 0.00>
ST_7 : Operation 156 [1/1] (0.00ns)   --->   "%ob_2_ph = phi i32 %shl_ln33, void %VITIS_LOOP_50_1, i32 0, void %if.then.i" [./arith3.h:33->./arith3.h:49]   --->   Operation 156 'phi' 'ob_2_ph' <Predicate = true> <Delay = 0.00>
ST_7 : Operation 157 [1/1] (0.00ns)   --->   "%pending_0_load41 = load i32 %pending_0"   --->   Operation 157 'load' 'pending_0_load41' <Predicate = true> <Delay = 0.00>
ST_7 : Operation 158 [2/2] (1.87ns)   --->   "%call_ln34 = call void @encode_bit_Pipeline_VITIS_LOOP_50_1, i32 %oi_2_ph, i32 %nb_2_ph, i32 %ob_2_ph, i32 %pending_0_load41, i8 %out_r, i32 %oi_0, i32 %nb_0, i32 %ob_0" [./arith3.h:34->./arith3.h:49]   --->   Operation 158 'call' 'call_ln34' <Predicate = true> <Delay = 1.87> <CoreType = "Generic">   --->   Generic Core


============================================================
+ Verbose Summary: Binding
============================================================
STG Binding: 
---------------- STG Properties BEGIN ----------------
- Is combinational: 0
- Is one-state seq: 0
- Is datapath-only: 0
- Is pipelined: 0
- Is top level: 0
Port [ Return ] is wired: 1; IO mode=ap_ctrl_hs:ce=0
Port [ low_read_6]:  wired=1; compound=0; hidden=0; nouse=0; global=0; static=0; extern=0; dir=0; type=0; pingpong=0; private_global=0; IO mode=ap_none:ce=0
Port [ low_read]:  wired=1; compound=0; hidden=0; nouse=0; global=0; static=0; extern=0; dir=0; type=0; pingpong=0; private_global=0; IO mode=ap_none:ce=0
Port [ high_read_6]:  wired=1; compound=0; hidden=0; nouse=0; global=0; static=0; extern=0; dir=0; type=0; pingpong=0; private_global=0; IO mode=ap_none:ce=0
Port [ high_read]:  wired=1; compound=0; hidden=0; nouse=0; global=0; static=0; extern=0; dir=0; type=0; pingpong=0; private_global=0; IO mode=ap_none:ce=0
Port [ pending_read]:  wired=1; compound=0; hidden=0; nouse=0; global=0; static=0; extern=0; dir=0; type=0; pingpong=0; private_global=0; IO mode=ap_none:ce=0
Port [ ob_read]:  wired=1; compound=0; hidden=0; nouse=0; global=0; static=0; extern=0; dir=0; type=0; pingpong=0; private_global=0; IO mode=ap_none:ce=0
Port [ nb_read]:  wired=1; compound=0; hidden=0; nouse=0; global=0; static=0; extern=0; dir=0; type=0; pingpong=0; private_global=0; IO mode=ap_none:ce=0
Port [ out_r]:  wired=1; compound=1; hidden=0; nouse=0; global=0; static=0; extern=0; dir=1; type=1; pingpong=0; private_global=0; MemPort=[03]; IO mode=ap_memory:ce=0
Port [ oi_read]:  wired=1; compound=0; hidden=0; nouse=0; global=0; static=0; extern=0; dir=0; type=0; pingpong=0; private_global=0; IO mode=ap_none:ce=0
Port [ prob_read]:  wired=1; compound=0; hidden=0; nouse=0; global=0; static=0; extern=0; dir=0; type=0; pingpong=0; private_global=0; IO mode=ap_none:ce=0
Port [ bit_r]:  wired=1; compound=0; hidden=0; nouse=0; global=0; static=0; extern=0; dir=0; type=0; pingpong=0; private_global=0; IO mode=ap_none:ce=0
---------------- STG Properties END ------------------

---------------- Datapath Model BEGIN ----------------

<LifeTime>
<method=bitvector/>
r_01                   (alloca           ) [ 01111111]
empty                  (alloca           ) [ 00111111]
empty_46               (alloca           ) [ 00111111]
pending_0              (alloca           ) [ 01111111]
phi_ln64_2             (alloca           ) [ 00111111]
phi_ln64               (alloca           ) [ 00111111]
oi_0                   (alloca           ) [ 01111111]
ob_0                   (alloca           ) [ 01111111]
nb_0                   (alloca           ) [ 01111111]
oi_read_2              (read             ) [ 00000000]
nb_read_2              (read             ) [ 00000000]
ob_read31              (read             ) [ 00000000]
pending_read_2         (read             ) [ 00000000]
high_read_3            (read             ) [ 00110000]
low_read_3             (read             ) [ 00110000]
add_ln41               (add              ) [ 00000000]
range                  (sub              ) [ 00100000]
store_ln0              (store            ) [ 00000000]
store_ln0              (store            ) [ 00000000]
store_ln0              (store            ) [ 00000000]
store_ln0              (store            ) [ 00000000]
store_ln47             (store            ) [ 00000000]
prob_read_2            (read             ) [ 00011111]
mul_ln42               (mul              ) [ 00000000]
split                  (partselect       ) [ 00010000]
bit_read               (read             ) [ 00001111]
high_read_4            (read             ) [ 00000000]
low_read_4             (read             ) [ 00000000]
zext_ln42              (zext             ) [ 00000000]
add_ln44               (add              ) [ 00000000]
add_ln43               (add              ) [ 00000000]
low_write_assign_ph    (select           ) [ 00000000]
high_write_assign_ph   (select           ) [ 00000000]
p_ph                   (select           ) [ 00000000]
p_ph7                  (select           ) [ 00000000]
store_ln38             (store            ) [ 00000000]
store_ln38             (store            ) [ 00000000]
store_ln44             (store            ) [ 00000000]
store_ln43             (store            ) [ 00000000]
br_ln47                (br               ) [ 00000000]
r                      (load             ) [ 00000000]
oi_0_load              (load             ) [ 00001111]
tmp                    (bitselect        ) [ 00001111]
r_3                    (add              ) [ 00000111]
br_ln47                (br               ) [ 00000000]
p_load47               (load             ) [ 00000000]
p_load43               (load             ) [ 00000000]
trunc_ln47             (trunc            ) [ 00001111]
trunc_ln47_2           (trunc            ) [ 00001111]
speclooptripcount_ln47 (speclooptripcount) [ 00000000]
specloopname_ln47      (specloopname     ) [ 00000000]
tmp_5                  (partselect       ) [ 00000000]
icmp_ln48              (icmp             ) [ 00001111]
br_ln48                (br               ) [ 00000000]
tmp_6                  (partselect       ) [ 00000000]
icmp_ln51              (icmp             ) [ 00001111]
br_ln51                (br               ) [ 00000000]
ob_0_load              (load             ) [ 00000000]
nb_0_load_3            (load             ) [ 00000000]
trunc_ln33_5           (trunc            ) [ 00000000]
trunc_ln33_6           (trunc            ) [ 00000000]
or_ln                  (bitconcatenate   ) [ 00001111]
add_ln33_2             (add              ) [ 00001111]
icmp_ln34_3            (icmp             ) [ 00001111]
br_ln34                (br               ) [ 00001111]
or_ln3                 (bitconcatenate   ) [ 00000000]
add_ln34_2             (add              ) [ 00001111]
zext_ln34_5            (zext             ) [ 00000000]
out_addr_4             (getelementptr    ) [ 00000000]
store_ln34             (store            ) [ 00000000]
br_ln34                (br               ) [ 00001111]
p_load48               (load             ) [ 00000000]
tmp_7                  (partselect       ) [ 00000000]
icmp_ln55              (icmp             ) [ 00000000]
icmp_ln55_2            (icmp             ) [ 00000000]
and_ln55               (and              ) [ 00001111]
br_ln55                (br               ) [ 00000000]
pending_0_load         (load             ) [ 00000000]
add_ln56               (add              ) [ 00000000]
bit_sel2               (bitselect        ) [ 00000000]
xor_ln56_3             (xor              ) [ 00000000]
trunc_ln56             (trunc            ) [ 00000000]
xor_ln                 (bitconcatenate   ) [ 00001111]
bit_sel                (bitselect        ) [ 00000000]
xor_ln56               (xor              ) [ 00000000]
trunc_ln56_2           (trunc            ) [ 00000000]
xor_ln56_2             (bitconcatenate   ) [ 00001111]
store_ln56             (store            ) [ 00000000]
br_ln0                 (br               ) [ 00001111]
ob_0_load_3            (load             ) [ 00000000]
nb_0_load              (load             ) [ 00000000]
trunc_ln33             (trunc            ) [ 00000000]
shl_ln33               (shl              ) [ 00001111]
add_ln33               (add              ) [ 00001111]
icmp_ln34              (icmp             ) [ 00001111]
br_ln34                (br               ) [ 00001111]
trunc_ln2              (bitconcatenate   ) [ 00000000]
add_ln34               (add              ) [ 00001111]
zext_ln34              (zext             ) [ 00000000]
out_addr               (getelementptr    ) [ 00000000]
store_ln34             (store            ) [ 00000000]
br_ln34                (br               ) [ 00001111]
pending_0_load42       (load             ) [ 00000000]
phi_ln64_2_load        (load             ) [ 00000000]
phi_ln64_load          (load             ) [ 00000000]
ob_0_load_4            (load             ) [ 00000000]
nb_0_load_4            (load             ) [ 00000000]
lshr_ln                (partselect       ) [ 00000000]
zext_ln63              (zext             ) [ 00000000]
sub_ln63               (sub              ) [ 00000000]
sub_ln62               (sub              ) [ 00000000]
lshr_ln2               (partselect       ) [ 00000000]
zext_ln62              (zext             ) [ 00000000]
add_ln62               (add              ) [ 00000000]
select_ln62            (select           ) [ 00000000]
mrv_s                  (insertvalue      ) [ 00000000]
mrv_7                  (insertvalue      ) [ 00000000]
mrv_8                  (insertvalue      ) [ 00000000]
mrv_9                  (insertvalue      ) [ 00000000]
mrv_4                  (insertvalue      ) [ 00000000]
mrv_5                  (insertvalue      ) [ 00000000]
mrv_6                  (insertvalue      ) [ 00000000]
ret_ln64               (ret              ) [ 00000000]
oi_5_ph                (phi              ) [ 00000111]
nb_5_ph                (phi              ) [ 00000111]
ob_5_ph                (phi              ) [ 00000111]
pending_0_load_5       (load             ) [ 00001011]
call_ln34              (call             ) [ 00000000]
store_ln0              (store            ) [ 00000000]
br_ln0                 (br               ) [ 00000000]
call_ln34              (call             ) [ 00000000]
store_ln0              (store            ) [ 00000000]
br_ln0                 (br               ) [ 00000000]
empty_47               (phi              ) [ 00000010]
empty_48               (phi              ) [ 00000010]
shl_ln2                (bitconcatenate   ) [ 00000000]
zext_ln59              (zext             ) [ 00000000]
or_ln4                 (bitconcatenate   ) [ 00000000]
zext_ln47              (zext             ) [ 00000000]
store_ln38             (store            ) [ 00000000]
store_ln38             (store            ) [ 00000000]
store_ln59             (store            ) [ 00000000]
store_ln47             (store            ) [ 00000000]
store_ln47             (store            ) [ 00000000]
br_ln47                (br               ) [ 00000000]
oi_2_ph                (phi              ) [ 00000111]
nb_2_ph                (phi              ) [ 00000111]
ob_2_ph                (phi              ) [ 00000111]
pending_0_load41       (load             ) [ 00001110]
</LifeTime>

<model>

<comp_list>
<comp id="0" class="1000" name="low_read_6">
<pin_list>
<pin id="1" dir="1" index="0" bw="1" slack="0"/>
</pin_list>
<bind>
<StgValue><ssdm name="low_read_6"/></StgValue>
</bind>
</comp>

<comp id="2" class="1000" name="low_read">
<pin_list>
<pin id="3" dir="1" index="0" bw="1" slack="0"/>
</pin_list>
<bind>
<StgValue><ssdm name="low_read"/></StgValue>
</bind>
</comp>

<comp id="4" class="1000" name="high_read_6">
<pin_list>
<pin id="5" dir="1" index="0" bw="1" slack="0"/>
</pin_list>
<bind>
<StgValue><ssdm name="high_read_6"/></StgValue>
</bind>
</comp>

<comp id="6" class="1000" name="high_read">
<pin_list>
<pin id="7" dir="1" index="0" bw="1" slack="0"/>
</pin_list>
<bind>
<StgValue><ssdm name="high_read"/></StgValue>
</bind>
</comp>

<comp id="8" class="1000" name="pending_read">
<pin_list>
<pin id="9" dir="1" index="0" bw="1" slack="0"/>
</pin_list>
<bind>
<StgValue><ssdm name="pending_read"/></StgValue>
</bind>
</comp>

<comp id="10" class="1000" name="ob_read">
<pin_list>
<pin id="11" dir="1" index="0" bw="1" slack="0"/>
</pin_list>
<bind>
<StgValue><ssdm name="ob_read"/></StgValue>
</bind>
</comp>

<comp id="12" class="1000" name="nb_read">
<pin_list>
<pin id="13" dir="1" index="0" bw="1" slack="0"/>
</pin_list>
<bind>
<StgValue><ssdm name="nb_read"/></StgValue>
</bind>
</comp>

<comp id="14" class="1000" name="out_r">
<pin_list>
<pin id="15" dir="1" index="0" bw="1" slack="0"/>
</pin_list>
<bind>
<StgValue><ssdm name="out_r"/><MemPortTyVec>0 3 </MemPortTyVec>
</StgValue>
</bind>
</comp>

<comp id="16" class="1000" name="oi_read">
<pin_list>
<pin id="17" dir="1" index="0" bw="1" slack="0"/>
</pin_list>
<bind>
<StgValue><ssdm name="oi_read"/></StgValue>
</bind>
</comp>

<comp id="18" class="1000" name="prob_read">
<pin_list>
<pin id="19" dir="1" index="0" bw="1" slack="0"/>
</pin_list>
<bind>
<StgValue><ssdm name="prob_read"/></StgValue>
</bind>
</comp>

<comp id="20" class="1000" name="bit_r">
<pin_list>
<pin id="21" dir="1" index="0" bw="1" slack="0"/>
</pin_list>
<bind>
<StgValue><ssdm name="bit_r"/></StgValue>
</bind>
</comp>

<comp id="22" class="1001" name="const_22">
<pin_list>
<pin id="23" dir="1" index="0" bw="1" slack="0"/>
</pin_list>
<bind>
<StgValue><ssdm name=""/></StgValue>
</bind>
</comp>

<comp id="24" class="1001" name="const_24">
<pin_list>
<pin id="25" dir="1" index="0" bw="1" slack="0"/>
</pin_list>
<bind>
<StgValue><ssdm name="_ssdm_op_Read.ap_auto.i32"/></StgValue>
</bind>
</comp>

<comp id="26" class="1001" name="const_26">
<pin_list>
<pin id="27" dir="1" index="0" bw="1" slack="0"/>
</pin_list>
<bind>
<StgValue><ssdm name=""/></StgValue>
</bind>
</comp>

<comp id="28" class="1001" name="const_28">
<pin_list>
<pin id="29" dir="1" index="0" bw="1" slack="0"/>
</pin_list>
<bind>
<StgValue><ssdm name="_ssdm_op_PartSelect.i20.i32.i32.i32"/></StgValue>
</bind>
</comp>

<comp id="30" class="1001" name="const_30">
<pin_list>
<pin id="31" dir="1" index="0" bw="1" slack="0"/>
</pin_list>
<bind>
<StgValue><ssdm name=""/></StgValue>
</bind>
</comp>

<comp id="32" class="1001" name="const_32">
<pin_list>
<pin id="33" dir="1" index="0" bw="1" slack="0"/>
</pin_list>
<bind>
<StgValue><ssdm name=""/></StgValue>
</bind>
</comp>

<comp id="34" class="1001" name="const_34">
<pin_list>
<pin id="35" dir="1" index="0" bw="1" slack="0"/>
</pin_list>
<bind>
<StgValue><ssdm name="_ssdm_op_Read.ap_auto.i1"/></StgValue>
</bind>
</comp>

<comp id="36" class="1001" name="const_36">
<pin_list>
<pin id="37" dir="1" index="0" bw="1" slack="0"/>
</pin_list>
<bind>
<StgValue><ssdm name=""/></StgValue>
</bind>
</comp>

<comp id="38" class="1001" name="const_38">
<pin_list>
<pin id="39" dir="1" index="0" bw="1" slack="0"/>
</pin_list>
<bind>
<StgValue><ssdm name="_ssdm_op_BitSelect.i1.i6.i32"/></StgValue>
</bind>
</comp>

<comp id="40" class="1001" name="const_40">
<pin_list>
<pin id="41" dir="1" index="0" bw="1" slack="0"/>
</pin_list>
<bind>
<StgValue><ssdm name=""/></StgValue>
</bind>
</comp>

<comp id="42" class="1001" name="const_42">
<pin_list>
<pin id="43" dir="1" index="0" bw="1" slack="0"/>
</pin_list>
<bind>
<StgValue><ssdm name=""/></StgValue>
</bind>
</comp>

<comp id="44" class="1001" name="const_44">
<pin_list>
<pin id="45" dir="1" index="0" bw="1" slack="2147483647"/>
</pin_list>
<bind>
<StgValue><ssdm name="_ssdm_op_SpecLoopTripCount"/></StgValue>
</bind>
</comp>

<comp id="46" class="1001" name="const_46">
<pin_list>
<pin id="47" dir="1" index="0" bw="1" slack="0"/>
</pin_list>
<bind>
<StgValue><ssdm name=""/></StgValue>
</bind>
</comp>

<comp id="48" class="1001" name="const_48">
<pin_list>
<pin id="49" dir="1" index="0" bw="1" slack="2147483647"/>
</pin_list>
<bind>
<StgValue><ssdm name=""/></StgValue>
</bind>
</comp>

<comp id="50" class="1001" name="const_50">
<pin_list>
<pin id="51" dir="1" index="0" bw="1" slack="2147483647"/>
</pin_list>
<bind>
<StgValue><ssdm name=""/></StgValue>
</bind>
</comp>

<comp id="52" class="1001" name="const_52">
<pin_list>
<pin id="53" dir="1" index="0" bw="1" slack="2147483647"/>
</pin_list>
<bind>
<StgValue><ssdm name="_ssdm_op_SpecLoopName"/></StgValue>
</bind>
</comp>

<comp id="54" class="1001" name="const_54">
<pin_list>
<pin id="55" dir="1" index="0" bw="1" slack="2147483647"/>
</pin_list>
<bind>
<StgValue><ssdm name="empty_20"/></StgValue>
</bind>
</comp>

<comp id="56" class="1001" name="const_56">
<pin_list>
<pin id="57" dir="1" index="0" bw="1" slack="0"/>
</pin_list>
<bind>
<StgValue><ssdm name="_ssdm_op_PartSelect.i17.i32.i32.i32"/></StgValue>
</bind>
</comp>

<comp id="58" class="1001" name="const_58">
<pin_list>
<pin id="59" dir="1" index="0" bw="1" slack="0"/>
</pin_list>
<bind>
<StgValue><ssdm name=""/></StgValue>
</bind>
</comp>

<comp id="60" class="1001" name="const_60">
<pin_list>
<pin id="61" dir="1" index="0" bw="1" slack="0"/>
</pin_list>
<bind>
<StgValue><ssdm name=""/></StgValue>
</bind>
</comp>

<comp id="62" class="1001" name="const_62">
<pin_list>
<pin id="63" dir="1" index="0" bw="1" slack="0"/>
</pin_list>
<bind>
<StgValue><ssdm name="_ssdm_op_BitConcatenate.i32.i31.i1"/></StgValue>
</bind>
</comp>

<comp id="64" class="1001" name="const_64">
<pin_list>
<pin id="65" dir="1" index="0" bw="1" slack="0"/>
</pin_list>
<bind>
<StgValue><ssdm name=""/></StgValue>
</bind>
</comp>

<comp id="66" class="1001" name="const_66">
<pin_list>
<pin id="67" dir="1" index="0" bw="1" slack="0"/>
</pin_list>
<bind>
<StgValue><ssdm name=""/></StgValue>
</bind>
</comp>

<comp id="68" class="1001" name="const_68">
<pin_list>
<pin id="69" dir="1" index="0" bw="1" slack="0"/>
</pin_list>
<bind>
<StgValue><ssdm name="_ssdm_op_BitConcatenate.i8.i7.i1"/></StgValue>
</bind>
</comp>

<comp id="70" class="1001" name="const_70">
<pin_list>
<pin id="71" dir="1" index="0" bw="1" slack="0"/>
</pin_list>
<bind>
<StgValue><ssdm name="_ssdm_op_PartSelect.i18.i32.i32.i32"/></StgValue>
</bind>
</comp>

<comp id="72" class="1001" name="const_72">
<pin_list>
<pin id="73" dir="1" index="0" bw="1" slack="0"/>
</pin_list>
<bind>
<StgValue><ssdm name=""/></StgValue>
</bind>
</comp>

<comp id="74" class="1001" name="const_74">
<pin_list>
<pin id="75" dir="1" index="0" bw="1" slack="0"/>
</pin_list>
<bind>
<StgValue><ssdm name=""/></StgValue>
</bind>
</comp>

<comp id="76" class="1001" name="const_76">
<pin_list>
<pin id="77" dir="1" index="0" bw="1" slack="0"/>
</pin_list>
<bind>
<StgValue><ssdm name=""/></StgValue>
</bind>
</comp>

<comp id="78" class="1001" name="const_78">
<pin_list>
<pin id="79" dir="1" index="0" bw="1" slack="0"/>
</pin_list>
<bind>
<StgValue><ssdm name="_ssdm_op_BitSelect.i1.i32.i32"/></StgValue>
</bind>
</comp>

<comp id="80" class="1001" name="const_80">
<pin_list>
<pin id="81" dir="1" index="0" bw="1" slack="0"/>
</pin_list>
<bind>
<StgValue><ssdm name="_ssdm_op_BitConcatenate.i15.i1.i14"/></StgValue>
</bind>
</comp>

<comp id="82" class="1001" name="const_82">
<pin_list>
<pin id="83" dir="1" index="0" bw="1" slack="0"/>
</pin_list>
<bind>
<StgValue><ssdm name=""/></StgValue>
</bind>
</comp>

<comp id="84" class="1001" name="const_84">
<pin_list>
<pin id="85" dir="1" index="0" bw="1" slack="0"/>
</pin_list>
<bind>
<StgValue><ssdm name="_ssdm_op_PartSelect.i27.i32.i32.i32"/></StgValue>
</bind>
</comp>

<comp id="86" class="1001" name="const_86">
<pin_list>
<pin id="87" dir="1" index="0" bw="1" slack="0"/>
</pin_list>
<bind>
<StgValue><ssdm name=""/></StgValue>
</bind>
</comp>

<comp id="88" class="1001" name="const_88">
<pin_list>
<pin id="89" dir="1" index="0" bw="1" slack="0"/>
</pin_list>
<bind>
<StgValue><ssdm name=""/></StgValue>
</bind>
</comp>

<comp id="90" class="1001" name="const_90">
<pin_list>
<pin id="91" dir="1" index="0" bw="1" slack="0"/>
</pin_list>
<bind>
<StgValue><ssdm name=""/></StgValue>
</bind>
</comp>

<comp id="92" class="1001" name="const_92">
<pin_list>
<pin id="93" dir="1" index="0" bw="1" slack="0"/>
</pin_list>
<bind>
<StgValue><ssdm name="encode_bit_Pipeline_VITIS_LOOP_53_2"/></StgValue>
</bind>
</comp>

<comp id="94" class="1001" name="const_94">
<pin_list>
<pin id="95" dir="1" index="0" bw="1" slack="0"/>
</pin_list>
<bind>
<StgValue><ssdm name="encode_bit_Pipeline_VITIS_LOOP_50_1"/></StgValue>
</bind>
</comp>

<comp id="96" class="1001" name="const_96">
<pin_list>
<pin id="97" dir="1" index="0" bw="1" slack="0"/>
</pin_list>
<bind>
<StgValue><ssdm name="_ssdm_op_BitConcatenate.i16.i15.i1"/></StgValue>
</bind>
</comp>

<comp id="98" class="1004" name="r_01_fu_98">
<pin_list>
<pin id="99" dir="0" index="0" bw="1" slack="0"/>
<pin id="100" dir="1" index="1" bw="6" slack="0"/>
</pin_list>
<bind>
<opcode="alloca(26) " fcode="alloca"/>
<opset="r_01/1 "/>
</bind>
</comp>

<comp id="102" class="1004" name="empty_fu_102">
<pin_list>
<pin id="103" dir="0" index="0" bw="1" slack="0"/>
<pin id="104" dir="1" index="1" bw="32" slack="2"/>
</pin_list>
<bind>
<opcode="alloca(26) " fcode="alloca"/>
<opset="empty/1 "/>
</bind>
</comp>

<comp id="106" class="1004" name="empty_46_fu_106">
<pin_list>
<pin id="107" dir="0" index="0" bw="1" slack="0"/>
<pin id="108" dir="1" index="1" bw="32" slack="2"/>
</pin_list>
<bind>
<opcode="alloca(26) " fcode="alloca"/>
<opset="empty_46/1 "/>
</bind>
</comp>

<comp id="110" class="1004" name="pending_0_fu_110">
<pin_list>
<pin id="111" dir="0" index="0" bw="1" slack="0"/>
<pin id="112" dir="1" index="1" bw="32" slack="0"/>
</pin_list>
<bind>
<opcode="alloca(26) " fcode="alloca"/>
<opset="pending_0/1 "/>
</bind>
</comp>

<comp id="114" class="1004" name="phi_ln64_2_fu_114">
<pin_list>
<pin id="115" dir="0" index="0" bw="1" slack="0"/>
<pin id="116" dir="1" index="1" bw="32" slack="2"/>
</pin_list>
<bind>
<opcode="alloca(26) " fcode="alloca"/>
<opset="phi_ln64_2/1 "/>
</bind>
</comp>

<comp id="118" class="1004" name="phi_ln64_fu_118">
<pin_list>
<pin id="119" dir="0" index="0" bw="1" slack="0"/>
<pin id="120" dir="1" index="1" bw="32" slack="2"/>
</pin_list>
<bind>
<opcode="alloca(26) " fcode="alloca"/>
<opset="phi_ln64/1 "/>
</bind>
</comp>

<comp id="122" class="1004" name="oi_0_fu_122">
<pin_list>
<pin id="123" dir="0" index="0" bw="1" slack="0"/>
<pin id="124" dir="1" index="1" bw="32" slack="0"/>
</pin_list>
<bind>
<opcode="alloca(26) " fcode="alloca"/>
<opset="oi_0/1 "/>
</bind>
</comp>

<comp id="126" class="1004" name="ob_0_fu_126">
<pin_list>
<pin id="127" dir="0" index="0" bw="1" slack="0"/>
<pin id="128" dir="1" index="1" bw="32" slack="0"/>
</pin_list>
<bind>
<opcode="alloca(26) " fcode="alloca"/>
<opset="ob_0/1 "/>
</bind>
</comp>

<comp id="130" class="1004" name="nb_0_fu_130">
<pin_list>
<pin id="131" dir="0" index="0" bw="1" slack="0"/>
<pin id="132" dir="1" index="1" bw="32" slack="0"/>
</pin_list>
<bind>
<opcode="alloca(26) " fcode="alloca"/>
<opset="nb_0/1 "/>
</bind>
</comp>

<comp id="134" class="1004" name="oi_read_2_read_fu_134">
<pin_list>
<pin id="135" dir="0" index="0" bw="32" slack="0"/>
<pin id="136" dir="0" index="1" bw="32" slack="0"/>
<pin id="137" dir="1" index="2" bw="32" slack="0"/>
</pin_list>
<bind>
<opcode="read(1150) " fcode="read"/>
<opset="oi_read_2/1 "/>
</bind>
</comp>

<comp id="140" class="1004" name="nb_read_2_read_fu_140">
<pin_list>
<pin id="141" dir="0" index="0" bw="32" slack="0"/>
<pin id="142" dir="0" index="1" bw="32" slack="0"/>
<pin id="143" dir="1" index="2" bw="32" slack="0"/>
</pin_list>
<bind>
<opcode="read(1150) " fcode="read"/>
<opset="nb_read_2/1 "/>
</bind>
</comp>

<comp id="146" class="1004" name="ob_read31_read_fu_146">
<pin_list>
<pin id="147" dir="0" index="0" bw="32" slack="0"/>
<pin id="148" dir="0" index="1" bw="32" slack="0"/>
<pin id="149" dir="1" index="2" bw="32" slack="0"/>
</pin_list>
<bind>
<opcode="read(1150) " fcode="read"/>
<opset="ob_read31/1 "/>
</bind>
</comp>

<comp id="152" class="1004" name="pending_read_2_read_fu_152">
<pin_list>
<pin id="153" dir="0" index="0" bw="32" slack="0"/>
<pin id="154" dir="0" index="1" bw="32" slack="0"/>
<pin id="155" dir="1" index="2" bw="32" slack="0"/>
</pin_list>
<bind>
<opcode="read(1150) " fcode="read"/>
<opset="pending_read_2/1 "/>
</bind>
</comp>

<comp id="158" class="1004" name="high_read_3_read_fu_158">
<pin_list>
<pin id="159" dir="0" index="0" bw="32" slack="0"/>
<pin id="160" dir="0" index="1" bw="32" slack="0"/>
<pin id="161" dir="1" index="2" bw="32" slack="0"/>
</pin_list>
<bind>
<opcode="read(1150) " fcode="read"/>
<opset="high_read_3/1 "/>
</bind>
</comp>

<comp id="164" class="1004" name="low_read_3_read_fu_164">
<pin_list>
<pin id="165" dir="0" index="0" bw="32" slack="0"/>
<pin id="166" dir="0" index="1" bw="32" slack="0"/>
<pin id="167" dir="1" index="2" bw="32" slack="0"/>
</pin_list>
<bind>
<opcode="read(1150) " fcode="read"/>
<opset="low_read_3/1 "/>
</bind>
</comp>

<comp id="170" class="1004" name="prob_read_2_read_fu_170">
<pin_list>
<pin id="171" dir="0" index="0" bw="32" slack="0"/>
<pin id="172" dir="0" index="1" bw="32" slack="0"/>
<pin id="173" dir="1" index="2" bw="32" slack="0"/>
</pin_list>
<bind>
<opcode="read(1150) " fcode="read"/>
<opset="prob_read_2/2 "/>
</bind>
</comp>

<comp id="176" class="1004" name="bit_read_read_fu_176">
<pin_list>
<pin id="177" dir="0" index="0" bw="1" slack="0"/>
<pin id="178" dir="0" index="1" bw="1" slack="0"/>
<pin id="179" dir="1" index="2" bw="1" slack="0"/>
</pin_list>
<bind>
<opcode="read(1150) " fcode="read"/>
<opset="bit_read/3 "/>
</bind>
</comp>

<comp id="182" class="1004" name="high_read_4_read_fu_182">
<pin_list>
<pin id="183" dir="0" index="0" bw="32" slack="0"/>
<pin id="184" dir="0" index="1" bw="32" slack="0"/>
<pin id="185" dir="1" index="2" bw="32" slack="0"/>
</pin_list>
<bind>
<opcode="read(1150) " fcode="read"/>
<opset="high_read_4/3 "/>
</bind>
</comp>

<comp id="188" class="1004" name="low_read_4_read_fu_188">
<pin_list>
<pin id="189" dir="0" index="0" bw="32" slack="0"/>
<pin id="190" dir="0" index="1" bw="32" slack="0"/>
<pin id="191" dir="1" index="2" bw="32" slack="0"/>
</pin_list>
<bind>
<opcode="read(1150) " fcode="read"/>
<opset="low_read_4/3 "/>
</bind>
</comp>

<comp id="194" class="1004" name="out_addr_4_gep_fu_194">
<pin_list>
<pin id="195" dir="0" index="0" bw="8" slack="0"/>
<pin id="196" dir="0" index="1" bw="1" slack="0"/>
<pin id="197" dir="0" index="2" bw="32" slack="0"/>
<pin id="198" dir="1" index="3" bw="10" slack="0"/>
</pin_list>
<bind>
<opcode="getelementptr(29) " fcode="getelementptr"/>
<opset="out_addr_4/4 "/>
</bind>
</comp>

<comp id="201" class="1004" name="grp_access_fu_201">
<pin_list>
<pin id="202" dir="0" index="0" bw="10" slack="0"/>
<pin id="203" dir="0" index="1" bw="8" slack="0"/>
<pin id="204" dir="0" index="2" bw="0" slack="2147483647"/>
<pin id="205" dir="1" index="3" bw="8" slack="2147483647"/>
</pin_list>
<bind>
<opcode="store(28) " fcode="store"/>
<opset="store_ln34/4 store_ln34/4 "/>
</bind>
</comp>

<comp id="207" class="1004" name="out_addr_gep_fu_207">
<pin_list>
<pin id="208" dir="0" index="0" bw="8" slack="0"/>
<pin id="209" dir="0" index="1" bw="1" slack="0"/>
<pin id="210" dir="0" index="2" bw="32" slack="0"/>
<pin id="211" dir="1" index="3" bw="10" slack="0"/>
</pin_list>
<bind>
<opcode="getelementptr(29) " fcode="getelementptr"/>
<opset="out_addr/4 "/>
</bind>
</comp>

<comp id="215" class="1005" name="oi_5_ph_reg_215">
<pin_list>
<pin id="216" dir="0" index="0" bw="32" slack="1"/>
<pin id="217" dir="1" index="1" bw="32" slack="2147483647"/>
</pin_list>
<bind>
<opset="oi_5_ph (phireg) "/>
</bind>
</comp>

<comp id="218" class="1004" name="oi_5_ph_phi_fu_218">
<pin_list>
<pin id="219" dir="0" index="0" bw="32" slack="2147483647"/>
<pin id="220" dir="0" index="1" bw="0" slack="2147483647"/>
<pin id="221" dir="0" index="2" bw="32" slack="1"/>
<pin id="222" dir="0" index="3" bw="0" slack="2147483647"/>
<pin id="223" dir="1" index="4" bw="32" slack="0"/>
</pin_list>
<bind>
<opcode="phi(47) " fcode="phi"/>
<opset="oi_5_ph/5 "/>
</bind>
</comp>

<comp id="225" class="1005" name="nb_5_ph_reg_225">
<pin_list>
<pin id="226" dir="0" index="0" bw="32" slack="1"/>
<pin id="227" dir="1" index="1" bw="32" slack="1"/>
</pin_list>
<bind>
<opset="nb_5_ph (phireg) "/>
</bind>
</comp>

<comp id="229" class="1004" name="nb_5_ph_phi_fu_229">
<pin_list>
<pin id="230" dir="0" index="0" bw="32" slack="1"/>
<pin id="231" dir="0" index="1" bw="0" slack="2147483647"/>
<pin id="232" dir="0" index="2" bw="1" slack="1"/>
<pin id="233" dir="0" index="3" bw="0" slack="2147483647"/>
<pin id="234" dir="1" index="4" bw="32" slack="0"/>
</pin_list>
<bind>
<opcode="phi(47) " fcode="phi"/>
<opset="nb_5_ph/5 "/>
</bind>
</comp>

<comp id="237" class="1005" name="ob_5_ph_reg_237">
<pin_list>
<pin id="238" dir="0" index="0" bw="32" slack="1"/>
<pin id="239" dir="1" index="1" bw="32" slack="1"/>
</pin_list>
<bind>
<opset="ob_5_ph (phireg) "/>
</bind>
</comp>

<comp id="241" class="1004" name="ob_5_ph_phi_fu_241">
<pin_list>
<pin id="242" dir="0" index="0" bw="32" slack="1"/>
<pin id="243" dir="0" index="1" bw="0" slack="2147483647"/>
<pin id="244" dir="0" index="2" bw="1" slack="1"/>
<pin id="245" dir="0" index="3" bw="0" slack="2147483647"/>
<pin id="246" dir="1" index="4" bw="32" slack="0"/>
</pin_list>
<bind>
<opcode="phi(47) " fcode="phi"/>
<opset="ob_5_ph/5 "/>
</bind>
</comp>

<comp id="249" class="1005" name="empty_47_reg_249">
<pin_list>
<pin id="250" dir="0" index="0" bw="15" slack="2147483647"/>
<pin id="251" dir="1" index="1" bw="15" slack="2147483647"/>
</pin_list>
<bind>
<opset="empty_47 (phireg) "/>
</bind>
</comp>

<comp id="252" class="1004" name="empty_47_phi_fu_252">
<pin_list>
<pin id="253" dir="0" index="0" bw="15" slack="2"/>
<pin id="254" dir="0" index="1" bw="0" slack="2147483647"/>
<pin id="255" dir="0" index="2" bw="15" slack="2"/>
<pin id="256" dir="0" index="3" bw="0" slack="2147483647"/>
<pin id="257" dir="0" index="4" bw="15" slack="2"/>
<pin id="258" dir="0" index="5" bw="0" slack="2147483647"/>
<pin id="259" dir="1" index="6" bw="15" slack="0"/>
</pin_list>
<bind>
<opcode="phi(47) " fcode="phi"/>
<opset="empty_47/6 "/>
</bind>
</comp>

<comp id="260" class="1005" name="empty_48_reg_260">
<pin_list>
<pin id="261" dir="0" index="0" bw="15" slack="2147483647"/>
<pin id="262" dir="1" index="1" bw="15" slack="2147483647"/>
</pin_list>
<bind>
<opset="empty_48 (phireg) "/>
</bind>
</comp>

<comp id="263" class="1004" name="empty_48_phi_fu_263">
<pin_list>
<pin id="264" dir="0" index="0" bw="15" slack="2"/>
<pin id="265" dir="0" index="1" bw="0" slack="2147483647"/>
<pin id="266" dir="0" index="2" bw="15" slack="2"/>
<pin id="267" dir="0" index="3" bw="0" slack="2147483647"/>
<pin id="268" dir="0" index="4" bw="15" slack="2"/>
<pin id="269" dir="0" index="5" bw="0" slack="2147483647"/>
<pin id="270" dir="1" index="6" bw="15" slack="0"/>
</pin_list>
<bind>
<opcode="phi(47) " fcode="phi"/>
<opset="empty_48/6 "/>
</bind>
</comp>

<comp id="271" class="1005" name="oi_2_ph_reg_271">
<pin_list>
<pin id="272" dir="0" index="0" bw="32" slack="1"/>
<pin id="273" dir="1" index="1" bw="32" slack="2147483647"/>
</pin_list>
<bind>
<opset="oi_2_ph (phireg) "/>
</bind>
</comp>

<comp id="274" class="1004" name="oi_2_ph_phi_fu_274">
<pin_list>
<pin id="275" dir="0" index="0" bw="32" slack="1"/>
<pin id="276" dir="0" index="1" bw="0" slack="2147483647"/>
<pin id="277" dir="0" index="2" bw="32" slack="1"/>
<pin id="278" dir="0" index="3" bw="0" slack="2147483647"/>
<pin id="279" dir="1" index="4" bw="32" slack="0"/>
</pin_list>
<bind>
<opcode="phi(47) " fcode="phi"/>
<opset="oi_2_ph/7 "/>
</bind>
</comp>

<comp id="281" class="1005" name="nb_2_ph_reg_281">
<pin_list>
<pin id="282" dir="0" index="0" bw="32" slack="1"/>
<pin id="283" dir="1" index="1" bw="32" slack="1"/>
</pin_list>
<bind>
<opset="nb_2_ph (phireg) "/>
</bind>
</comp>

<comp id="285" class="1004" name="nb_2_ph_phi_fu_285">
<pin_list>
<pin id="286" dir="0" index="0" bw="32" slack="1"/>
<pin id="287" dir="0" index="1" bw="0" slack="2147483647"/>
<pin id="288" dir="0" index="2" bw="1" slack="1"/>
<pin id="289" dir="0" index="3" bw="0" slack="2147483647"/>
<pin id="290" dir="1" index="4" bw="32" slack="0"/>
</pin_list>
<bind>
<opcode="phi(47) " fcode="phi"/>
<opset="nb_2_ph/7 "/>
</bind>
</comp>

<comp id="293" class="1005" name="ob_2_ph_reg_293">
<pin_list>
<pin id="294" dir="0" index="0" bw="32" slack="1"/>
<pin id="295" dir="1" index="1" bw="32" slack="1"/>
</pin_list>
<bind>
<opset="ob_2_ph (phireg) "/>
</bind>
</comp>

<comp id="297" class="1004" name="ob_2_ph_phi_fu_297">
<pin_list>
<pin id="298" dir="0" index="0" bw="32" slack="1"/>
<pin id="299" dir="0" index="1" bw="0" slack="2147483647"/>
<pin id="300" dir="0" index="2" bw="1" slack="1"/>
<pin id="301" dir="0" index="3" bw="0" slack="2147483647"/>
<pin id="302" dir="1" index="4" bw="32" slack="0"/>
</pin_list>
<bind>
<opcode="phi(47) " fcode="phi"/>
<opset="ob_2_ph/7 "/>
</bind>
</comp>

<comp id="305" class="1004" name="grp_encode_bit_Pipeline_VITIS_LOOP_53_2_fu_305">
<pin_list>
<pin id="306" dir="0" index="0" bw="0" slack="0"/>
<pin id="307" dir="0" index="1" bw="32" slack="0"/>
<pin id="308" dir="0" index="2" bw="32" slack="0"/>
<pin id="309" dir="0" index="3" bw="32" slack="0"/>
<pin id="310" dir="0" index="4" bw="32" slack="0"/>
<pin id="311" dir="0" index="5" bw="8" slack="0"/>
<pin id="312" dir="0" index="6" bw="32" slack="4"/>
<pin id="313" dir="0" index="7" bw="32" slack="4"/>
<pin id="314" dir="0" index="8" bw="32" slack="4"/>
<pin id="315" dir="1" index="9" bw="0" slack="2147483647"/>
</pin_list>
<bind>
<opcode="call(48) " fcode="call"/>
<opset="call_ln34/5 "/>
</bind>
</comp>

<comp id="321" class="1004" name="grp_encode_bit_Pipeline_VITIS_LOOP_50_1_fu_321">
<pin_list>
<pin id="322" dir="0" index="0" bw="0" slack="0"/>
<pin id="323" dir="0" index="1" bw="32" slack="0"/>
<pin id="324" dir="0" index="2" bw="32" slack="0"/>
<pin id="325" dir="0" index="3" bw="32" slack="0"/>
<pin id="326" dir="0" index="4" bw="32" slack="0"/>
<pin id="327" dir="0" index="5" bw="8" slack="0"/>
<pin id="328" dir="0" index="6" bw="32" slack="4"/>
<pin id="329" dir="0" index="7" bw="32" slack="4"/>
<pin id="330" dir="0" index="8" bw="32" slack="4"/>
<pin id="331" dir="1" index="9" bw="0" slack="2147483647"/>
</pin_list>
<bind>
<opcode="call(48) " fcode="call"/>
<opset="call_ln34/7 "/>
</bind>
</comp>

<comp id="337" class="1004" name="mul_ln42_fu_337">
<pin_list>
<pin id="338" dir="0" index="0" bw="32" slack="1"/>
<pin id="339" dir="0" index="1" bw="32" slack="0"/>
<pin id="340" dir="1" index="2" bw="32" slack="0"/>
</pin_list>
<bind>
<opcode="mul(12) " fcode="mul"/>
<opset="mul_ln42/2 "/>
</bind>
</comp>

<comp id="342" class="1004" name="grp_load_fu_342">
<pin_list>
<pin id="343" dir="0" index="0" bw="32" slack="3"/>
<pin id="344" dir="1" index="1" bw="32" slack="0"/>
</pin_list>
<bind>
<opcode="load(27) " fcode="load"/>
<opset="ob_0_load/4 ob_0_load_3/4 ob_0_load_4/4 "/>
</bind>
</comp>

<comp id="345" class="1004" name="grp_load_fu_345">
<pin_list>
<pin id="346" dir="0" index="0" bw="32" slack="3"/>
<pin id="347" dir="1" index="1" bw="32" slack="0"/>
</pin_list>
<bind>
<opcode="load(27) " fcode="load"/>
<opset="nb_0_load_3/4 nb_0_load/4 nb_0_load_4/4 "/>
</bind>
</comp>

<comp id="348" class="1004" name="grp_fu_348">
<pin_list>
<pin id="349" dir="0" index="0" bw="32" slack="0"/>
<pin id="350" dir="0" index="1" bw="1" slack="0"/>
<pin id="351" dir="1" index="2" bw="32" slack="0"/>
</pin_list>
<bind>
<opcode="add(8) " fcode="add"/>
<opset="add_ln33_2/4 add_ln33/4 "/>
</bind>
</comp>

<comp id="354" class="1004" name="grp_fu_354">
<pin_list>
<pin id="355" dir="0" index="0" bw="32" slack="0"/>
<pin id="356" dir="0" index="1" bw="5" slack="0"/>
<pin id="357" dir="1" index="2" bw="1" slack="2147483647"/>
</pin_list>
<bind>
<opcode="icmp(45) " fcode="icmp"/>
<opset="icmp_ln34_3/4 icmp_ln34/4 "/>
</bind>
</comp>

<comp id="360" class="1004" name="grp_fu_360">
<pin_list>
<pin id="361" dir="0" index="0" bw="32" slack="0"/>
<pin id="362" dir="0" index="1" bw="1" slack="0"/>
<pin id="363" dir="1" index="2" bw="32" slack="1"/>
</pin_list>
<bind>
<opcode="add(8) " fcode="add"/>
<opset="add_ln34_2/4 add_ln34/4 "/>
</bind>
</comp>

<comp id="365" class="1004" name="grp_load_fu_365">
<pin_list>
<pin id="366" dir="0" index="0" bw="32" slack="3"/>
<pin id="367" dir="1" index="1" bw="32" slack="0"/>
</pin_list>
<bind>
<opcode="load(27) " fcode="load"/>
<opset="pending_0_load/4 pending_0_load42/4 pending_0_load_5/5 pending_0_load41/7 "/>
</bind>
</comp>

<comp id="370" class="1005" name="reg_370">
<pin_list>
<pin id="371" dir="0" index="0" bw="32" slack="1"/>
<pin id="372" dir="1" index="1" bw="32" slack="1"/>
</pin_list>
<bind>
<opset="add_ln33_2 add_ln33 "/>
</bind>
</comp>

<comp id="376" class="1005" name="reg_376">
<pin_list>
<pin id="377" dir="0" index="0" bw="32" slack="1"/>
<pin id="378" dir="1" index="1" bw="32" slack="1"/>
</pin_list>
<bind>
<opset="add_ln34_2 add_ln34 "/>
</bind>
</comp>

<comp id="382" class="1004" name="add_ln41_fu_382">
<pin_list>
<pin id="383" dir="0" index="0" bw="32" slack="0"/>
<pin id="384" dir="0" index="1" bw="1" slack="0"/>
<pin id="385" dir="1" index="2" bw="32" slack="0"/>
</pin_list>
<bind>
<opcode="add(8) " fcode="add"/>
<opset="add_ln41/1 "/>
</bind>
</comp>

<comp id="388" class="1004" name="range_fu_388">
<pin_list>
<pin id="389" dir="0" index="0" bw="32" slack="0"/>
<pin id="390" dir="0" index="1" bw="32" slack="0"/>
<pin id="391" dir="1" index="2" bw="32" slack="1"/>
</pin_list>
<bind>
<opcode="sub(10) " fcode="sub"/>
<opset="range/1 "/>
</bind>
</comp>

<comp id="394" class="1004" name="store_ln0_store_fu_394">
<pin_list>
<pin id="395" dir="0" index="0" bw="32" slack="0"/>
<pin id="396" dir="0" index="1" bw="32" slack="0"/>
<pin id="397" dir="1" index="2" bw="0" slack="2147483647"/>
</pin_list>
<bind>
<opcode="store(28) " fcode="store"/>
<opset="store_ln0/1 "/>
</bind>
</comp>

<comp id="399" class="1004" name="store_ln0_store_fu_399">
<pin_list>
<pin id="400" dir="0" index="0" bw="32" slack="0"/>
<pin id="401" dir="0" index="1" bw="32" slack="0"/>
<pin id="402" dir="1" index="2" bw="0" slack="2147483647"/>
</pin_list>
<bind>
<opcode="store(28) " fcode="store"/>
<opset="store_ln0/1 "/>
</bind>
</comp>

<comp id="404" class="1004" name="store_ln0_store_fu_404">
<pin_list>
<pin id="405" dir="0" index="0" bw="32" slack="0"/>
<pin id="406" dir="0" index="1" bw="32" slack="0"/>
<pin id="407" dir="1" index="2" bw="0" slack="2147483647"/>
</pin_list>
<bind>
<opcode="store(28) " fcode="store"/>
<opset="store_ln0/1 "/>
</bind>
</comp>

<comp id="409" class="1004" name="store_ln0_store_fu_409">
<pin_list>
<pin id="410" dir="0" index="0" bw="32" slack="0"/>
<pin id="411" dir="0" index="1" bw="32" slack="0"/>
<pin id="412" dir="1" index="2" bw="0" slack="2147483647"/>
</pin_list>
<bind>
<opcode="store(28) " fcode="store"/>
<opset="store_ln0/1 "/>
</bind>
</comp>

<comp id="414" class="1004" name="store_ln47_store_fu_414">
<pin_list>
<pin id="415" dir="0" index="0" bw="1" slack="0"/>
<pin id="416" dir="0" index="1" bw="6" slack="0"/>
<pin id="417" dir="1" index="2" bw="0" slack="2147483647"/>
</pin_list>
<bind>
<opcode="store(28) " fcode="store"/>
<opset="store_ln47/1 "/>
</bind>
</comp>

<comp id="419" class="1004" name="split_fu_419">
<pin_list>
<pin id="420" dir="0" index="0" bw="20" slack="0"/>
<pin id="421" dir="0" index="1" bw="32" slack="0"/>
<pin id="422" dir="0" index="2" bw="5" slack="0"/>
<pin id="423" dir="0" index="3" bw="6" slack="0"/>
<pin id="424" dir="1" index="4" bw="20" slack="1"/>
</pin_list>
<bind>
<opcode="partselect(1002) " fcode="partselect"/>
<opset="split/2 "/>
</bind>
</comp>

<comp id="429" class="1004" name="zext_ln42_fu_429">
<pin_list>
<pin id="430" dir="0" index="0" bw="20" slack="1"/>
<pin id="431" dir="1" index="1" bw="32" slack="0"/>
</pin_list>
<bind>
<opcode="zext(34) " fcode="zext"/>
<opset="zext_ln42/3 "/>
</bind>
</comp>

<comp id="432" class="1004" name="add_ln44_fu_432">
<pin_list>
<pin id="433" dir="0" index="0" bw="20" slack="0"/>
<pin id="434" dir="0" index="1" bw="32" slack="2"/>
<pin id="435" dir="1" index="2" bw="32" slack="0"/>
</pin_list>
<bind>
<opcode="add(8) " fcode="add"/>
<opset="add_ln44/3 "/>
</bind>
</comp>

<comp id="437" class="1004" name="add_ln43_fu_437">
<pin_list>
<pin id="438" dir="0" index="0" bw="32" slack="0"/>
<pin id="439" dir="0" index="1" bw="1" slack="0"/>
<pin id="440" dir="1" index="2" bw="32" slack="0"/>
</pin_list>
<bind>
<opcode="add(8) " fcode="add"/>
<opset="add_ln43/3 "/>
</bind>
</comp>

<comp id="443" class="1004" name="low_write_assign_ph_fu_443">
<pin_list>
<pin id="444" dir="0" index="0" bw="1" slack="0"/>
<pin id="445" dir="0" index="1" bw="32" slack="0"/>
<pin id="446" dir="0" index="2" bw="32" slack="0"/>
<pin id="447" dir="1" index="3" bw="32" slack="0"/>
</pin_list>
<bind>
<opcode="select(49) " fcode="select"/>
<opset="low_write_assign_ph/3 "/>
</bind>
</comp>

<comp id="451" class="1004" name="high_write_assign_ph_fu_451">
<pin_list>
<pin id="452" dir="0" index="0" bw="1" slack="0"/>
<pin id="453" dir="0" index="1" bw="32" slack="0"/>
<pin id="454" dir="0" index="2" bw="32" slack="0"/>
<pin id="455" dir="1" index="3" bw="32" slack="0"/>
</pin_list>
<bind>
<opcode="select(49) " fcode="select"/>
<opset="high_write_assign_ph/3 "/>
</bind>
</comp>

<comp id="459" class="1004" name="p_ph_fu_459">
<pin_list>
<pin id="460" dir="0" index="0" bw="1" slack="0"/>
<pin id="461" dir="0" index="1" bw="32" slack="0"/>
<pin id="462" dir="0" index="2" bw="32" slack="2"/>
<pin id="463" dir="1" index="3" bw="32" slack="0"/>
</pin_list>
<bind>
<opcode="select(49) " fcode="select"/>
<opset="p_ph/3 "/>
</bind>
</comp>

<comp id="466" class="1004" name="p_ph7_fu_466">
<pin_list>
<pin id="467" dir="0" index="0" bw="1" slack="0"/>
<pin id="468" dir="0" index="1" bw="32" slack="2"/>
<pin id="469" dir="0" index="2" bw="32" slack="0"/>
<pin id="470" dir="1" index="3" bw="32" slack="0"/>
</pin_list>
<bind>
<opcode="select(49) " fcode="select"/>
<opset="p_ph7/3 "/>
</bind>
</comp>

<comp id="473" class="1004" name="store_ln38_store_fu_473">
<pin_list>
<pin id="474" dir="0" index="0" bw="32" slack="0"/>
<pin id="475" dir="0" index="1" bw="32" slack="2"/>
<pin id="476" dir="1" index="2" bw="0" slack="2147483647"/>
</pin_list>
<bind>
<opcode="store(28) " fcode="store"/>
<opset="store_ln38/3 "/>
</bind>
</comp>

<comp id="478" class="1004" name="store_ln38_store_fu_478">
<pin_list>
<pin id="479" dir="0" index="0" bw="32" slack="0"/>
<pin id="480" dir="0" index="1" bw="32" slack="2"/>
<pin id="481" dir="1" index="2" bw="0" slack="2147483647"/>
</pin_list>
<bind>
<opcode="store(28) " fcode="store"/>
<opset="store_ln38/3 "/>
</bind>
</comp>

<comp id="483" class="1004" name="store_ln44_store_fu_483">
<pin_list>
<pin id="484" dir="0" index="0" bw="32" slack="0"/>
<pin id="485" dir="0" index="1" bw="32" slack="2"/>
<pin id="486" dir="1" index="2" bw="0" slack="2147483647"/>
</pin_list>
<bind>
<opcode="store(28) " fcode="store"/>
<opset="store_ln44/3 "/>
</bind>
</comp>

<comp id="488" class="1004" name="store_ln43_store_fu_488">
<pin_list>
<pin id="489" dir="0" index="0" bw="32" slack="0"/>
<pin id="490" dir="0" index="1" bw="32" slack="2"/>
<pin id="491" dir="1" index="2" bw="0" slack="2147483647"/>
</pin_list>
<bind>
<opcode="store(28) " fcode="store"/>
<opset="store_ln43/3 "/>
</bind>
</comp>

<comp id="493" class="1004" name="r_load_fu_493">
<pin_list>
<pin id="494" dir="0" index="0" bw="6" slack="3"/>
<pin id="495" dir="1" index="1" bw="6" slack="0"/>
</pin_list>
<bind>
<opcode="load(27) " fcode="load"/>
<opset="r/4 "/>
</bind>
</comp>

<comp id="496" class="1004" name="oi_0_load_load_fu_496">
<pin_list>
<pin id="497" dir="0" index="0" bw="32" slack="3"/>
<pin id="498" dir="1" index="1" bw="32" slack="0"/>
</pin_list>
<bind>
<opcode="load(27) " fcode="load"/>
<opset="oi_0_load/4 "/>
</bind>
</comp>

<comp id="500" class="1004" name="tmp_fu_500">
<pin_list>
<pin id="501" dir="0" index="0" bw="1" slack="0"/>
<pin id="502" dir="0" index="1" bw="6" slack="0"/>
<pin id="503" dir="0" index="2" bw="4" slack="0"/>
<pin id="504" dir="1" index="3" bw="1" slack="2147483647"/>
</pin_list>
<bind>
<opcode="bitselect(1000) " fcode="bitselect"/>
<opset="tmp/4 "/>
</bind>
</comp>

<comp id="508" class="1004" name="r_3_fu_508">
<pin_list>
<pin id="509" dir="0" index="0" bw="6" slack="0"/>
<pin id="510" dir="0" index="1" bw="1" slack="0"/>
<pin id="511" dir="1" index="2" bw="6" slack="2"/>
</pin_list>
<bind>
<opcode="add(8) " fcode="add"/>
<opset="r_3/4 "/>
</bind>
</comp>

<comp id="514" class="1004" name="p_load47_load_fu_514">
<pin_list>
<pin id="515" dir="0" index="0" bw="32" slack="3"/>
<pin id="516" dir="1" index="1" bw="32" slack="0"/>
</pin_list>
<bind>
<opcode="load(27) " fcode="load"/>
<opset="p_load47/4 "/>
</bind>
</comp>

<comp id="517" class="1004" name="p_load43_load_fu_517">
<pin_list>
<pin id="518" dir="0" index="0" bw="32" slack="3"/>
<pin id="519" dir="1" index="1" bw="32" slack="0"/>
</pin_list>
<bind>
<opcode="load(27) " fcode="load"/>
<opset="p_load43/4 "/>
</bind>
</comp>

<comp id="520" class="1004" name="trunc_ln47_fu_520">
<pin_list>
<pin id="521" dir="0" index="0" bw="32" slack="0"/>
<pin id="522" dir="1" index="1" bw="15" slack="2"/>
</pin_list>
<bind>
<opcode="trunc(33) " fcode="trunc"/>
<opset="trunc_ln47/4 "/>
</bind>
</comp>

<comp id="524" class="1004" name="trunc_ln47_2_fu_524">
<pin_list>
<pin id="525" dir="0" index="0" bw="32" slack="0"/>
<pin id="526" dir="1" index="1" bw="15" slack="2"/>
</pin_list>
<bind>
<opcode="trunc(33) " fcode="trunc"/>
<opset="trunc_ln47_2/4 "/>
</bind>
</comp>

<comp id="528" class="1004" name="tmp_5_fu_528">
<pin_list>
<pin id="529" dir="0" index="0" bw="17" slack="0"/>
<pin id="530" dir="0" index="1" bw="32" slack="0"/>
<pin id="531" dir="0" index="2" bw="5" slack="0"/>
<pin id="532" dir="0" index="3" bw="6" slack="0"/>
<pin id="533" dir="1" index="4" bw="17" slack="0"/>
</pin_list>
<bind>
<opcode="partselect(1002) " fcode="partselect"/>
<opset="tmp_5/4 "/>
</bind>
</comp>

<comp id="538" class="1004" name="icmp_ln48_fu_538">
<pin_list>
<pin id="539" dir="0" index="0" bw="17" slack="0"/>
<pin id="540" dir="0" index="1" bw="1" slack="0"/>
<pin id="541" dir="1" index="2" bw="1" slack="2"/>
</pin_list>
<bind>
<opcode="icmp(45) " fcode="icmp"/>
<opset="icmp_ln48/4 "/>
</bind>
</comp>

<comp id="544" class="1004" name="tmp_6_fu_544">
<pin_list>
<pin id="545" dir="0" index="0" bw="17" slack="0"/>
<pin id="546" dir="0" index="1" bw="32" slack="0"/>
<pin id="547" dir="0" index="2" bw="5" slack="0"/>
<pin id="548" dir="0" index="3" bw="6" slack="0"/>
<pin id="549" dir="1" index="4" bw="17" slack="0"/>
</pin_list>
<bind>
<opcode="partselect(1002) " fcode="partselect"/>
<opset="tmp_6/4 "/>
</bind>
</comp>

<comp id="554" class="1004" name="icmp_ln51_fu_554">
<pin_list>
<pin id="555" dir="0" index="0" bw="17" slack="0"/>
<pin id="556" dir="0" index="1" bw="1" slack="0"/>
<pin id="557" dir="1" index="2" bw="1" slack="2"/>
</pin_list>
<bind>
<opcode="icmp(45) " fcode="icmp"/>
<opset="icmp_ln51/4 "/>
</bind>
</comp>

<comp id="560" class="1004" name="trunc_ln33_5_fu_560">
<pin_list>
<pin id="561" dir="0" index="0" bw="32" slack="0"/>
<pin id="562" dir="1" index="1" bw="31" slack="0"/>
</pin_list>
<bind>
<opcode="trunc(33) " fcode="trunc"/>
<opset="trunc_ln33_5/4 "/>
</bind>
</comp>

<comp id="564" class="1004" name="trunc_ln33_6_fu_564">
<pin_list>
<pin id="565" dir="0" index="0" bw="32" slack="0"/>
<pin id="566" dir="1" index="1" bw="7" slack="0"/>
</pin_list>
<bind>
<opcode="trunc(33) " fcode="trunc"/>
<opset="trunc_ln33_6/4 "/>
</bind>
</comp>

<comp id="568" class="1004" name="or_ln_fu_568">
<pin_list>
<pin id="569" dir="0" index="0" bw="32" slack="0"/>
<pin id="570" dir="0" index="1" bw="31" slack="0"/>
<pin id="571" dir="0" index="2" bw="1" slack="0"/>
<pin id="572" dir="1" index="3" bw="32" slack="1"/>
</pin_list>
<bind>
<opcode="bitconcatenate(1004) " fcode="bitconcatenate"/>
<opset="or_ln/4 "/>
</bind>
</comp>

<comp id="576" class="1004" name="or_ln3_fu_576">
<pin_list>
<pin id="577" dir="0" index="0" bw="8" slack="0"/>
<pin id="578" dir="0" index="1" bw="7" slack="0"/>
<pin id="579" dir="0" index="2" bw="1" slack="0"/>
<pin id="580" dir="1" index="3" bw="8" slack="0"/>
</pin_list>
<bind>
<opcode="bitconcatenate(1004) " fcode="bitconcatenate"/>
<opset="or_ln3/4 "/>
</bind>
</comp>

<comp id="585" class="1004" name="zext_ln34_5_fu_585">
<pin_list>
<pin id="586" dir="0" index="0" bw="32" slack="0"/>
<pin id="587" dir="1" index="1" bw="64" slack="0"/>
</pin_list>
<bind>
<opcode="zext(34) " fcode="zext"/>
<opset="zext_ln34_5/4 "/>
</bind>
</comp>

<comp id="590" class="1004" name="p_load48_load_fu_590">
<pin_list>
<pin id="591" dir="0" index="0" bw="32" slack="3"/>
<pin id="592" dir="1" index="1" bw="32" slack="0"/>
</pin_list>
<bind>
<opcode="load(27) " fcode="load"/>
<opset="p_load48/4 "/>
</bind>
</comp>

<comp id="593" class="1004" name="tmp_7_fu_593">
<pin_list>
<pin id="594" dir="0" index="0" bw="18" slack="0"/>
<pin id="595" dir="0" index="1" bw="32" slack="0"/>
<pin id="596" dir="0" index="2" bw="5" slack="0"/>
<pin id="597" dir="0" index="3" bw="6" slack="0"/>
<pin id="598" dir="1" index="4" bw="18" slack="0"/>
</pin_list>
<bind>
<opcode="partselect(1002) " fcode="partselect"/>
<opset="tmp_7/4 "/>
</bind>
</comp>

<comp id="603" class="1004" name="icmp_ln55_fu_603">
<pin_list>
<pin id="604" dir="0" index="0" bw="18" slack="0"/>
<pin id="605" dir="0" index="1" bw="1" slack="0"/>
<pin id="606" dir="1" index="2" bw="1" slack="0"/>
</pin_list>
<bind>
<opcode="icmp(45) " fcode="icmp"/>
<opset="icmp_ln55/4 "/>
</bind>
</comp>

<comp id="609" class="1004" name="icmp_ln55_2_fu_609">
<pin_list>
<pin id="610" dir="0" index="0" bw="32" slack="0"/>
<pin id="611" dir="0" index="1" bw="17" slack="0"/>
<pin id="612" dir="1" index="2" bw="1" slack="0"/>
</pin_list>
<bind>
<opcode="icmp(45) " fcode="icmp"/>
<opset="icmp_ln55_2/4 "/>
</bind>
</comp>

<comp id="615" class="1004" name="and_ln55_fu_615">
<pin_list>
<pin id="616" dir="0" index="0" bw="1" slack="0"/>
<pin id="617" dir="0" index="1" bw="1" slack="0"/>
<pin id="618" dir="1" index="2" bw="1" slack="2147483647"/>
</pin_list>
<bind>
<opcode="and(23) " fcode="and"/>
<opset="and_ln55/4 "/>
</bind>
</comp>

<comp id="621" class="1004" name="add_ln56_fu_621">
<pin_list>
<pin id="622" dir="0" index="0" bw="32" slack="0"/>
<pin id="623" dir="0" index="1" bw="1" slack="0"/>
<pin id="624" dir="1" index="2" bw="32" slack="0"/>
</pin_list>
<bind>
<opcode="add(8) " fcode="add"/>
<opset="add_ln56/4 "/>
</bind>
</comp>

<comp id="627" class="1004" name="bit_sel2_fu_627">
<pin_list>
<pin id="628" dir="0" index="0" bw="1" slack="0"/>
<pin id="629" dir="0" index="1" bw="32" slack="0"/>
<pin id="630" dir="0" index="2" bw="5" slack="0"/>
<pin id="631" dir="1" index="3" bw="1" slack="0"/>
</pin_list>
<bind>
<opcode="bitselect(1000) " fcode="bitselect"/>
<opset="bit_sel2/4 "/>
</bind>
</comp>

<comp id="635" class="1004" name="xor_ln56_3_fu_635">
<pin_list>
<pin id="636" dir="0" index="0" bw="1" slack="0"/>
<pin id="637" dir="0" index="1" bw="1" slack="0"/>
<pin id="638" dir="1" index="2" bw="1" slack="0"/>
</pin_list>
<bind>
<opcode="xor(25) " fcode="xor"/>
<opset="xor_ln56_3/4 "/>
</bind>
</comp>

<comp id="641" class="1004" name="trunc_ln56_fu_641">
<pin_list>
<pin id="642" dir="0" index="0" bw="32" slack="0"/>
<pin id="643" dir="1" index="1" bw="14" slack="0"/>
</pin_list>
<bind>
<opcode="trunc(33) " fcode="trunc"/>
<opset="trunc_ln56/4 "/>
</bind>
</comp>

<comp id="645" class="1004" name="xor_ln_fu_645">
<pin_list>
<pin id="646" dir="0" index="0" bw="15" slack="0"/>
<pin id="647" dir="0" index="1" bw="1" slack="0"/>
<pin id="648" dir="0" index="2" bw="14" slack="0"/>
<pin id="649" dir="1" index="3" bw="15" slack="2"/>
</pin_list>
<bind>
<opcode="bitconcatenate(1004) " fcode="bitconcatenate"/>
<opset="xor_ln/4 "/>
</bind>
</comp>

<comp id="653" class="1004" name="bit_sel_fu_653">
<pin_list>
<pin id="654" dir="0" index="0" bw="1" slack="0"/>
<pin id="655" dir="0" index="1" bw="32" slack="0"/>
<pin id="656" dir="0" index="2" bw="5" slack="0"/>
<pin id="657" dir="1" index="3" bw="1" slack="0"/>
</pin_list>
<bind>
<opcode="bitselect(1000) " fcode="bitselect"/>
<opset="bit_sel/4 "/>
</bind>
</comp>

<comp id="661" class="1004" name="xor_ln56_fu_661">
<pin_list>
<pin id="662" dir="0" index="0" bw="1" slack="0"/>
<pin id="663" dir="0" index="1" bw="1" slack="0"/>
<pin id="664" dir="1" index="2" bw="1" slack="0"/>
</pin_list>
<bind>
<opcode="xor(25) " fcode="xor"/>
<opset="xor_ln56/4 "/>
</bind>
</comp>

<comp id="667" class="1004" name="trunc_ln56_2_fu_667">
<pin_list>
<pin id="668" dir="0" index="0" bw="32" slack="0"/>
<pin id="669" dir="1" index="1" bw="14" slack="0"/>
</pin_list>
<bind>
<opcode="trunc(33) " fcode="trunc"/>
<opset="trunc_ln56_2/4 "/>
</bind>
</comp>

<comp id="671" class="1004" name="xor_ln56_2_fu_671">
<pin_list>
<pin id="672" dir="0" index="0" bw="15" slack="0"/>
<pin id="673" dir="0" index="1" bw="1" slack="0"/>
<pin id="674" dir="0" index="2" bw="14" slack="0"/>
<pin id="675" dir="1" index="3" bw="15" slack="2"/>
</pin_list>
<bind>
<opcode="bitconcatenate(1004) " fcode="bitconcatenate"/>
<opset="xor_ln56_2/4 "/>
</bind>
</comp>

<comp id="679" class="1004" name="store_ln56_store_fu_679">
<pin_list>
<pin id="680" dir="0" index="0" bw="32" slack="0"/>
<pin id="681" dir="0" index="1" bw="32" slack="3"/>
<pin id="682" dir="1" index="2" bw="0" slack="2147483647"/>
</pin_list>
<bind>
<opcode="store(28) " fcode="store"/>
<opset="store_ln56/4 "/>
</bind>
</comp>

<comp id="684" class="1004" name="trunc_ln33_fu_684">
<pin_list>
<pin id="685" dir="0" index="0" bw="32" slack="0"/>
<pin id="686" dir="1" index="1" bw="7" slack="0"/>
</pin_list>
<bind>
<opcode="trunc(33) " fcode="trunc"/>
<opset="trunc_ln33/4 "/>
</bind>
</comp>

<comp id="688" class="1004" name="shl_ln33_fu_688">
<pin_list>
<pin id="689" dir="0" index="0" bw="32" slack="0"/>
<pin id="690" dir="0" index="1" bw="1" slack="0"/>
<pin id="691" dir="1" index="2" bw="32" slack="1"/>
</pin_list>
<bind>
<opcode="shl(20) " fcode="shl"/>
<opset="shl_ln33/4 "/>
</bind>
</comp>

<comp id="694" class="1004" name="trunc_ln2_fu_694">
<pin_list>
<pin id="695" dir="0" index="0" bw="8" slack="0"/>
<pin id="696" dir="0" index="1" bw="7" slack="0"/>
<pin id="697" dir="0" index="2" bw="1" slack="0"/>
<pin id="698" dir="1" index="3" bw="8" slack="0"/>
</pin_list>
<bind>
<opcode="bitconcatenate(1004) " fcode="bitconcatenate"/>
<opset="trunc_ln2/4 "/>
</bind>
</comp>

<comp id="703" class="1004" name="zext_ln34_fu_703">
<pin_list>
<pin id="704" dir="0" index="0" bw="32" slack="0"/>
<pin id="705" dir="1" index="1" bw="64" slack="0"/>
</pin_list>
<bind>
<opcode="zext(34) " fcode="zext"/>
<opset="zext_ln34/4 "/>
</bind>
</comp>

<comp id="708" class="1004" name="phi_ln64_2_load_load_fu_708">
<pin_list>
<pin id="709" dir="0" index="0" bw="32" slack="3"/>
<pin id="710" dir="1" index="1" bw="32" slack="0"/>
</pin_list>
<bind>
<opcode="load(27) " fcode="load"/>
<opset="phi_ln64_2_load/4 "/>
</bind>
</comp>

<comp id="711" class="1004" name="phi_ln64_load_load_fu_711">
<pin_list>
<pin id="712" dir="0" index="0" bw="32" slack="3"/>
<pin id="713" dir="1" index="1" bw="32" slack="0"/>
</pin_list>
<bind>
<opcode="load(27) " fcode="load"/>
<opset="phi_ln64_load/4 "/>
</bind>
</comp>

<comp id="714" class="1004" name="lshr_ln_fu_714">
<pin_list>
<pin id="715" dir="0" index="0" bw="27" slack="0"/>
<pin id="716" dir="0" index="1" bw="32" slack="2"/>
<pin id="717" dir="0" index="2" bw="4" slack="0"/>
<pin id="718" dir="0" index="3" bw="6" slack="0"/>
<pin id="719" dir="1" index="4" bw="27" slack="0"/>
</pin_list>
<bind>
<opcode="partselect(1002) " fcode="partselect"/>
<opset="lshr_ln/4 "/>
</bind>
</comp>

<comp id="723" class="1004" name="zext_ln63_fu_723">
<pin_list>
<pin id="724" dir="0" index="0" bw="27" slack="0"/>
<pin id="725" dir="1" index="1" bw="32" slack="0"/>
</pin_list>
<bind>
<opcode="zext(34) " fcode="zext"/>
<opset="zext_ln63/4 "/>
</bind>
</comp>

<comp id="727" class="1004" name="sub_ln63_fu_727">
<pin_list>
<pin id="728" dir="0" index="0" bw="32" slack="2"/>
<pin id="729" dir="0" index="1" bw="27" slack="0"/>
<pin id="730" dir="1" index="2" bw="32" slack="0"/>
</pin_list>
<bind>
<opcode="sub(10) " fcode="sub"/>
<opset="sub_ln63/4 "/>
</bind>
</comp>

<comp id="732" class="1004" name="sub_ln62_fu_732">
<pin_list>
<pin id="733" dir="0" index="0" bw="14" slack="0"/>
<pin id="734" dir="0" index="1" bw="32" slack="2"/>
<pin id="735" dir="1" index="2" bw="32" slack="0"/>
</pin_list>
<bind>
<opcode="sub(10) " fcode="sub"/>
<opset="sub_ln62/4 "/>
</bind>
</comp>

<comp id="737" class="1004" name="lshr_ln2_fu_737">
<pin_list>
<pin id="738" dir="0" index="0" bw="27" slack="0"/>
<pin id="739" dir="0" index="1" bw="32" slack="0"/>
<pin id="740" dir="0" index="2" bw="4" slack="0"/>
<pin id="741" dir="0" index="3" bw="6" slack="0"/>
<pin id="742" dir="1" index="4" bw="27" slack="0"/>
</pin_list>
<bind>
<opcode="partselect(1002) " fcode="partselect"/>
<opset="lshr_ln2/4 "/>
</bind>
</comp>

<comp id="747" class="1004" name="zext_ln62_fu_747">
<pin_list>
<pin id="748" dir="0" index="0" bw="27" slack="0"/>
<pin id="749" dir="1" index="1" bw="32" slack="0"/>
</pin_list>
<bind>
<opcode="zext(34) " fcode="zext"/>
<opset="zext_ln62/4 "/>
</bind>
</comp>

<comp id="751" class="1004" name="add_ln62_fu_751">
<pin_list>
<pin id="752" dir="0" index="0" bw="27" slack="0"/>
<pin id="753" dir="0" index="1" bw="32" slack="2"/>
<pin id="754" dir="1" index="2" bw="32" slack="0"/>
</pin_list>
<bind>
<opcode="add(8) " fcode="add"/>
<opset="add_ln62/4 "/>
</bind>
</comp>

<comp id="756" class="1004" name="select_ln62_fu_756">
<pin_list>
<pin id="757" dir="0" index="0" bw="1" slack="1"/>
<pin id="758" dir="0" index="1" bw="32" slack="0"/>
<pin id="759" dir="0" index="2" bw="32" slack="0"/>
<pin id="760" dir="1" index="3" bw="32" slack="0"/>
</pin_list>
<bind>
<opcode="select(49) " fcode="select"/>
<opset="select_ln62/4 "/>
</bind>
</comp>

<comp id="763" class="1004" name="mrv_s_fu_763">
<pin_list>
<pin id="764" dir="0" index="0" bw="224" slack="0"/>
<pin id="765" dir="0" index="1" bw="32" slack="0"/>
<pin id="766" dir="1" index="2" bw="224" slack="0"/>
</pin_list>
<bind>
<opcode="insertvalue(57) " fcode="insertvalue"/>
<opset="mrv_s/4 "/>
</bind>
</comp>

<comp id="769" class="1004" name="mrv_7_fu_769">
<pin_list>
<pin id="770" dir="0" index="0" bw="224" slack="0"/>
<pin id="771" dir="0" index="1" bw="32" slack="0"/>
<pin id="772" dir="1" index="2" bw="224" slack="0"/>
</pin_list>
<bind>
<opcode="insertvalue(57) " fcode="insertvalue"/>
<opset="mrv_7/4 "/>
</bind>
</comp>

<comp id="775" class="1004" name="mrv_8_fu_775">
<pin_list>
<pin id="776" dir="0" index="0" bw="224" slack="0"/>
<pin id="777" dir="0" index="1" bw="32" slack="0"/>
<pin id="778" dir="1" index="2" bw="224" slack="0"/>
</pin_list>
<bind>
<opcode="insertvalue(57) " fcode="insertvalue"/>
<opset="mrv_8/4 "/>
</bind>
</comp>

<comp id="781" class="1004" name="mrv_9_fu_781">
<pin_list>
<pin id="782" dir="0" index="0" bw="224" slack="0"/>
<pin id="783" dir="0" index="1" bw="32" slack="0"/>
<pin id="784" dir="1" index="2" bw="224" slack="0"/>
</pin_list>
<bind>
<opcode="insertvalue(57) " fcode="insertvalue"/>
<opset="mrv_9/4 "/>
</bind>
</comp>

<comp id="787" class="1004" name="mrv_4_fu_787">
<pin_list>
<pin id="788" dir="0" index="0" bw="224" slack="0"/>
<pin id="789" dir="0" index="1" bw="32" slack="0"/>
<pin id="790" dir="1" index="2" bw="224" slack="0"/>
</pin_list>
<bind>
<opcode="insertvalue(57) " fcode="insertvalue"/>
<opset="mrv_4/4 "/>
</bind>
</comp>

<comp id="793" class="1004" name="mrv_5_fu_793">
<pin_list>
<pin id="794" dir="0" index="0" bw="224" slack="0"/>
<pin id="795" dir="0" index="1" bw="32" slack="0"/>
<pin id="796" dir="1" index="2" bw="224" slack="0"/>
</pin_list>
<bind>
<opcode="insertvalue(57) " fcode="insertvalue"/>
<opset="mrv_5/4 "/>
</bind>
</comp>

<comp id="799" class="1004" name="mrv_6_fu_799">
<pin_list>
<pin id="800" dir="0" index="0" bw="224" slack="0"/>
<pin id="801" dir="0" index="1" bw="32" slack="0"/>
<pin id="802" dir="1" index="2" bw="224" slack="2147483647"/>
</pin_list>
<bind>
<opcode="insertvalue(57) " fcode="insertvalue"/>
<opset="mrv_6/4 "/>
</bind>
</comp>

<comp id="805" class="1004" name="store_ln0_store_fu_805">
<pin_list>
<pin id="806" dir="0" index="0" bw="1" slack="0"/>
<pin id="807" dir="0" index="1" bw="32" slack="5"/>
<pin id="808" dir="1" index="2" bw="0" slack="2147483647"/>
</pin_list>
<bind>
<opcode="store(28) " fcode="store"/>
<opset="store_ln0/6 "/>
</bind>
</comp>

<comp id="810" class="1004" name="store_ln0_store_fu_810">
<pin_list>
<pin id="811" dir="0" index="0" bw="1" slack="0"/>
<pin id="812" dir="0" index="1" bw="32" slack="5"/>
<pin id="813" dir="1" index="2" bw="0" slack="2147483647"/>
</pin_list>
<bind>
<opcode="store(28) " fcode="store"/>
<opset="store_ln0/6 "/>
</bind>
</comp>

<comp id="815" class="1004" name="shl_ln2_fu_815">
<pin_list>
<pin id="816" dir="0" index="0" bw="16" slack="0"/>
<pin id="817" dir="0" index="1" bw="15" slack="0"/>
<pin id="818" dir="0" index="2" bw="1" slack="0"/>
<pin id="819" dir="1" index="3" bw="16" slack="0"/>
</pin_list>
<bind>
<opcode="bitconcatenate(1004) " fcode="bitconcatenate"/>
<opset="shl_ln2/6 "/>
</bind>
</comp>

<comp id="823" class="1004" name="zext_ln59_fu_823">
<pin_list>
<pin id="824" dir="0" index="0" bw="16" slack="0"/>
<pin id="825" dir="1" index="1" bw="32" slack="0"/>
</pin_list>
<bind>
<opcode="zext(34) " fcode="zext"/>
<opset="zext_ln59/6 "/>
</bind>
</comp>

<comp id="827" class="1004" name="or_ln4_fu_827">
<pin_list>
<pin id="828" dir="0" index="0" bw="16" slack="0"/>
<pin id="829" dir="0" index="1" bw="15" slack="0"/>
<pin id="830" dir="0" index="2" bw="1" slack="0"/>
<pin id="831" dir="1" index="3" bw="16" slack="0"/>
</pin_list>
<bind>
<opcode="bitconcatenate(1004) " fcode="bitconcatenate"/>
<opset="or_ln4/6 "/>
</bind>
</comp>

<comp id="835" class="1004" name="zext_ln47_fu_835">
<pin_list>
<pin id="836" dir="0" index="0" bw="16" slack="0"/>
<pin id="837" dir="1" index="1" bw="32" slack="0"/>
</pin_list>
<bind>
<opcode="zext(34) " fcode="zext"/>
<opset="zext_ln47/6 "/>
</bind>
</comp>

<comp id="839" class="1004" name="store_ln38_store_fu_839">
<pin_list>
<pin id="840" dir="0" index="0" bw="16" slack="0"/>
<pin id="841" dir="0" index="1" bw="32" slack="5"/>
<pin id="842" dir="1" index="2" bw="0" slack="2147483647"/>
</pin_list>
<bind>
<opcode="store(28) " fcode="store"/>
<opset="store_ln38/6 "/>
</bind>
</comp>

<comp id="844" class="1004" name="store_ln38_store_fu_844">
<pin_list>
<pin id="845" dir="0" index="0" bw="16" slack="0"/>
<pin id="846" dir="0" index="1" bw="32" slack="5"/>
<pin id="847" dir="1" index="2" bw="0" slack="2147483647"/>
</pin_list>
<bind>
<opcode="store(28) " fcode="store"/>
<opset="store_ln38/6 "/>
</bind>
</comp>

<comp id="849" class="1004" name="store_ln59_store_fu_849">
<pin_list>
<pin id="850" dir="0" index="0" bw="16" slack="0"/>
<pin id="851" dir="0" index="1" bw="32" slack="5"/>
<pin id="852" dir="1" index="2" bw="0" slack="2147483647"/>
</pin_list>
<bind>
<opcode="store(28) " fcode="store"/>
<opset="store_ln59/6 "/>
</bind>
</comp>

<comp id="854" class="1004" name="store_ln47_store_fu_854">
<pin_list>
<pin id="855" dir="0" index="0" bw="16" slack="0"/>
<pin id="856" dir="0" index="1" bw="32" slack="5"/>
<pin id="857" dir="1" index="2" bw="0" slack="2147483647"/>
</pin_list>
<bind>
<opcode="store(28) " fcode="store"/>
<opset="store_ln47/6 "/>
</bind>
</comp>

<comp id="859" class="1004" name="store_ln47_store_fu_859">
<pin_list>
<pin id="860" dir="0" index="0" bw="6" slack="2"/>
<pin id="861" dir="0" index="1" bw="6" slack="5"/>
<pin id="862" dir="1" index="2" bw="0" slack="2147483647"/>
</pin_list>
<bind>
<opcode="store(28) " fcode="store"/>
<opset="store_ln47/6 "/>
</bind>
</comp>

<comp id="863" class="1005" name="r_01_reg_863">
<pin_list>
<pin id="864" dir="0" index="0" bw="6" slack="0"/>
<pin id="865" dir="1" index="1" bw="6" slack="0"/>
</pin_list>
<bind>
<opset="r_01 "/>
</bind>
</comp>

<comp id="870" class="1005" name="empty_reg_870">
<pin_list>
<pin id="871" dir="0" index="0" bw="32" slack="2"/>
<pin id="872" dir="1" index="1" bw="32" slack="2"/>
</pin_list>
<bind>
<opset="empty "/>
</bind>
</comp>

<comp id="878" class="1005" name="empty_46_reg_878">
<pin_list>
<pin id="879" dir="0" index="0" bw="32" slack="2"/>
<pin id="880" dir="1" index="1" bw="32" slack="2"/>
</pin_list>
<bind>
<opset="empty_46 "/>
</bind>
</comp>

<comp id="885" class="1005" name="pending_0_reg_885">
<pin_list>
<pin id="886" dir="0" index="0" bw="32" slack="0"/>
<pin id="887" dir="1" index="1" bw="32" slack="0"/>
</pin_list>
<bind>
<opset="pending_0 "/>
</bind>
</comp>

<comp id="894" class="1005" name="phi_ln64_2_reg_894">
<pin_list>
<pin id="895" dir="0" index="0" bw="32" slack="2"/>
<pin id="896" dir="1" index="1" bw="32" slack="2"/>
</pin_list>
<bind>
<opset="phi_ln64_2 "/>
</bind>
</comp>

<comp id="901" class="1005" name="phi_ln64_reg_901">
<pin_list>
<pin id="902" dir="0" index="0" bw="32" slack="2"/>
<pin id="903" dir="1" index="1" bw="32" slack="2"/>
</pin_list>
<bind>
<opset="phi_ln64 "/>
</bind>
</comp>

<comp id="908" class="1005" name="oi_0_reg_908">
<pin_list>
<pin id="909" dir="0" index="0" bw="32" slack="0"/>
<pin id="910" dir="1" index="1" bw="32" slack="0"/>
</pin_list>
<bind>
<opset="oi_0 "/>
</bind>
</comp>

<comp id="916" class="1005" name="ob_0_reg_916">
<pin_list>
<pin id="917" dir="0" index="0" bw="32" slack="0"/>
<pin id="918" dir="1" index="1" bw="32" slack="0"/>
</pin_list>
<bind>
<opset="ob_0 "/>
</bind>
</comp>

<comp id="924" class="1005" name="nb_0_reg_924">
<pin_list>
<pin id="925" dir="0" index="0" bw="32" slack="0"/>
<pin id="926" dir="1" index="1" bw="32" slack="0"/>
</pin_list>
<bind>
<opset="nb_0 "/>
</bind>
</comp>

<comp id="932" class="1005" name="high_read_3_reg_932">
<pin_list>
<pin id="933" dir="0" index="0" bw="32" slack="2"/>
<pin id="934" dir="1" index="1" bw="32" slack="2"/>
</pin_list>
<bind>
<opset="high_read_3 "/>
</bind>
</comp>

<comp id="937" class="1005" name="low_read_3_reg_937">
<pin_list>
<pin id="938" dir="0" index="0" bw="32" slack="2"/>
<pin id="939" dir="1" index="1" bw="32" slack="2"/>
</pin_list>
<bind>
<opset="low_read_3 "/>
</bind>
</comp>

<comp id="943" class="1005" name="range_reg_943">
<pin_list>
<pin id="944" dir="0" index="0" bw="32" slack="1"/>
<pin id="945" dir="1" index="1" bw="32" slack="1"/>
</pin_list>
<bind>
<opset="range "/>
</bind>
</comp>

<comp id="948" class="1005" name="prob_read_2_reg_948">
<pin_list>
<pin id="949" dir="0" index="0" bw="32" slack="2"/>
<pin id="950" dir="1" index="1" bw="32" slack="2"/>
</pin_list>
<bind>
<opset="prob_read_2 "/>
</bind>
</comp>

<comp id="956" class="1005" name="split_reg_956">
<pin_list>
<pin id="957" dir="0" index="0" bw="20" slack="1"/>
<pin id="958" dir="1" index="1" bw="20" slack="1"/>
</pin_list>
<bind>
<opset="split "/>
</bind>
</comp>

<comp id="961" class="1005" name="bit_read_reg_961">
<pin_list>
<pin id="962" dir="0" index="0" bw="1" slack="1"/>
<pin id="963" dir="1" index="1" bw="1" slack="1"/>
</pin_list>
<bind>
<opset="bit_read "/>
</bind>
</comp>

<comp id="966" class="1005" name="oi_0_load_reg_966">
<pin_list>
<pin id="967" dir="0" index="0" bw="32" slack="1"/>
<pin id="968" dir="1" index="1" bw="32" slack="1"/>
</pin_list>
<bind>
<opset="oi_0_load "/>
</bind>
</comp>

<comp id="974" class="1005" name="r_3_reg_974">
<pin_list>
<pin id="975" dir="0" index="0" bw="6" slack="2"/>
<pin id="976" dir="1" index="1" bw="6" slack="2"/>
</pin_list>
<bind>
<opset="r_3 "/>
</bind>
</comp>

<comp id="979" class="1005" name="trunc_ln47_reg_979">
<pin_list>
<pin id="980" dir="0" index="0" bw="15" slack="2"/>
<pin id="981" dir="1" index="1" bw="15" slack="2"/>
</pin_list>
<bind>
<opset="trunc_ln47 "/>
</bind>
</comp>

<comp id="985" class="1005" name="trunc_ln47_2_reg_985">
<pin_list>
<pin id="986" dir="0" index="0" bw="15" slack="2"/>
<pin id="987" dir="1" index="1" bw="15" slack="2"/>
</pin_list>
<bind>
<opset="trunc_ln47_2 "/>
</bind>
</comp>

<comp id="991" class="1005" name="icmp_ln48_reg_991">
<pin_list>
<pin id="992" dir="0" index="0" bw="1" slack="2"/>
<pin id="993" dir="1" index="1" bw="1" slack="2147483647"/>
</pin_list>
<bind>
<opset="icmp_ln48 "/>
</bind>
</comp>

<comp id="995" class="1005" name="icmp_ln51_reg_995">
<pin_list>
<pin id="996" dir="0" index="0" bw="1" slack="2"/>
<pin id="997" dir="1" index="1" bw="1" slack="2147483647"/>
</pin_list>
<bind>
<opset="icmp_ln51 "/>
</bind>
</comp>

<comp id="999" class="1005" name="or_ln_reg_999">
<pin_list>
<pin id="1000" dir="0" index="0" bw="32" slack="1"/>
<pin id="1001" dir="1" index="1" bw="32" slack="1"/>
</pin_list>
<bind>
<opset="or_ln "/>
</bind>
</comp>

<comp id="1010" class="1005" name="xor_ln_reg_1010">
<pin_list>
<pin id="1011" dir="0" index="0" bw="15" slack="2"/>
<pin id="1012" dir="1" index="1" bw="15" slack="2"/>
</pin_list>
<bind>
<opset="xor_ln "/>
</bind>
</comp>

<comp id="1015" class="1005" name="xor_ln56_2_reg_1015">
<pin_list>
<pin id="1016" dir="0" index="0" bw="15" slack="2"/>
<pin id="1017" dir="1" index="1" bw="15" slack="2"/>
</pin_list>
<bind>
<opset="xor_ln56_2 "/>
</bind>
</comp>

<comp id="1020" class="1005" name="shl_ln33_reg_1020">
<pin_list>
<pin id="1021" dir="0" index="0" bw="32" slack="1"/>
<pin id="1022" dir="1" index="1" bw="32" slack="1"/>
</pin_list>
<bind>
<opset="shl_ln33 "/>
</bind>
</comp>

<comp id="1028" class="1005" name="pending_0_load_5_reg_1028">
<pin_list>
<pin id="1029" dir="0" index="0" bw="32" slack="1"/>
<pin id="1030" dir="1" index="1" bw="32" slack="1"/>
</pin_list>
<bind>
<opset="pending_0_load_5 "/>
</bind>
</comp>

<comp id="1033" class="1005" name="pending_0_load41_reg_1033">
<pin_list>
<pin id="1034" dir="0" index="0" bw="32" slack="1"/>
<pin id="1035" dir="1" index="1" bw="32" slack="1"/>
</pin_list>
<bind>
<opset="pending_0_load41 "/>
</bind>
</comp>

</comp_list>

<net_list>
<net id="101"><net_src comp="22" pin="0"/><net_sink comp="98" pin=0"/></net>

<net id="105"><net_src comp="22" pin="0"/><net_sink comp="102" pin=0"/></net>

<net id="109"><net_src comp="22" pin="0"/><net_sink comp="106" pin=0"/></net>

<net id="113"><net_src comp="22" pin="0"/><net_sink comp="110" pin=0"/></net>

<net id="117"><net_src comp="22" pin="0"/><net_sink comp="114" pin=0"/></net>

<net id="121"><net_src comp="22" pin="0"/><net_sink comp="118" pin=0"/></net>

<net id="125"><net_src comp="22" pin="0"/><net_sink comp="122" pin=0"/></net>

<net id="129"><net_src comp="22" pin="0"/><net_sink comp="126" pin=0"/></net>

<net id="133"><net_src comp="22" pin="0"/><net_sink comp="130" pin=0"/></net>

<net id="138"><net_src comp="24" pin="0"/><net_sink comp="134" pin=0"/></net>

<net id="139"><net_src comp="16" pin="0"/><net_sink comp="134" pin=1"/></net>

<net id="144"><net_src comp="24" pin="0"/><net_sink comp="140" pin=0"/></net>

<net id="145"><net_src comp="12" pin="0"/><net_sink comp="140" pin=1"/></net>

<net id="150"><net_src comp="24" pin="0"/><net_sink comp="146" pin=0"/></net>

<net id="151"><net_src comp="10" pin="0"/><net_sink comp="146" pin=1"/></net>

<net id="156"><net_src comp="24" pin="0"/><net_sink comp="152" pin=0"/></net>

<net id="157"><net_src comp="8" pin="0"/><net_sink comp="152" pin=1"/></net>

<net id="162"><net_src comp="24" pin="0"/><net_sink comp="158" pin=0"/></net>

<net id="163"><net_src comp="6" pin="0"/><net_sink comp="158" pin=1"/></net>

<net id="168"><net_src comp="24" pin="0"/><net_sink comp="164" pin=0"/></net>

<net id="169"><net_src comp="2" pin="0"/><net_sink comp="164" pin=1"/></net>

<net id="174"><net_src comp="24" pin="0"/><net_sink comp="170" pin=0"/></net>

<net id="175"><net_src comp="18" pin="0"/><net_sink comp="170" pin=1"/></net>

<net id="180"><net_src comp="34" pin="0"/><net_sink comp="176" pin=0"/></net>

<net id="181"><net_src comp="20" pin="0"/><net_sink comp="176" pin=1"/></net>

<net id="186"><net_src comp="24" pin="0"/><net_sink comp="182" pin=0"/></net>

<net id="187"><net_src comp="4" pin="0"/><net_sink comp="182" pin=1"/></net>

<net id="192"><net_src comp="24" pin="0"/><net_sink comp="188" pin=0"/></net>

<net id="193"><net_src comp="0" pin="0"/><net_sink comp="188" pin=1"/></net>

<net id="199"><net_src comp="14" pin="0"/><net_sink comp="194" pin=0"/></net>

<net id="200"><net_src comp="46" pin="0"/><net_sink comp="194" pin=1"/></net>

<net id="206"><net_src comp="194" pin="3"/><net_sink comp="201" pin=0"/></net>

<net id="212"><net_src comp="14" pin="0"/><net_sink comp="207" pin=0"/></net>

<net id="213"><net_src comp="46" pin="0"/><net_sink comp="207" pin=1"/></net>

<net id="214"><net_src comp="207" pin="3"/><net_sink comp="201" pin=0"/></net>

<net id="224"><net_src comp="218" pin="4"/><net_sink comp="215" pin=0"/></net>

<net id="228"><net_src comp="90" pin="0"/><net_sink comp="225" pin=0"/></net>

<net id="235"><net_src comp="225" pin="1"/><net_sink comp="229" pin=2"/></net>

<net id="236"><net_src comp="229" pin="4"/><net_sink comp="225" pin=0"/></net>

<net id="240"><net_src comp="90" pin="0"/><net_sink comp="237" pin=0"/></net>

<net id="247"><net_src comp="237" pin="1"/><net_sink comp="241" pin=2"/></net>

<net id="248"><net_src comp="241" pin="4"/><net_sink comp="237" pin=0"/></net>

<net id="280"><net_src comp="274" pin="4"/><net_sink comp="271" pin=0"/></net>

<net id="284"><net_src comp="90" pin="0"/><net_sink comp="281" pin=0"/></net>

<net id="291"><net_src comp="281" pin="1"/><net_sink comp="285" pin=2"/></net>

<net id="292"><net_src comp="285" pin="4"/><net_sink comp="281" pin=0"/></net>

<net id="296"><net_src comp="90" pin="0"/><net_sink comp="293" pin=0"/></net>

<net id="303"><net_src comp="293" pin="1"/><net_sink comp="297" pin=2"/></net>

<net id="304"><net_src comp="297" pin="4"/><net_sink comp="293" pin=0"/></net>

<net id="316"><net_src comp="92" pin="0"/><net_sink comp="305" pin=0"/></net>

<net id="317"><net_src comp="218" pin="4"/><net_sink comp="305" pin=1"/></net>

<net id="318"><net_src comp="229" pin="4"/><net_sink comp="305" pin=2"/></net>

<net id="319"><net_src comp="241" pin="4"/><net_sink comp="305" pin=3"/></net>

<net id="320"><net_src comp="14" pin="0"/><net_sink comp="305" pin=5"/></net>

<net id="332"><net_src comp="94" pin="0"/><net_sink comp="321" pin=0"/></net>

<net id="333"><net_src comp="274" pin="4"/><net_sink comp="321" pin=1"/></net>

<net id="334"><net_src comp="285" pin="4"/><net_sink comp="321" pin=2"/></net>

<net id="335"><net_src comp="297" pin="4"/><net_sink comp="321" pin=3"/></net>

<net id="336"><net_src comp="14" pin="0"/><net_sink comp="321" pin=5"/></net>

<net id="341"><net_src comp="170" pin="2"/><net_sink comp="337" pin=1"/></net>

<net id="352"><net_src comp="345" pin="1"/><net_sink comp="348" pin=0"/></net>

<net id="353"><net_src comp="22" pin="0"/><net_sink comp="348" pin=1"/></net>

<net id="358"><net_src comp="348" pin="2"/><net_sink comp="354" pin=0"/></net>

<net id="359"><net_src comp="66" pin="0"/><net_sink comp="354" pin=1"/></net>

<net id="364"><net_src comp="22" pin="0"/><net_sink comp="360" pin=1"/></net>

<net id="368"><net_src comp="365" pin="1"/><net_sink comp="305" pin=4"/></net>

<net id="369"><net_src comp="365" pin="1"/><net_sink comp="321" pin=4"/></net>

<net id="373"><net_src comp="348" pin="2"/><net_sink comp="370" pin=0"/></net>

<net id="374"><net_src comp="370" pin="1"/><net_sink comp="229" pin=0"/></net>

<net id="375"><net_src comp="370" pin="1"/><net_sink comp="285" pin=0"/></net>

<net id="379"><net_src comp="360" pin="2"/><net_sink comp="376" pin=0"/></net>

<net id="380"><net_src comp="376" pin="1"/><net_sink comp="218" pin=2"/></net>

<net id="381"><net_src comp="376" pin="1"/><net_sink comp="274" pin=2"/></net>

<net id="386"><net_src comp="158" pin="2"/><net_sink comp="382" pin=0"/></net>

<net id="387"><net_src comp="22" pin="0"/><net_sink comp="382" pin=1"/></net>

<net id="392"><net_src comp="382" pin="2"/><net_sink comp="388" pin=0"/></net>

<net id="393"><net_src comp="164" pin="2"/><net_sink comp="388" pin=1"/></net>

<net id="398"><net_src comp="140" pin="2"/><net_sink comp="394" pin=0"/></net>

<net id="403"><net_src comp="146" pin="2"/><net_sink comp="399" pin=0"/></net>

<net id="408"><net_src comp="134" pin="2"/><net_sink comp="404" pin=0"/></net>

<net id="413"><net_src comp="152" pin="2"/><net_sink comp="409" pin=0"/></net>

<net id="418"><net_src comp="26" pin="0"/><net_sink comp="414" pin=0"/></net>

<net id="425"><net_src comp="28" pin="0"/><net_sink comp="419" pin=0"/></net>

<net id="426"><net_src comp="337" pin="2"/><net_sink comp="419" pin=1"/></net>

<net id="427"><net_src comp="30" pin="0"/><net_sink comp="419" pin=2"/></net>

<net id="428"><net_src comp="32" pin="0"/><net_sink comp="419" pin=3"/></net>

<net id="436"><net_src comp="429" pin="1"/><net_sink comp="432" pin=0"/></net>

<net id="441"><net_src comp="432" pin="2"/><net_sink comp="437" pin=0"/></net>

<net id="442"><net_src comp="36" pin="0"/><net_sink comp="437" pin=1"/></net>

<net id="448"><net_src comp="176" pin="2"/><net_sink comp="443" pin=0"/></net>

<net id="449"><net_src comp="432" pin="2"/><net_sink comp="443" pin=1"/></net>

<net id="450"><net_src comp="188" pin="2"/><net_sink comp="443" pin=2"/></net>

<net id="456"><net_src comp="176" pin="2"/><net_sink comp="451" pin=0"/></net>

<net id="457"><net_src comp="182" pin="2"/><net_sink comp="451" pin=1"/></net>

<net id="458"><net_src comp="437" pin="2"/><net_sink comp="451" pin=2"/></net>

<net id="464"><net_src comp="176" pin="2"/><net_sink comp="459" pin=0"/></net>

<net id="465"><net_src comp="432" pin="2"/><net_sink comp="459" pin=1"/></net>

<net id="471"><net_src comp="176" pin="2"/><net_sink comp="466" pin=0"/></net>

<net id="472"><net_src comp="437" pin="2"/><net_sink comp="466" pin=2"/></net>

<net id="477"><net_src comp="443" pin="3"/><net_sink comp="473" pin=0"/></net>

<net id="482"><net_src comp="451" pin="3"/><net_sink comp="478" pin=0"/></net>

<net id="487"><net_src comp="459" pin="3"/><net_sink comp="483" pin=0"/></net>

<net id="492"><net_src comp="466" pin="3"/><net_sink comp="488" pin=0"/></net>

<net id="499"><net_src comp="496" pin="1"/><net_sink comp="360" pin=0"/></net>

<net id="505"><net_src comp="38" pin="0"/><net_sink comp="500" pin=0"/></net>

<net id="506"><net_src comp="493" pin="1"/><net_sink comp="500" pin=1"/></net>

<net id="507"><net_src comp="40" pin="0"/><net_sink comp="500" pin=2"/></net>

<net id="512"><net_src comp="493" pin="1"/><net_sink comp="508" pin=0"/></net>

<net id="513"><net_src comp="42" pin="0"/><net_sink comp="508" pin=1"/></net>

<net id="523"><net_src comp="514" pin="1"/><net_sink comp="520" pin=0"/></net>

<net id="527"><net_src comp="517" pin="1"/><net_sink comp="524" pin=0"/></net>

<net id="534"><net_src comp="56" pin="0"/><net_sink comp="528" pin=0"/></net>

<net id="535"><net_src comp="514" pin="1"/><net_sink comp="528" pin=1"/></net>

<net id="536"><net_src comp="58" pin="0"/><net_sink comp="528" pin=2"/></net>

<net id="537"><net_src comp="32" pin="0"/><net_sink comp="528" pin=3"/></net>

<net id="542"><net_src comp="528" pin="4"/><net_sink comp="538" pin=0"/></net>

<net id="543"><net_src comp="60" pin="0"/><net_sink comp="538" pin=1"/></net>

<net id="550"><net_src comp="56" pin="0"/><net_sink comp="544" pin=0"/></net>

<net id="551"><net_src comp="517" pin="1"/><net_sink comp="544" pin=1"/></net>

<net id="552"><net_src comp="58" pin="0"/><net_sink comp="544" pin=2"/></net>

<net id="553"><net_src comp="32" pin="0"/><net_sink comp="544" pin=3"/></net>

<net id="558"><net_src comp="544" pin="4"/><net_sink comp="554" pin=0"/></net>

<net id="559"><net_src comp="60" pin="0"/><net_sink comp="554" pin=1"/></net>

<net id="563"><net_src comp="342" pin="1"/><net_sink comp="560" pin=0"/></net>

<net id="567"><net_src comp="342" pin="1"/><net_sink comp="564" pin=0"/></net>

<net id="573"><net_src comp="62" pin="0"/><net_sink comp="568" pin=0"/></net>

<net id="574"><net_src comp="560" pin="1"/><net_sink comp="568" pin=1"/></net>

<net id="575"><net_src comp="64" pin="0"/><net_sink comp="568" pin=2"/></net>

<net id="581"><net_src comp="68" pin="0"/><net_sink comp="576" pin=0"/></net>

<net id="582"><net_src comp="564" pin="1"/><net_sink comp="576" pin=1"/></net>

<net id="583"><net_src comp="64" pin="0"/><net_sink comp="576" pin=2"/></net>

<net id="584"><net_src comp="576" pin="3"/><net_sink comp="201" pin=1"/></net>

<net id="588"><net_src comp="496" pin="1"/><net_sink comp="585" pin=0"/></net>

<net id="589"><net_src comp="585" pin="1"/><net_sink comp="194" pin=2"/></net>

<net id="599"><net_src comp="70" pin="0"/><net_sink comp="593" pin=0"/></net>

<net id="600"><net_src comp="517" pin="1"/><net_sink comp="593" pin=1"/></net>

<net id="601"><net_src comp="72" pin="0"/><net_sink comp="593" pin=2"/></net>

<net id="602"><net_src comp="32" pin="0"/><net_sink comp="593" pin=3"/></net>

<net id="607"><net_src comp="593" pin="4"/><net_sink comp="603" pin=0"/></net>

<net id="608"><net_src comp="74" pin="0"/><net_sink comp="603" pin=1"/></net>

<net id="613"><net_src comp="590" pin="1"/><net_sink comp="609" pin=0"/></net>

<net id="614"><net_src comp="76" pin="0"/><net_sink comp="609" pin=1"/></net>

<net id="619"><net_src comp="603" pin="2"/><net_sink comp="615" pin=0"/></net>

<net id="620"><net_src comp="609" pin="2"/><net_sink comp="615" pin=1"/></net>

<net id="625"><net_src comp="365" pin="1"/><net_sink comp="621" pin=0"/></net>

<net id="626"><net_src comp="22" pin="0"/><net_sink comp="621" pin=1"/></net>

<net id="632"><net_src comp="78" pin="0"/><net_sink comp="627" pin=0"/></net>

<net id="633"><net_src comp="517" pin="1"/><net_sink comp="627" pin=1"/></net>

<net id="634"><net_src comp="72" pin="0"/><net_sink comp="627" pin=2"/></net>

<net id="639"><net_src comp="627" pin="3"/><net_sink comp="635" pin=0"/></net>

<net id="640"><net_src comp="64" pin="0"/><net_sink comp="635" pin=1"/></net>

<net id="644"><net_src comp="517" pin="1"/><net_sink comp="641" pin=0"/></net>

<net id="650"><net_src comp="80" pin="0"/><net_sink comp="645" pin=0"/></net>

<net id="651"><net_src comp="635" pin="2"/><net_sink comp="645" pin=1"/></net>

<net id="652"><net_src comp="641" pin="1"/><net_sink comp="645" pin=2"/></net>

<net id="658"><net_src comp="78" pin="0"/><net_sink comp="653" pin=0"/></net>

<net id="659"><net_src comp="590" pin="1"/><net_sink comp="653" pin=1"/></net>

<net id="660"><net_src comp="72" pin="0"/><net_sink comp="653" pin=2"/></net>

<net id="665"><net_src comp="653" pin="3"/><net_sink comp="661" pin=0"/></net>

<net id="666"><net_src comp="64" pin="0"/><net_sink comp="661" pin=1"/></net>

<net id="670"><net_src comp="590" pin="1"/><net_sink comp="667" pin=0"/></net>

<net id="676"><net_src comp="80" pin="0"/><net_sink comp="671" pin=0"/></net>

<net id="677"><net_src comp="661" pin="2"/><net_sink comp="671" pin=1"/></net>

<net id="678"><net_src comp="667" pin="1"/><net_sink comp="671" pin=2"/></net>

<net id="683"><net_src comp="621" pin="2"/><net_sink comp="679" pin=0"/></net>

<net id="687"><net_src comp="342" pin="1"/><net_sink comp="684" pin=0"/></net>

<net id="692"><net_src comp="342" pin="1"/><net_sink comp="688" pin=0"/></net>

<net id="693"><net_src comp="22" pin="0"/><net_sink comp="688" pin=1"/></net>

<net id="699"><net_src comp="68" pin="0"/><net_sink comp="694" pin=0"/></net>

<net id="700"><net_src comp="684" pin="1"/><net_sink comp="694" pin=1"/></net>

<net id="701"><net_src comp="82" pin="0"/><net_sink comp="694" pin=2"/></net>

<net id="702"><net_src comp="694" pin="3"/><net_sink comp="201" pin=1"/></net>

<net id="706"><net_src comp="496" pin="1"/><net_sink comp="703" pin=0"/></net>

<net id="707"><net_src comp="703" pin="1"/><net_sink comp="207" pin=2"/></net>

<net id="720"><net_src comp="84" pin="0"/><net_sink comp="714" pin=0"/></net>

<net id="721"><net_src comp="40" pin="0"/><net_sink comp="714" pin=2"/></net>

<net id="722"><net_src comp="32" pin="0"/><net_sink comp="714" pin=3"/></net>

<net id="726"><net_src comp="714" pin="4"/><net_sink comp="723" pin=0"/></net>

<net id="731"><net_src comp="723" pin="1"/><net_sink comp="727" pin=1"/></net>

<net id="736"><net_src comp="86" pin="0"/><net_sink comp="732" pin=0"/></net>

<net id="743"><net_src comp="84" pin="0"/><net_sink comp="737" pin=0"/></net>

<net id="744"><net_src comp="732" pin="2"/><net_sink comp="737" pin=1"/></net>

<net id="745"><net_src comp="40" pin="0"/><net_sink comp="737" pin=2"/></net>

<net id="746"><net_src comp="32" pin="0"/><net_sink comp="737" pin=3"/></net>

<net id="750"><net_src comp="737" pin="4"/><net_sink comp="747" pin=0"/></net>

<net id="755"><net_src comp="747" pin="1"/><net_sink comp="751" pin=0"/></net>

<net id="761"><net_src comp="727" pin="2"/><net_sink comp="756" pin=1"/></net>

<net id="762"><net_src comp="751" pin="2"/><net_sink comp="756" pin=2"/></net>

<net id="767"><net_src comp="88" pin="0"/><net_sink comp="763" pin=0"/></net>

<net id="768"><net_src comp="365" pin="1"/><net_sink comp="763" pin=1"/></net>

<net id="773"><net_src comp="763" pin="2"/><net_sink comp="769" pin=0"/></net>

<net id="774"><net_src comp="342" pin="1"/><net_sink comp="769" pin=1"/></net>

<net id="779"><net_src comp="769" pin="2"/><net_sink comp="775" pin=0"/></net>

<net id="780"><net_src comp="345" pin="1"/><net_sink comp="775" pin=1"/></net>

<net id="785"><net_src comp="775" pin="2"/><net_sink comp="781" pin=0"/></net>

<net id="786"><net_src comp="496" pin="1"/><net_sink comp="781" pin=1"/></net>

<net id="791"><net_src comp="781" pin="2"/><net_sink comp="787" pin=0"/></net>

<net id="792"><net_src comp="711" pin="1"/><net_sink comp="787" pin=1"/></net>

<net id="797"><net_src comp="787" pin="2"/><net_sink comp="793" pin=0"/></net>

<net id="798"><net_src comp="708" pin="1"/><net_sink comp="793" pin=1"/></net>

<net id="803"><net_src comp="793" pin="2"/><net_sink comp="799" pin=0"/></net>

<net id="804"><net_src comp="756" pin="3"/><net_sink comp="799" pin=1"/></net>

<net id="809"><net_src comp="90" pin="0"/><net_sink comp="805" pin=0"/></net>

<net id="814"><net_src comp="90" pin="0"/><net_sink comp="810" pin=0"/></net>

<net id="820"><net_src comp="96" pin="0"/><net_sink comp="815" pin=0"/></net>

<net id="821"><net_src comp="263" pin="6"/><net_sink comp="815" pin=1"/></net>

<net id="822"><net_src comp="82" pin="0"/><net_sink comp="815" pin=2"/></net>

<net id="826"><net_src comp="815" pin="3"/><net_sink comp="823" pin=0"/></net>

<net id="832"><net_src comp="96" pin="0"/><net_sink comp="827" pin=0"/></net>

<net id="833"><net_src comp="252" pin="6"/><net_sink comp="827" pin=1"/></net>

<net id="834"><net_src comp="64" pin="0"/><net_sink comp="827" pin=2"/></net>

<net id="838"><net_src comp="827" pin="3"/><net_sink comp="835" pin=0"/></net>

<net id="843"><net_src comp="823" pin="1"/><net_sink comp="839" pin=0"/></net>

<net id="848"><net_src comp="835" pin="1"/><net_sink comp="844" pin=0"/></net>

<net id="853"><net_src comp="823" pin="1"/><net_sink comp="849" pin=0"/></net>

<net id="858"><net_src comp="835" pin="1"/><net_sink comp="854" pin=0"/></net>

<net id="866"><net_src comp="98" pin="1"/><net_sink comp="863" pin=0"/></net>

<net id="867"><net_src comp="863" pin="1"/><net_sink comp="414" pin=1"/></net>

<net id="868"><net_src comp="863" pin="1"/><net_sink comp="493" pin=0"/></net>

<net id="869"><net_src comp="863" pin="1"/><net_sink comp="859" pin=1"/></net>

<net id="873"><net_src comp="102" pin="1"/><net_sink comp="870" pin=0"/></net>

<net id="874"><net_src comp="870" pin="1"/><net_sink comp="488" pin=1"/></net>

<net id="875"><net_src comp="870" pin="1"/><net_sink comp="514" pin=0"/></net>

<net id="876"><net_src comp="870" pin="1"/><net_sink comp="590" pin=0"/></net>

<net id="877"><net_src comp="870" pin="1"/><net_sink comp="854" pin=1"/></net>

<net id="881"><net_src comp="106" pin="1"/><net_sink comp="878" pin=0"/></net>

<net id="882"><net_src comp="878" pin="1"/><net_sink comp="483" pin=1"/></net>

<net id="883"><net_src comp="878" pin="1"/><net_sink comp="517" pin=0"/></net>

<net id="884"><net_src comp="878" pin="1"/><net_sink comp="849" pin=1"/></net>

<net id="888"><net_src comp="110" pin="1"/><net_sink comp="885" pin=0"/></net>

<net id="889"><net_src comp="885" pin="1"/><net_sink comp="409" pin=1"/></net>

<net id="890"><net_src comp="885" pin="1"/><net_sink comp="365" pin=0"/></net>

<net id="891"><net_src comp="885" pin="1"/><net_sink comp="679" pin=1"/></net>

<net id="892"><net_src comp="885" pin="1"/><net_sink comp="805" pin=1"/></net>

<net id="893"><net_src comp="885" pin="1"/><net_sink comp="810" pin=1"/></net>

<net id="897"><net_src comp="114" pin="1"/><net_sink comp="894" pin=0"/></net>

<net id="898"><net_src comp="894" pin="1"/><net_sink comp="478" pin=1"/></net>

<net id="899"><net_src comp="894" pin="1"/><net_sink comp="708" pin=0"/></net>

<net id="900"><net_src comp="894" pin="1"/><net_sink comp="844" pin=1"/></net>

<net id="904"><net_src comp="118" pin="1"/><net_sink comp="901" pin=0"/></net>

<net id="905"><net_src comp="901" pin="1"/><net_sink comp="473" pin=1"/></net>

<net id="906"><net_src comp="901" pin="1"/><net_sink comp="711" pin=0"/></net>

<net id="907"><net_src comp="901" pin="1"/><net_sink comp="839" pin=1"/></net>

<net id="911"><net_src comp="122" pin="1"/><net_sink comp="908" pin=0"/></net>

<net id="912"><net_src comp="908" pin="1"/><net_sink comp="404" pin=1"/></net>

<net id="913"><net_src comp="908" pin="1"/><net_sink comp="496" pin=0"/></net>

<net id="914"><net_src comp="908" pin="1"/><net_sink comp="305" pin=6"/></net>

<net id="915"><net_src comp="908" pin="1"/><net_sink comp="321" pin=6"/></net>

<net id="919"><net_src comp="126" pin="1"/><net_sink comp="916" pin=0"/></net>

<net id="920"><net_src comp="916" pin="1"/><net_sink comp="399" pin=1"/></net>

<net id="921"><net_src comp="916" pin="1"/><net_sink comp="342" pin=0"/></net>

<net id="922"><net_src comp="916" pin="1"/><net_sink comp="305" pin=8"/></net>

<net id="923"><net_src comp="916" pin="1"/><net_sink comp="321" pin=8"/></net>

<net id="927"><net_src comp="130" pin="1"/><net_sink comp="924" pin=0"/></net>

<net id="928"><net_src comp="924" pin="1"/><net_sink comp="394" pin=1"/></net>

<net id="929"><net_src comp="924" pin="1"/><net_sink comp="345" pin=0"/></net>

<net id="930"><net_src comp="924" pin="1"/><net_sink comp="305" pin=7"/></net>

<net id="931"><net_src comp="924" pin="1"/><net_sink comp="321" pin=7"/></net>

<net id="935"><net_src comp="158" pin="2"/><net_sink comp="932" pin=0"/></net>

<net id="936"><net_src comp="932" pin="1"/><net_sink comp="466" pin=1"/></net>

<net id="940"><net_src comp="164" pin="2"/><net_sink comp="937" pin=0"/></net>

<net id="941"><net_src comp="937" pin="1"/><net_sink comp="432" pin=1"/></net>

<net id="942"><net_src comp="937" pin="1"/><net_sink comp="459" pin=2"/></net>

<net id="946"><net_src comp="388" pin="2"/><net_sink comp="943" pin=0"/></net>

<net id="947"><net_src comp="943" pin="1"/><net_sink comp="337" pin=0"/></net>

<net id="951"><net_src comp="170" pin="2"/><net_sink comp="948" pin=0"/></net>

<net id="952"><net_src comp="948" pin="1"/><net_sink comp="714" pin=1"/></net>

<net id="953"><net_src comp="948" pin="1"/><net_sink comp="727" pin=0"/></net>

<net id="954"><net_src comp="948" pin="1"/><net_sink comp="732" pin=1"/></net>

<net id="955"><net_src comp="948" pin="1"/><net_sink comp="751" pin=1"/></net>

<net id="959"><net_src comp="419" pin="4"/><net_sink comp="956" pin=0"/></net>

<net id="960"><net_src comp="956" pin="1"/><net_sink comp="429" pin=0"/></net>

<net id="964"><net_src comp="176" pin="2"/><net_sink comp="961" pin=0"/></net>

<net id="965"><net_src comp="961" pin="1"/><net_sink comp="756" pin=0"/></net>

<net id="969"><net_src comp="496" pin="1"/><net_sink comp="966" pin=0"/></net>

<net id="970"><net_src comp="966" pin="1"/><net_sink comp="274" pin=0"/></net>

<net id="977"><net_src comp="508" pin="2"/><net_sink comp="974" pin=0"/></net>

<net id="978"><net_src comp="974" pin="1"/><net_sink comp="859" pin=0"/></net>

<net id="982"><net_src comp="520" pin="1"/><net_sink comp="979" pin=0"/></net>

<net id="983"><net_src comp="979" pin="1"/><net_sink comp="252" pin=2"/></net>

<net id="984"><net_src comp="979" pin="1"/><net_sink comp="252" pin=4"/></net>

<net id="988"><net_src comp="524" pin="1"/><net_sink comp="985" pin=0"/></net>

<net id="989"><net_src comp="985" pin="1"/><net_sink comp="263" pin=2"/></net>

<net id="990"><net_src comp="985" pin="1"/><net_sink comp="263" pin=4"/></net>

<net id="994"><net_src comp="538" pin="2"/><net_sink comp="991" pin=0"/></net>

<net id="998"><net_src comp="554" pin="2"/><net_sink comp="995" pin=0"/></net>

<net id="1002"><net_src comp="568" pin="3"/><net_sink comp="999" pin=0"/></net>

<net id="1003"><net_src comp="999" pin="1"/><net_sink comp="241" pin=0"/></net>

<net id="1013"><net_src comp="645" pin="3"/><net_sink comp="1010" pin=0"/></net>

<net id="1014"><net_src comp="1010" pin="1"/><net_sink comp="263" pin=0"/></net>

<net id="1018"><net_src comp="671" pin="3"/><net_sink comp="1015" pin=0"/></net>

<net id="1019"><net_src comp="1015" pin="1"/><net_sink comp="252" pin=0"/></net>

<net id="1023"><net_src comp="688" pin="2"/><net_sink comp="1020" pin=0"/></net>

<net id="1024"><net_src comp="1020" pin="1"/><net_sink comp="297" pin=0"/></net>

<net id="1031"><net_src comp="365" pin="1"/><net_sink comp="1028" pin=0"/></net>

<net id="1032"><net_src comp="1028" pin="1"/><net_sink comp="305" pin=4"/></net>

<net id="1036"><net_src comp="365" pin="1"/><net_sink comp="1033" pin=0"/></net>

<net id="1037"><net_src comp="1033" pin="1"/><net_sink comp="321" pin=4"/></net>

</net_list>

</model> 
---------------- Datapath Model END ------------------

* FSMD analyzer results:
  - Output states:
	Port: out_r | {4 5 6 7 }
 - Input state : 
	Port: encode_bit : low_read_6 | {3 }
	Port: encode_bit : low_read | {1 }
	Port: encode_bit : high_read_6 | {3 }
	Port: encode_bit : high_read | {1 }
	Port: encode_bit : pending_read | {1 }
	Port: encode_bit : ob_read | {1 }
	Port: encode_bit : nb_read | {1 }
	Port: encode_bit : oi_read | {1 }
	Port: encode_bit : prob_read | {2 }
	Port: encode_bit : bit_r | {3 }
  - Chain level:
	State 1
		range : 1
		store_ln47 : 1
	State 2
		split : 1
	State 3
		add_ln44 : 1
		add_ln43 : 2
		low_write_assign_ph : 2
		high_write_assign_ph : 3
		p_ph : 2
		p_ph7 : 3
		store_ln38 : 3
		store_ln38 : 4
		store_ln44 : 3
		store_ln43 : 4
	State 4
		tmp : 1
		r_3 : 1
		br_ln47 : 2
		trunc_ln47 : 1
		trunc_ln47_2 : 1
		tmp_5 : 1
		icmp_ln48 : 2
		br_ln48 : 3
		tmp_6 : 1
		icmp_ln51 : 2
		br_ln51 : 3
		trunc_ln33_5 : 1
		trunc_ln33_6 : 1
		or_ln : 2
		add_ln33_2 : 1
		icmp_ln34_3 : 2
		br_ln34 : 3
		or_ln3 : 2
		add_ln34_2 : 1
		zext_ln34_5 : 1
		out_addr_4 : 2
		store_ln34 : 3
		tmp_7 : 1
		icmp_ln55 : 2
		icmp_ln55_2 : 1
		and_ln55 : 3
		br_ln55 : 3
		add_ln56 : 1
		bit_sel2 : 1
		xor_ln56_3 : 2
		trunc_ln56 : 1
		xor_ln : 2
		bit_sel : 1
		xor_ln56 : 2
		trunc_ln56_2 : 1
		xor_ln56_2 : 2
		store_ln56 : 2
		trunc_ln33 : 1
		shl_ln33 : 1
		add_ln33 : 1
		icmp_ln34 : 2
		br_ln34 : 3
		trunc_ln2 : 2
		add_ln34 : 1
		zext_ln34 : 1
		out_addr : 2
		store_ln34 : 3
		zext_ln63 : 1
		sub_ln63 : 2
		lshr_ln2 : 1
		zext_ln62 : 2
		add_ln62 : 3
		select_ln62 : 4
		mrv_s : 1
		mrv_7 : 2
		mrv_8 : 3
		mrv_9 : 4
		mrv_4 : 5
		mrv_5 : 6
		mrv_6 : 7
		ret_ln64 : 8
	State 5
		call_ln34 : 1
	State 6
		empty_47 : 1
		empty_48 : 1
		shl_ln2 : 2
		zext_ln59 : 3
		or_ln4 : 2
		zext_ln47 : 3
		store_ln38 : 4
		store_ln38 : 4
		store_ln59 : 4
		store_ln47 : 4
	State 7
		call_ln34 : 1


============================================================
+ Verbose Summary: Datapath Resource usage 
============================================================

* Functional unit list:
|----------|------------------------------------------------|---------|---------|---------|
| Operation|                 Functional Unit                |   DSP   |    FF   |   LUT   |
|----------|------------------------------------------------|---------|---------|---------|
|   call   | grp_encode_bit_Pipeline_VITIS_LOOP_53_2_fu_305 |    0    |    32   |   195   |
|          | grp_encode_bit_Pipeline_VITIS_LOOP_50_1_fu_321 |    0    |    32   |   195   |
|----------|------------------------------------------------|---------|---------|---------|
|          |                   grp_fu_348                   |    0    |    0    |    39   |
|          |                   grp_fu_360                   |    0    |    0    |    39   |
|          |                 add_ln41_fu_382                |    0    |    0    |    32   |
|    add   |                 add_ln44_fu_432                |    0    |    0    |    39   |
|          |                 add_ln43_fu_437                |    0    |    0    |    39   |
|          |                   r_3_fu_508                   |    0    |    0    |    13   |
|          |                 add_ln56_fu_621                |    0    |    0    |    39   |
|          |                 add_ln62_fu_751                |    0    |    0    |    39   |
|----------|------------------------------------------------|---------|---------|---------|
|          |           low_write_assign_ph_fu_443           |    0    |    0    |    32   |
|          |           high_write_assign_ph_fu_451          |    0    |    0    |    32   |
|  select  |                   p_ph_fu_459                  |    0    |    0    |    32   |
|          |                  p_ph7_fu_466                  |    0    |    0    |    32   |
|          |               select_ln62_fu_756               |    0    |    0    |    32   |
|----------|------------------------------------------------|---------|---------|---------|
|          |                   grp_fu_354                   |    0    |    0    |    39   |
|          |                icmp_ln48_fu_538                |    0    |    0    |    24   |
|   icmp   |                icmp_ln51_fu_554                |    0    |    0    |    24   |
|          |                icmp_ln55_fu_603                |    0    |    0    |    25   |
|          |               icmp_ln55_2_fu_609               |    0    |    0    |    39   |
|----------|------------------------------------------------|---------|---------|---------|
|          |                  range_fu_388                  |    0    |    0    |    32   |
|    sub   |                 sub_ln63_fu_727                |    0    |    0    |    39   |
|          |                 sub_ln62_fu_732                |    0    |    0    |    39   |
|----------|------------------------------------------------|---------|---------|---------|
|    mul   |                 mul_ln42_fu_337                |    3    |    0    |    20   |
|----------|------------------------------------------------|---------|---------|---------|
|    xor   |                xor_ln56_3_fu_635               |    0    |    0    |    2    |
|          |                 xor_ln56_fu_661                |    0    |    0    |    2    |
|----------|------------------------------------------------|---------|---------|---------|
|    and   |                 and_ln55_fu_615                |    0    |    0    |    2    |
|----------|------------------------------------------------|---------|---------|---------|
|          |              oi_read_2_read_fu_134             |    0    |    0    |    0    |
|          |              nb_read_2_read_fu_140             |    0    |    0    |    0    |
|          |              ob_read31_read_fu_146             |    0    |    0    |    0    |
|          |           pending_read_2_read_fu_152           |    0    |    0    |    0    |
|   read   |             high_read_3_read_fu_158            |    0    |    0    |    0    |
|          |             low_read_3_read_fu_164             |    0    |    0    |    0    |
|          |             prob_read_2_read_fu_170            |    0    |    0    |    0    |
|          |              bit_read_read_fu_176              |    0    |    0    |    0    |
|          |             high_read_4_read_fu_182            |    0    |    0    |    0    |
|          |             low_read_4_read_fu_188             |    0    |    0    |    0    |
|----------|------------------------------------------------|---------|---------|---------|
|          |                  split_fu_419                  |    0    |    0    |    0    |
|          |                  tmp_5_fu_528                  |    0    |    0    |    0    |
|partselect|                  tmp_6_fu_544                  |    0    |    0    |    0    |
|          |                  tmp_7_fu_593                  |    0    |    0    |    0    |
|          |                 lshr_ln_fu_714                 |    0    |    0    |    0    |
|          |                 lshr_ln2_fu_737                |    0    |    0    |    0    |
|----------|------------------------------------------------|---------|---------|---------|
|          |                zext_ln42_fu_429                |    0    |    0    |    0    |
|          |               zext_ln34_5_fu_585               |    0    |    0    |    0    |
|          |                zext_ln34_fu_703                |    0    |    0    |    0    |
|   zext   |                zext_ln63_fu_723                |    0    |    0    |    0    |
|          |                zext_ln62_fu_747                |    0    |    0    |    0    |
|          |                zext_ln59_fu_823                |    0    |    0    |    0    |
|          |                zext_ln47_fu_835                |    0    |    0    |    0    |
|----------|------------------------------------------------|---------|---------|---------|
|          |                   tmp_fu_500                   |    0    |    0    |    0    |
| bitselect|                 bit_sel2_fu_627                |    0    |    0    |    0    |
|          |                 bit_sel_fu_653                 |    0    |    0    |    0    |
|----------|------------------------------------------------|---------|---------|---------|
|          |                trunc_ln47_fu_520               |    0    |    0    |    0    |
|          |               trunc_ln47_2_fu_524              |    0    |    0    |    0    |
|          |               trunc_ln33_5_fu_560              |    0    |    0    |    0    |
|   trunc  |               trunc_ln33_6_fu_564              |    0    |    0    |    0    |
|          |                trunc_ln56_fu_641               |    0    |    0    |    0    |
|          |               trunc_ln56_2_fu_667              |    0    |    0    |    0    |
|          |                trunc_ln33_fu_684               |    0    |    0    |    0    |
|----------|------------------------------------------------|---------|---------|---------|
|          |                  or_ln_fu_568                  |    0    |    0    |    0    |
|          |                  or_ln3_fu_576                 |    0    |    0    |    0    |
|          |                  xor_ln_fu_645                 |    0    |    0    |    0    |
|bitconcatenate|                xor_ln56_2_fu_671               |    0    |    0    |    0    |
|          |                trunc_ln2_fu_694                |    0    |    0    |    0    |
|          |                 shl_ln2_fu_815                 |    0    |    0    |    0    |
|          |                  or_ln4_fu_827                 |    0    |    0    |    0    |
|----------|------------------------------------------------|---------|---------|---------|
|    shl   |                 shl_ln33_fu_688                |    0    |    0    |    0    |
|----------|------------------------------------------------|---------|---------|---------|
|          |                  mrv_s_fu_763                  |    0    |    0    |    0    |
|          |                  mrv_7_fu_769                  |    0    |    0    |    0    |
|          |                  mrv_8_fu_775                  |    0    |    0    |    0    |
|insertvalue|                  mrv_9_fu_781                  |    0    |    0    |    0    |
|          |                  mrv_4_fu_787                  |    0    |    0    |    0    |
|          |                  mrv_5_fu_793                  |    0    |    0    |    0    |
|          |                  mrv_6_fu_799                  |    0    |    0    |    0    |
|----------|------------------------------------------------|---------|---------|---------|
|   Total  |                                                |    3    |    64   |   1116  |
|----------|------------------------------------------------|---------|---------|---------|

Memories:
N/A

* Register list:
+-------------------------+--------+
|                         |   FF   |
+-------------------------+--------+
|     bit_read_reg_961    |    1   |
|     empty_46_reg_878    |   32   |
|     empty_47_reg_249    |   15   |
|     empty_48_reg_260    |   15   |
|      empty_reg_870      |   32   |
|   high_read_3_reg_932   |   32   |
|    icmp_ln48_reg_991    |    1   |
|    icmp_ln51_reg_995    |    1   |
|    low_read_3_reg_937   |   32   |
|       nb_0_reg_924      |   32   |
|     nb_2_ph_reg_281     |   32   |
|     nb_5_ph_reg_225     |   32   |
|       ob_0_reg_916      |   32   |
|     ob_2_ph_reg_293     |   32   |
|     ob_5_ph_reg_237     |   32   |
|    oi_0_load_reg_966    |   32   |
|       oi_0_reg_908      |   32   |
|     oi_2_ph_reg_271     |   32   |
|     oi_5_ph_reg_215     |   32   |
|      or_ln_reg_999      |   32   |
|pending_0_load41_reg_1033|   32   |
|pending_0_load_5_reg_1028|   32   |
|    pending_0_reg_885    |   32   |
|    phi_ln64_2_reg_894   |   32   |
|     phi_ln64_reg_901    |   32   |
|   prob_read_2_reg_948   |   32   |
|       r_01_reg_863      |    6   |
|       r_3_reg_974       |    6   |
|      range_reg_943      |   32   |
|         reg_370         |   32   |
|         reg_376         |   32   |
|    shl_ln33_reg_1020    |   32   |
|      split_reg_956      |   20   |
|   trunc_ln47_2_reg_985  |   15   |
|    trunc_ln47_reg_979   |   15   |
|   xor_ln56_2_reg_1015   |   15   |
|     xor_ln_reg_1010     |   15   |
+-------------------------+--------+
|          Total          |   925  |
+-------------------------+--------+

* Multiplexer (MUX) list: 
|------------------------------------------------|------|------|------|--------||---------||---------||---------|
|                      Comp                      |  Pin | Size |  BW  | S x BW ||  Delay  ||    FF   ||   LUT   |
|------------------------------------------------|------|------|------|--------||---------||---------||---------|
|                grp_access_fu_201               |  p0  |   2  |  10  |   20   ||    0    ||    9    |
|                grp_access_fu_201               |  p1  |   2  |   8  |   16   ||    0    ||    9    |
|                 nb_5_ph_reg_225                |  p0  |   2  |  32  |   64   ||    0    ||    9    |
|                 ob_5_ph_reg_237                |  p0  |   2  |  32  |   64   ||    0    ||    9    |
|                 nb_2_ph_reg_281                |  p0  |   2  |  32  |   64   ||    0    ||    9    |
|                 ob_2_ph_reg_293                |  p0  |   2  |  32  |   64   ||    0    ||    9    |
| grp_encode_bit_Pipeline_VITIS_LOOP_53_2_fu_305 |  p4  |   2  |  32  |   64   ||    0    ||    9    |
| grp_encode_bit_Pipeline_VITIS_LOOP_50_1_fu_321 |  p4  |   2  |  32  |   64   ||    0    ||    9    |
|------------------------------------------------|------|------|------|--------||---------||---------||---------|
|                      Total                     |      |      |      |   420  ||  3.416  ||    0    ||    72   |
|------------------------------------------------|------|------|------|--------||---------||---------||---------|



* Summary:
+-----------+--------+--------+--------+--------+
|           |   DSP  |  Delay |   FF   |   LUT  |
+-----------+--------+--------+--------+--------+
|  Function |    3   |    -   |   64   |  1116  |
|   Memory  |    -   |    -   |    -   |    -   |
|Multiplexer|    -   |    3   |    0   |   72   |
|  Register |    -   |    -   |   925  |    -   |
+-----------+--------+--------+--------+--------+
|   Total   |    3   |    3   |   989  |  1188  |
+-----------+--------+--------+--------+--------+
