

================================================================
== Vitis HLS Report for 'encode_chunk'
================================================================
* Date:           Sat Aug  1 19:34:09 2026

* Version:        2025.2.1 (Build 6397637 on Mar 18 2026)
* Project:        work_k8_report
* Solution:       hls (Vitis Kernel Flow Target)
* Product family: zynquplus
* Target device:  xck26-sfvc784-2LV-c


================================================================
== Performance Estimates
================================================================
+ Timing: 
    * Summary: 
    +--------+---------+----------+------------+
    |  Clock |  Target | Estimated| Uncertainty|
    +--------+---------+----------+------------+
    |ap_clk  |  5.00 ns|  3.497 ns|     1.35 ns|
    +--------+---------+----------+------------+

+ Latency: 
    * Summary: 
    +---------+---------+----------+----------+-----+-----+---------+
    |  Latency (cycles) |  Latency (absolute) |  Interval | Pipeline|
    |   min   |   max   |    min   |    max   | min | max |   Type  |
    +---------+---------+----------+----------+-----+-----+---------+
    |        ?|        ?|         ?|         ?|    ?|    ?|       no|
    +---------+---------+----------+----------+-----+-----+---------+

    + Detail: 
        * Instance: 
        +--------------------------------------------------+---------------------------------------+---------+---------+----------+----------+-----+-----+-------------------+
        |                                                  |                                       |  Latency (cycles) |  Latency (absolute) |  Interval |      Pipeline     |
        |                     Instance                     |                 Module                |   min   |   max   |    min   |    max   | min | max |        Type       |
        +--------------------------------------------------+---------------------------------------+---------+---------+----------+----------+-----+-----+-------------------+
        |grp_encode_chunk_Pipeline_VITIS_LOOP_17_1_fu_319  |encode_chunk_Pipeline_VITIS_LOOP_17_1  |      258|      258|  1.290 us|  1.290 us|    0|    0|  loop pipeline stp|
        |grp_encode_bit_fu_325                             |encode_bit                             |        ?|        ?|         ?|         ?|    ?|    ?|                 no|
        |grp_encode_bit_1_fu_343                           |encode_bit_1                           |        ?|        ?|         ?|         ?|    ?|    ?|                 no|
        |grp_encode_chunk_Pipeline_VITIS_LOOP_33_5_fu_357  |encode_chunk_Pipeline_VITIS_LOOP_33_5  |        ?|        ?|         ?|         ?|    0|    0|  loop pipeline stp|
        |grp_encode_chunk_Pipeline_VITIS_LOOP_32_4_fu_373  |encode_chunk_Pipeline_VITIS_LOOP_32_4  |        ?|        ?|         ?|         ?|    0|    0|  loop pipeline stp|
        +--------------------------------------------------+---------------------------------------+---------+---------+----------+----------+-----+-----+-------------------+

        * Loop: 
        +--------------------+---------+---------+----------+-----------+-----------+------+----------+
        |                    |  Latency (cycles) | Iteration|  Initiation Interval  | Trip |          |
        |      Loop Name     |   min   |   max   |  Latency |  achieved |   target  | Count| Pipelined|
        +--------------------+---------+---------+----------+-----------+-----------+------+----------+
        |- VITIS_LOOP_21_2   |        ?|        ?|         ?|          -|          -|     ?|        no|
        | + VITIS_LOOP_24_3  |        ?|        ?|         ?|          -|          -|     8|        no|
        +--------------------+---------+---------+----------+-----------+-----------+------+----------+

============================================================
+ Verbose Summary: Synthesis Manager
============================================================
InlineROM: 1
ExposeGlobal: 0
============================================================
+ Verbose Summary: CDFG Model
============================================================
IsTopModel: 0
ResetActiveHigh: 1
IsCombinational: 0
IsDatapathOnly: 0
HasWiredReturn: 1
HasMFsm: 0
HasVarLatency: 1
IsPipeline: 0
IsRtlPipelined: 0
IsInstanceOverlapped: 0
IsDontTouch: 0
HasImplIP: 0
IsGatedGlobalClock: 0


============================================================
+ Verbose Summary: Schedule
============================================================
* Number of FSM states : 19
* Pipeline : 0
* Dataflow Pipeline: 0

* FSM state transitions: 
1 --> 2 
2 --> 3 
3 --> 4 
4 --> 5 11 
5 --> 6 
6 --> 7 3 
7 --> 8 
8 --> 9 
9 --> 10 
10 --> 6 
11 --> 12 
12 --> 13 17 
13 --> 14 
14 --> 15 
15 --> 16 
16 --> 
17 --> 18 
18 --> 19 
19 --> 16 

* FSM state operations: 

State 1 <SV = 0> <Delay = 1.23>
ST_1 : Operation 20 [1/1] (0.00ns)   --->   "%k = alloca i32 1" [arith5.cpp:21]   --->   Operation 20 'alloca' 'k' <Predicate = true> <Delay = 0.00>
ST_1 : Operation 21 [1/1] (0.00ns)   --->   "%flag_prob_0 = alloca i32 1"   --->   Operation 21 'alloca' 'flag_prob_0' <Predicate = true> <Delay = 0.00>
ST_1 : Operation 22 [1/1] (0.00ns)   --->   "%ob_8_0 = alloca i32 1"   --->   Operation 22 'alloca' 'ob_8_0' <Predicate = true> <Delay = 0.00>
ST_1 : Operation 23 [1/1] (0.00ns)   --->   "%nb_6_0 = alloca i32 1"   --->   Operation 23 'alloca' 'nb_6_0' <Predicate = true> <Delay = 0.00>
ST_1 : Operation 24 [1/1] (0.00ns)   --->   "%oi_0 = alloca i32 1"   --->   Operation 24 'alloca' 'oi_0' <Predicate = true> <Delay = 0.00>
ST_1 : Operation 25 [1/1] (0.00ns)   --->   "%low_0 = alloca i32 1"   --->   Operation 25 'alloca' 'low_0' <Predicate = true> <Delay = 0.00>
ST_1 : Operation 26 [1/1] (0.00ns)   --->   "%high_0 = alloca i32 1"   --->   Operation 26 'alloca' 'high_0' <Predicate = true> <Delay = 0.00>
ST_1 : Operation 27 [1/1] (0.00ns)   --->   "%pending_0 = alloca i32 1"   --->   Operation 27 'alloca' 'pending_0' <Predicate = true> <Delay = 0.00>
ST_1 : Operation 28 [1/1] (0.00ns)   --->   "%ob_8_4_loc = alloca i64 1"   --->   Operation 28 'alloca' 'ob_8_4_loc' <Predicate = true> <Delay = 0.00>
ST_1 : Operation 29 [1/1] (0.00ns)   --->   "%nb_6_4_loc = alloca i64 1"   --->   Operation 29 'alloca' 'nb_6_4_loc' <Predicate = true> <Delay = 0.00>
ST_1 : Operation 30 [1/1] (0.00ns)   --->   "%oi_453_loc = alloca i64 1"   --->   Operation 30 'alloca' 'oi_453_loc' <Predicate = true> <Delay = 0.00>
ST_1 : Operation 31 [1/1] (0.00ns)   --->   "%ob_8_2_loc = alloca i64 1"   --->   Operation 31 'alloca' 'ob_8_2_loc' <Predicate = true> <Delay = 0.00>
ST_1 : Operation 32 [1/1] (0.00ns)   --->   "%nb_6_2_loc = alloca i64 1"   --->   Operation 32 'alloca' 'nb_6_2_loc' <Predicate = true> <Delay = 0.00>
ST_1 : Operation 33 [1/1] (0.00ns)   --->   "%oi_251_loc = alloca i64 1"   --->   Operation 33 'alloca' 'oi_251_loc' <Predicate = true> <Delay = 0.00>
ST_1 : Operation 34 [1/1] (1.23ns)   --->   "%tree = alloca i64 1" [arith5.cpp:16]   --->   Operation 34 'alloca' 'tree' <Predicate = true> <Delay = 1.23> <CoreInst = "RAM">   --->   Core 82 'RAM' <Latency = 1> <II = 1> <Delay = 1.23> <Storage> <Opcode : 'load' 'store'> <Ports = 2> <Width = 32> <Depth = 256> <RAM>
ST_1 : Operation 35 [2/2] (0.00ns)   --->   "%call_ln0 = call void @encode_chunk_Pipeline_VITIS_LOOP_17_1, i32 %tree"   --->   Operation 35 'call' 'call_ln0' <Predicate = true> <Delay = 0.00> <CoreType = "Generic">   --->   Generic Core
ST_1 : Operation 36 [1/1] (0.47ns)   --->   "%store_ln0 = store i32 0, i32 %pending_0"   --->   Operation 36 'store' 'store_ln0' <Predicate = true> <Delay = 0.47>
ST_1 : Operation 37 [1/1] (0.47ns)   --->   "%store_ln0 = store i32 65535, i32 %high_0"   --->   Operation 37 'store' 'store_ln0' <Predicate = true> <Delay = 0.47>
ST_1 : Operation 38 [1/1] (0.47ns)   --->   "%store_ln0 = store i32 0, i32 %low_0"   --->   Operation 38 'store' 'store_ln0' <Predicate = true> <Delay = 0.47>
ST_1 : Operation 39 [1/1] (0.47ns)   --->   "%store_ln0 = store i32 0, i32 %oi_0"   --->   Operation 39 'store' 'store_ln0' <Predicate = true> <Delay = 0.47>
ST_1 : Operation 40 [1/1] (0.47ns)   --->   "%store_ln0 = store i32 0, i32 %nb_6_0"   --->   Operation 40 'store' 'store_ln0' <Predicate = true> <Delay = 0.47>
ST_1 : Operation 41 [1/1] (0.47ns)   --->   "%store_ln0 = store i32 0, i32 %ob_8_0"   --->   Operation 41 'store' 'store_ln0' <Predicate = true> <Delay = 0.47>
ST_1 : Operation 42 [1/1] (0.42ns)   --->   "%store_ln0 = store i32 2048, i32 %flag_prob_0"   --->   Operation 42 'store' 'store_ln0' <Predicate = true> <Delay = 0.42>
ST_1 : Operation 43 [1/1] (0.42ns)   --->   "%store_ln21 = store i31 0, i31 %k" [arith5.cpp:21]   --->   Operation 43 'store' 'store_ln21' <Predicate = true> <Delay = 0.42>

State 2 <SV = 1> <Delay = 1.63>
ST_2 : Operation 44 [1/1] (0.00ns)   --->   "%n_read = read i32 @_ssdm_op_Read.ap_auto.i32, i32 %n"   --->   Operation 44 'read' 'n_read' <Predicate = true> <Delay = 0.00>
ST_2 : Operation 45 [1/2] (1.63ns)   --->   "%call_ln0 = call void @encode_chunk_Pipeline_VITIS_LOOP_17_1, i32 %tree"   --->   Operation 45 'call' 'call_ln0' <Predicate = true> <Delay = 1.63> <CoreType = "Generic">   --->   Generic Core
ST_2 : Operation 46 [1/1] (0.00ns)   --->   "%br_ln21 = br void %VITIS_LOOP_24_3" [arith5.cpp:21]   --->   Operation 46 'br' 'br_ln21' <Predicate = true> <Delay = 0.00>

State 3 <SV = 2> <Delay = 1.01>
ST_3 : Operation 47 [1/1] (0.00ns)   --->   "%k_1 = load i31 %k" [arith5.cpp:21]   --->   Operation 47 'load' 'k_1' <Predicate = true> <Delay = 0.00>
ST_3 : Operation 48 [1/1] (0.00ns)   --->   "%zext_ln21_1 = zext i31 %k_1" [arith5.cpp:21]   --->   Operation 48 'zext' 'zext_ln21_1' <Predicate = true> <Delay = 0.00>
ST_3 : Operation 49 [1/1] (1.01ns)   --->   "%icmp_ln21 = icmp_slt  i32 %zext_ln21_1, i32 %n_read" [arith5.cpp:21]   --->   Operation 49 'icmp' 'icmp_ln21' <Predicate = true> <Delay = 1.01> <CoreInst = "Cmp">   --->   Core 9 'Cmp' <Latency = 0> <II = 1> <Delay = 1.01> <FuncUnit> <Opcode : 'seteq' 'setne' 'setle' 'setge' 'setlt' 'setgt'> <InPorts = 2> <OutPorts = 1>

State 4 <SV = 3> <Delay = 3.42>
ST_4 : Operation 50 [1/1] (1.00ns)   --->   "%add_ln21 = add i31 %k_1, i31 1" [arith5.cpp:21]   --->   Operation 50 'add' 'add_ln21' <Predicate = true> <Delay = 1.00> <CoreInst = "Adder">   --->   Core 1 'Adder' <Latency = 0> <II = 1> <Delay = 1.00> <FuncUnit> <Opcode : 'add' 'sub'> <InPorts = 2> <OutPorts = 1>
ST_4 : Operation 51 [1/1] (0.00ns)   --->   "%br_ln21 = br i1 %icmp_ln21, void %for.end17, void %VITIS_LOOP_24_3.split" [arith5.cpp:21]   --->   Operation 51 'br' 'br_ln21' <Predicate = true> <Delay = 0.00>
ST_4 : Operation 52 [1/1] (0.00ns)   --->   "%flag_prob_0_load_1 = load i32 %flag_prob_0" [arith5.cpp:22]   --->   Operation 52 'load' 'flag_prob_0_load_1' <Predicate = (icmp_ln21)> <Delay = 0.00>
ST_4 : Operation 53 [1/1] (0.00ns)   --->   "%ob_8_0_load_1 = load i32 %ob_8_0" [arith5.cpp:22]   --->   Operation 53 'load' 'ob_8_0_load_1' <Predicate = (icmp_ln21)> <Delay = 0.00>
ST_4 : Operation 54 [1/1] (0.00ns)   --->   "%nb_6_0_load_1 = load i32 %nb_6_0" [arith5.cpp:22]   --->   Operation 54 'load' 'nb_6_0_load_1' <Predicate = (icmp_ln21)> <Delay = 0.00>
ST_4 : Operation 55 [1/1] (0.00ns)   --->   "%oi_0_load_1 = load i32 %oi_0" [arith5.cpp:22]   --->   Operation 55 'load' 'oi_0_load_1' <Predicate = (icmp_ln21)> <Delay = 0.00>
ST_4 : Operation 56 [1/1] (0.00ns)   --->   "%low_0_load_1 = load i32 %low_0" [arith5.cpp:22]   --->   Operation 56 'load' 'low_0_load_1' <Predicate = (icmp_ln21)> <Delay = 0.00>
ST_4 : Operation 57 [1/1] (0.00ns)   --->   "%high_0_load_1 = load i32 %high_0" [arith5.cpp:22]   --->   Operation 57 'load' 'high_0_load_1' <Predicate = (icmp_ln21)> <Delay = 0.00>
ST_4 : Operation 58 [1/1] (0.00ns)   --->   "%pending_0_load_1 = load i32 %pending_0" [arith5.cpp:22]   --->   Operation 58 'load' 'pending_0_load_1' <Predicate = (icmp_ln21)> <Delay = 0.00>
ST_4 : Operation 59 [1/1] (0.00ns)   --->   "%zext_ln21 = zext i31 %k_1" [arith5.cpp:21]   --->   Operation 59 'zext' 'zext_ln21' <Predicate = (icmp_ln21)> <Delay = 0.00>
ST_4 : Operation 60 [2/2] (3.42ns)   --->   "%call_ret1 = call i224 @encode_bit, i32 %low_0_load_1, i32 %low_0_load_1, i32 %high_0_load_1, i32 %high_0_load_1, i32 %pending_0_load_1, i32 %ob_8_0_load_1, i32 %nb_6_0_load_1, i8 %out_r, i32 %oi_0_load_1, i32 %flag_prob_0_load_1, i1 1" [arith5.cpp:22]   --->   Operation 60 'call' 'call_ret1' <Predicate = (icmp_ln21)> <Delay = 3.42> <CoreType = "Generic">   --->   Generic Core
ST_4 : Operation 61 [1/1] (0.00ns)   --->   "%in_addr = getelementptr i8 %in_r, i64 0, i64 %zext_ln21" [arith5.cpp:23]   --->   Operation 61 'getelementptr' 'in_addr' <Predicate = (icmp_ln21)> <Delay = 0.00>
ST_4 : Operation 62 [2/2] (1.23ns)   --->   "%b = load i10 %in_addr" [arith5.cpp:23]   --->   Operation 62 'load' 'b' <Predicate = (icmp_ln21)> <Delay = 1.23> <CoreInst = "RAM">   --->   Core 82 'RAM' <Latency = 1> <II = 1> <Delay = 1.23> <Storage> <Opcode : 'load' 'store'> <Ports = 2> <Width = 8> <Depth = 576> <RAM>
ST_4 : Operation 63 [1/1] (0.00ns)   --->   "%flag_prob_0_load = load i32 %flag_prob_0" [arith5.cpp:30]   --->   Operation 63 'load' 'flag_prob_0_load' <Predicate = (!icmp_ln21)> <Delay = 0.00>
ST_4 : Operation 64 [1/1] (0.00ns)   --->   "%ob_8_0_load = load i32 %ob_8_0" [arith5.cpp:30]   --->   Operation 64 'load' 'ob_8_0_load' <Predicate = (!icmp_ln21)> <Delay = 0.00>
ST_4 : Operation 65 [1/1] (0.00ns)   --->   "%nb_6_0_load = load i32 %nb_6_0" [arith5.cpp:30]   --->   Operation 65 'load' 'nb_6_0_load' <Predicate = (!icmp_ln21)> <Delay = 0.00>
ST_4 : Operation 66 [1/1] (0.00ns)   --->   "%oi_0_load = load i32 %oi_0" [arith5.cpp:30]   --->   Operation 66 'load' 'oi_0_load' <Predicate = (!icmp_ln21)> <Delay = 0.00>
ST_4 : Operation 67 [1/1] (0.00ns)   --->   "%low_0_load = load i32 %low_0" [arith5.cpp:30]   --->   Operation 67 'load' 'low_0_load' <Predicate = (!icmp_ln21)> <Delay = 0.00>
ST_4 : Operation 68 [1/1] (0.00ns)   --->   "%high_0_load = load i32 %high_0" [arith5.cpp:30]   --->   Operation 68 'load' 'high_0_load' <Predicate = (!icmp_ln21)> <Delay = 0.00>
ST_4 : Operation 69 [1/1] (0.00ns)   --->   "%pending_0_load = load i32 %pending_0" [arith5.cpp:30]   --->   Operation 69 'load' 'pending_0_load' <Predicate = (!icmp_ln21)> <Delay = 0.00>
ST_4 : Operation 70 [2/2] (3.42ns)   --->   "%call_ret2 = call i224 @encode_bit, i32 %low_0_load, i32 %low_0_load, i32 %high_0_load, i32 %high_0_load, i32 %pending_0_load, i32 %ob_8_0_load, i32 %nb_6_0_load, i8 %out_r, i32 %oi_0_load, i32 %flag_prob_0_load, i1 0" [arith5.cpp:30]   --->   Operation 70 'call' 'call_ret2' <Predicate = (!icmp_ln21)> <Delay = 3.42> <CoreType = "Generic">   --->   Generic Core

State 5 <SV = 4> <Delay = 2.95>
ST_5 : Operation 71 [1/1] (0.00ns)   --->   "%specloopname_ln21 = specloopname void @_ssdm_op_SpecLoopName, void @empty_3" [arith5.cpp:21]   --->   Operation 71 'specloopname' 'specloopname_ln21' <Predicate = true> <Delay = 0.00>
ST_5 : Operation 72 [1/2] (2.48ns)   --->   "%call_ret1 = call i224 @encode_bit, i32 %low_0_load_1, i32 %low_0_load_1, i32 %high_0_load_1, i32 %high_0_load_1, i32 %pending_0_load_1, i32 %ob_8_0_load_1, i32 %nb_6_0_load_1, i8 %out_r, i32 %oi_0_load_1, i32 %flag_prob_0_load_1, i1 1" [arith5.cpp:22]   --->   Operation 72 'call' 'call_ret1' <Predicate = true> <Delay = 2.48> <CoreType = "Generic">   --->   Generic Core
ST_5 : Operation 73 [1/1] (0.00ns)   --->   "%oi = extractvalue i224 %call_ret1" [arith5.cpp:22]   --->   Operation 73 'extractvalue' 'oi' <Predicate = true> <Delay = 0.00>
ST_5 : Operation 74 [1/1] (0.00ns)   --->   "%nb_1 = extractvalue i224 %call_ret1" [arith5.cpp:22]   --->   Operation 74 'extractvalue' 'nb_1' <Predicate = true> <Delay = 0.00>
ST_5 : Operation 75 [1/1] (0.00ns)   --->   "%ob = extractvalue i224 %call_ret1" [arith5.cpp:22]   --->   Operation 75 'extractvalue' 'ob' <Predicate = true> <Delay = 0.00>
ST_5 : Operation 76 [1/1] (0.00ns)   --->   "%pending = extractvalue i224 %call_ret1" [arith5.cpp:22]   --->   Operation 76 'extractvalue' 'pending' <Predicate = true> <Delay = 0.00>
ST_5 : Operation 77 [1/1] (0.00ns)   --->   "%low = extractvalue i224 %call_ret1" [arith5.cpp:22]   --->   Operation 77 'extractvalue' 'low' <Predicate = true> <Delay = 0.00>
ST_5 : Operation 78 [1/1] (0.00ns)   --->   "%high = extractvalue i224 %call_ret1" [arith5.cpp:22]   --->   Operation 78 'extractvalue' 'high' <Predicate = true> <Delay = 0.00>
ST_5 : Operation 79 [1/1] (0.00ns)   --->   "%flag_prob = extractvalue i224 %call_ret1" [arith5.cpp:22]   --->   Operation 79 'extractvalue' 'flag_prob' <Predicate = true> <Delay = 0.00>
ST_5 : Operation 80 [1/2] ( I:1.23ns O:1.23ns )   --->   "%b = load i10 %in_addr" [arith5.cpp:23]   --->   Operation 80 'load' 'b' <Predicate = true> <Delay = 1.23> <CoreInst = "RAM">   --->   Core 82 'RAM' <Latency = 1> <II = 1> <Delay = 1.23> <Storage> <Opcode : 'load' 'store'> <Ports = 2> <Width = 8> <Depth = 576> <RAM>
ST_5 : Operation 81 [1/1] (0.47ns)   --->   "%store_ln22 = store i32 %pending, i32 %pending_0" [arith5.cpp:22]   --->   Operation 81 'store' 'store_ln22' <Predicate = true> <Delay = 0.47>
ST_5 : Operation 82 [1/1] (0.47ns)   --->   "%store_ln22 = store i32 %high, i32 %high_0" [arith5.cpp:22]   --->   Operation 82 'store' 'store_ln22' <Predicate = true> <Delay = 0.47>
ST_5 : Operation 83 [1/1] (0.47ns)   --->   "%store_ln22 = store i32 %low, i32 %low_0" [arith5.cpp:22]   --->   Operation 83 'store' 'store_ln22' <Predicate = true> <Delay = 0.47>
ST_5 : Operation 84 [1/1] (0.47ns)   --->   "%store_ln22 = store i32 %oi, i32 %oi_0" [arith5.cpp:22]   --->   Operation 84 'store' 'store_ln22' <Predicate = true> <Delay = 0.47>
ST_5 : Operation 85 [1/1] (0.47ns)   --->   "%store_ln22 = store i32 %nb_1, i32 %nb_6_0" [arith5.cpp:22]   --->   Operation 85 'store' 'store_ln22' <Predicate = true> <Delay = 0.47>
ST_5 : Operation 86 [1/1] (0.47ns)   --->   "%store_ln22 = store i32 %ob, i32 %ob_8_0" [arith5.cpp:22]   --->   Operation 86 'store' 'store_ln22' <Predicate = true> <Delay = 0.47>
ST_5 : Operation 87 [1/1] (0.42ns)   --->   "%br_ln24 = br void %for.inc13" [arith5.cpp:24]   --->   Operation 87 'br' 'br_ln24' <Predicate = true> <Delay = 0.42>

State 6 <SV = 5> <Delay = 1.23>
ST_6 : Operation 88 [1/1] (0.00ns)   --->   "%j = phi i4 7, void %VITIS_LOOP_24_3.split, i4 %j_1, void %for.inc13.split"   --->   Operation 88 'phi' 'j' <Predicate = true> <Delay = 0.00>
ST_6 : Operation 89 [1/1] (0.00ns)   --->   "%ctx = phi i8 1, void %VITIS_LOOP_24_3.split, i8 %ctx_1, void %for.inc13.split"   --->   Operation 89 'phi' 'ctx' <Predicate = true> <Delay = 0.00>
ST_6 : Operation 90 [1/1] (0.00ns)   --->   "%tmp_1 = bitselect i1 @_ssdm_op_BitSelect.i1.i4.i32, i4 %j, i32 3" [arith5.cpp:24]   --->   Operation 90 'bitselect' 'tmp_1' <Predicate = true> <Delay = 0.00>
ST_6 : Operation 91 [1/1] (0.00ns)   --->   "%br_ln24 = br i1 %tmp_1, void %for.inc13.split, void %for.inc15" [arith5.cpp:24]   --->   Operation 91 'br' 'br_ln24' <Predicate = true> <Delay = 0.00>
ST_6 : Operation 92 [1/1] (0.00ns)   --->   "%zext_ln23 = zext i4 %j" [arith5.cpp:23]   --->   Operation 92 'zext' 'zext_ln23' <Predicate = (!tmp_1)> <Delay = 0.00>
ST_6 : Operation 93 [1/1] (0.74ns)   --->   "%lshr_ln25 = lshr i8 %b, i8 %zext_ln23" [arith5.cpp:25]   --->   Operation 93 'lshr' 'lshr_ln25' <Predicate = (!tmp_1)> <Delay = 0.74> <CoreInst = "Shifter">   --->   Core 75 'Shifter' <Latency = 0> <II = 1> <Delay = 0.74> <FuncUnit> <Opcode : 'shl' 'lshr' 'ashr'> <InPorts = 2> <OutPorts = 1>
ST_6 : Operation 94 [1/1] (0.00ns)   --->   "%bit = trunc i8 %lshr_ln25" [arith5.cpp:25]   --->   Operation 94 'trunc' 'bit' <Predicate = (!tmp_1)> <Delay = 0.00>
ST_6 : Operation 95 [1/1] (0.00ns)   --->   "%zext_ln26 = zext i8 %ctx" [arith5.cpp:26]   --->   Operation 95 'zext' 'zext_ln26' <Predicate = (!tmp_1)> <Delay = 0.00>
ST_6 : Operation 96 [1/1] (0.00ns)   --->   "%tree_addr = getelementptr i32 %tree, i64 0, i64 %zext_ln26" [arith5.cpp:26]   --->   Operation 96 'getelementptr' 'tree_addr' <Predicate = (!tmp_1)> <Delay = 0.00>
ST_6 : Operation 97 [2/2] (1.23ns)   --->   "%tree_load = load i8 %tree_addr" [arith5.cpp:26]   --->   Operation 97 'load' 'tree_load' <Predicate = (!tmp_1)> <Delay = 1.23> <CoreInst = "RAM">   --->   Core 82 'RAM' <Latency = 1> <II = 1> <Delay = 1.23> <Storage> <Opcode : 'load' 'store'> <Ports = 2> <Width = 32> <Depth = 256> <RAM>
ST_6 : Operation 98 [1/1] (0.00ns)   --->   "%trunc_ln27 = trunc i8 %ctx" [arith5.cpp:27]   --->   Operation 98 'trunc' 'trunc_ln27' <Predicate = (!tmp_1)> <Delay = 0.00>
ST_6 : Operation 99 [1/1] (0.00ns)   --->   "%ctx_1 = bitconcatenate i8 @_ssdm_op_BitConcatenate.i8.i7.i1, i7 %trunc_ln27, i1 %bit" [arith5.cpp:27]   --->   Operation 99 'bitconcatenate' 'ctx_1' <Predicate = (!tmp_1)> <Delay = 0.00>
ST_6 : Operation 100 [1/1] (0.79ns)   --->   "%j_1 = add i4 %j, i4 15" [arith5.cpp:24]   --->   Operation 100 'add' 'j_1' <Predicate = (!tmp_1)> <Delay = 0.79> <CoreInst = "Adder">   --->   Core 1 'Adder' <Latency = 0> <II = 1> <Delay = 0.79> <FuncUnit> <Opcode : 'add' 'sub'> <InPorts = 2> <OutPorts = 1>
ST_6 : Operation 101 [1/1] (0.42ns)   --->   "%store_ln22 = store i32 %flag_prob, i32 %flag_prob_0" [arith5.cpp:22]   --->   Operation 101 'store' 'store_ln22' <Predicate = (tmp_1)> <Delay = 0.42>
ST_6 : Operation 102 [1/1] (0.42ns)   --->   "%store_ln21 = store i31 %add_ln21, i31 %k" [arith5.cpp:21]   --->   Operation 102 'store' 'store_ln21' <Predicate = (tmp_1)> <Delay = 0.42>
ST_6 : Operation 103 [1/1] (0.00ns)   --->   "%br_ln21 = br void %VITIS_LOOP_24_3" [arith5.cpp:21]   --->   Operation 103 'br' 'br_ln21' <Predicate = (tmp_1)> <Delay = 0.00>

State 7 <SV = 6> <Delay = 1.23>
ST_7 : Operation 104 [1/2] ( I:1.23ns O:1.23ns )   --->   "%tree_load = load i8 %tree_addr" [arith5.cpp:26]   --->   Operation 104 'load' 'tree_load' <Predicate = true> <Delay = 1.23> <CoreInst = "RAM">   --->   Core 82 'RAM' <Latency = 1> <II = 1> <Delay = 1.23> <Storage> <Opcode : 'load' 'store'> <Ports = 2> <Width = 32> <Depth = 256> <RAM>

State 8 <SV = 7> <Delay = 3.42>
ST_8 : Operation 105 [1/1] (0.00ns)   --->   "%ob_8_0_load_2 = load i32 %ob_8_0" [arith5.cpp:26]   --->   Operation 105 'load' 'ob_8_0_load_2' <Predicate = true> <Delay = 0.00>
ST_8 : Operation 106 [1/1] (0.00ns)   --->   "%nb_6_0_load_2 = load i32 %nb_6_0" [arith5.cpp:26]   --->   Operation 106 'load' 'nb_6_0_load_2' <Predicate = true> <Delay = 0.00>
ST_8 : Operation 107 [1/1] (0.00ns)   --->   "%oi_0_load21 = load i32 %oi_0" [arith5.cpp:26]   --->   Operation 107 'load' 'oi_0_load21' <Predicate = true> <Delay = 0.00>
ST_8 : Operation 108 [1/1] (0.00ns)   --->   "%low_0_load_2 = load i32 %low_0" [arith5.cpp:26]   --->   Operation 108 'load' 'low_0_load_2' <Predicate = true> <Delay = 0.00>
ST_8 : Operation 109 [1/1] (0.00ns)   --->   "%high_0_load_2 = load i32 %high_0" [arith5.cpp:26]   --->   Operation 109 'load' 'high_0_load_2' <Predicate = true> <Delay = 0.00>
ST_8 : Operation 110 [1/1] (0.00ns)   --->   "%pending_0_load_2 = load i32 %pending_0" [arith5.cpp:26]   --->   Operation 110 'load' 'pending_0_load_2' <Predicate = true> <Delay = 0.00>
ST_8 : Operation 111 [2/2] (3.42ns)   --->   "%call_ret = call i224 @encode_bit.1, i32 %low_0_load_2, i32 %high_0_load_2, i32 %pending_0_load_2, i32 %ob_8_0_load_2, i32 %nb_6_0_load_2, i8 %out_r, i32 %oi_0_load21, i32 %tree_load, i1 %bit" [arith5.cpp:26]   --->   Operation 111 'call' 'call_ret' <Predicate = true> <Delay = 3.42> <CoreType = "Generic">   --->   Generic Core

State 9 <SV = 8> <Delay = 2.95>
ST_9 : Operation 112 [1/2] (2.48ns)   --->   "%call_ret = call i224 @encode_bit.1, i32 %low_0_load_2, i32 %high_0_load_2, i32 %pending_0_load_2, i32 %ob_8_0_load_2, i32 %nb_6_0_load_2, i8 %out_r, i32 %oi_0_load21, i32 %tree_load, i1 %bit" [arith5.cpp:26]   --->   Operation 112 'call' 'call_ret' <Predicate = true> <Delay = 2.48> <CoreType = "Generic">   --->   Generic Core
ST_9 : Operation 113 [1/1] (0.00ns)   --->   "%oi_2 = extractvalue i224 %call_ret" [arith5.cpp:26]   --->   Operation 113 'extractvalue' 'oi_2' <Predicate = true> <Delay = 0.00>
ST_9 : Operation 114 [1/1] (0.00ns)   --->   "%nb_3 = extractvalue i224 %call_ret" [arith5.cpp:26]   --->   Operation 114 'extractvalue' 'nb_3' <Predicate = true> <Delay = 0.00>
ST_9 : Operation 115 [1/1] (0.00ns)   --->   "%ob_4 = extractvalue i224 %call_ret" [arith5.cpp:26]   --->   Operation 115 'extractvalue' 'ob_4' <Predicate = true> <Delay = 0.00>
ST_9 : Operation 116 [1/1] (0.00ns)   --->   "%pending_3 = extractvalue i224 %call_ret" [arith5.cpp:26]   --->   Operation 116 'extractvalue' 'pending_3' <Predicate = true> <Delay = 0.00>
ST_9 : Operation 117 [1/1] (0.00ns)   --->   "%low_2 = extractvalue i224 %call_ret" [arith5.cpp:26]   --->   Operation 117 'extractvalue' 'low_2' <Predicate = true> <Delay = 0.00>
ST_9 : Operation 118 [1/1] (0.00ns)   --->   "%high_1 = extractvalue i224 %call_ret" [arith5.cpp:26]   --->   Operation 118 'extractvalue' 'high_1' <Predicate = true> <Delay = 0.00>
ST_9 : Operation 119 [1/1] (0.00ns)   --->   "%tree_addr_1_ret = extractvalue i224 %call_ret" [arith5.cpp:26]   --->   Operation 119 'extractvalue' 'tree_addr_1_ret' <Predicate = true> <Delay = 0.00>
ST_9 : Operation 120 [1/1] (0.47ns)   --->   "%store_ln26 = store i32 %pending_3, i32 %pending_0" [arith5.cpp:26]   --->   Operation 120 'store' 'store_ln26' <Predicate = true> <Delay = 0.47>
ST_9 : Operation 121 [1/1] (0.47ns)   --->   "%store_ln26 = store i32 %high_1, i32 %high_0" [arith5.cpp:26]   --->   Operation 121 'store' 'store_ln26' <Predicate = true> <Delay = 0.47>
ST_9 : Operation 122 [1/1] (0.47ns)   --->   "%store_ln26 = store i32 %low_2, i32 %low_0" [arith5.cpp:26]   --->   Operation 122 'store' 'store_ln26' <Predicate = true> <Delay = 0.47>
ST_9 : Operation 123 [1/1] (0.47ns)   --->   "%store_ln26 = store i32 %oi_2, i32 %oi_0" [arith5.cpp:26]   --->   Operation 123 'store' 'store_ln26' <Predicate = true> <Delay = 0.47>
ST_9 : Operation 124 [1/1] (0.47ns)   --->   "%store_ln26 = store i32 %nb_3, i32 %nb_6_0" [arith5.cpp:26]   --->   Operation 124 'store' 'store_ln26' <Predicate = true> <Delay = 0.47>
ST_9 : Operation 125 [1/1] (0.47ns)   --->   "%store_ln26 = store i32 %ob_4, i32 %ob_8_0" [arith5.cpp:26]   --->   Operation 125 'store' 'store_ln26' <Predicate = true> <Delay = 0.47>

State 10 <SV = 9> <Delay = 1.23>
ST_10 : Operation 126 [1/1] (0.00ns)   --->   "%speclooptripcount_ln23 = speclooptripcount void @_ssdm_op_SpecLoopTripCount, i64 8, i64 8, i64 8" [arith5.cpp:23]   --->   Operation 126 'speclooptripcount' 'speclooptripcount_ln23' <Predicate = true> <Delay = 0.00>
ST_10 : Operation 127 [1/1] (0.00ns)   --->   "%specloopname_ln24 = specloopname void @_ssdm_op_SpecLoopName, void @empty_27" [arith5.cpp:24]   --->   Operation 127 'specloopname' 'specloopname_ln24' <Predicate = true> <Delay = 0.00>
ST_10 : Operation 128 [1/1] ( I:1.23ns O:1.23ns )   --->   "%store_ln26 = store i32 %tree_addr_1_ret, i8 %tree_addr" [arith5.cpp:26]   --->   Operation 128 'store' 'store_ln26' <Predicate = true> <Delay = 1.23> <CoreInst = "RAM">   --->   Core 82 'RAM' <Latency = 1> <II = 1> <Delay = 1.23> <Storage> <Opcode : 'load' 'store'> <Ports = 2> <Width = 32> <Depth = 256> <RAM>
ST_10 : Operation 129 [1/1] (0.00ns)   --->   "%br_ln24 = br void %for.inc13" [arith5.cpp:24]   --->   Operation 129 'br' 'br_ln24' <Predicate = true> <Delay = 0.00>

State 11 <SV = 4> <Delay = 3.49>
ST_11 : Operation 130 [1/2] (2.48ns)   --->   "%call_ret2 = call i224 @encode_bit, i32 %low_0_load, i32 %low_0_load, i32 %high_0_load, i32 %high_0_load, i32 %pending_0_load, i32 %ob_8_0_load, i32 %nb_6_0_load, i8 %out_r, i32 %oi_0_load, i32 %flag_prob_0_load, i1 0" [arith5.cpp:30]   --->   Operation 130 'call' 'call_ret2' <Predicate = true> <Delay = 2.48> <CoreType = "Generic">   --->   Generic Core
ST_11 : Operation 131 [1/1] (0.00ns)   --->   "%oi_1 = extractvalue i224 %call_ret2" [arith5.cpp:30]   --->   Operation 131 'extractvalue' 'oi_1' <Predicate = true> <Delay = 0.00>
ST_11 : Operation 132 [1/1] (0.00ns) (grouped into LUT with out node nb)   --->   "%nb_2 = extractvalue i224 %call_ret2" [arith5.cpp:30]   --->   Operation 132 'extractvalue' 'nb_2' <Predicate = true> <Delay = 0.00>
ST_11 : Operation 133 [1/1] (0.00ns)   --->   "%ob_1 = extractvalue i224 %call_ret2" [arith5.cpp:30]   --->   Operation 133 'extractvalue' 'ob_1' <Predicate = true> <Delay = 0.00>
ST_11 : Operation 134 [1/1] (0.00ns) (grouped into LUT with out node pending_2)   --->   "%pending_1 = extractvalue i224 %call_ret2" [arith5.cpp:30]   --->   Operation 134 'extractvalue' 'pending_1' <Predicate = true> <Delay = 0.00>
ST_11 : Operation 135 [1/1] (0.00ns) (grouped into LUT with out node icmp_ln32)   --->   "%low_1 = extractvalue i224 %call_ret2" [arith5.cpp:30]   --->   Operation 135 'extractvalue' 'low_1' <Predicate = true> <Delay = 0.00>
ST_11 : Operation 136 [1/1] (1.01ns) (out node of the LUT)   --->   "%pending_2 = add i32 %pending_1, i32 1" [arith5.cpp:31]   --->   Operation 136 'add' 'pending_2' <Predicate = true> <Delay = 1.01> <CoreInst = "Adder">   --->   Core 1 'Adder' <Latency = 0> <II = 1> <Delay = 1.01> <FuncUnit> <Opcode : 'add' 'sub'> <InPorts = 2> <OutPorts = 1>
ST_11 : Operation 137 [1/1] (0.00ns) (grouped into LUT with out node icmp_ln32)   --->   "%tmp = partselect i18 @_ssdm_op_PartSelect.i18.i32.i32.i32, i32 %low_1, i32 14, i32 31" [arith5.cpp:32]   --->   Operation 137 'partselect' 'tmp' <Predicate = true> <Delay = 0.00>
ST_11 : Operation 138 [1/1] (0.87ns) (out node of the LUT)   --->   "%icmp_ln32 = icmp_eq  i18 %tmp, i18 0" [arith5.cpp:32]   --->   Operation 138 'icmp' 'icmp_ln32' <Predicate = true> <Delay = 0.87> <CoreInst = "Cmp">   --->   Core 9 'Cmp' <Latency = 0> <II = 1> <Delay = 0.87> <FuncUnit> <Opcode : 'seteq' 'setne' 'setle' 'setge' 'setlt' 'setgt'> <InPorts = 2> <OutPorts = 1>
ST_11 : Operation 139 [1/1] (0.00ns)   --->   "%trunc_ln34 = trunc i32 %ob_1" [./arith3.h:34->arith5.cpp:32]   --->   Operation 139 'trunc' 'trunc_ln34' <Predicate = true> <Delay = 0.00>
ST_11 : Operation 140 [1/1] (1.01ns) (out node of the LUT)   --->   "%nb = add i32 %nb_2, i32 1" [./arith3.h:33->arith5.cpp:32]   --->   Operation 140 'add' 'nb' <Predicate = true> <Delay = 1.01> <CoreInst = "Adder">   --->   Core 1 'Adder' <Latency = 0> <II = 1> <Delay = 1.01> <FuncUnit> <Opcode : 'add' 'sub'> <InPorts = 2> <OutPorts = 1>

State 12 <SV = 5> <Delay = 1.44>
ST_12 : Operation 141 [1/1] (0.00ns)   --->   "%ob_2 = bitconcatenate i8 @_ssdm_op_BitConcatenate.i8.i7.i1, i7 %trunc_ln34, i1 0" [./arith3.h:34->arith5.cpp:32]   --->   Operation 141 'bitconcatenate' 'ob_2' <Predicate = true> <Delay = 0.00>
ST_12 : Operation 142 [1/1] (1.01ns)   --->   "%icmp_ln34 = icmp_eq  i32 %nb, i32 8" [./arith3.h:34->arith5.cpp:32]   --->   Operation 142 'icmp' 'icmp_ln34' <Predicate = true> <Delay = 1.01> <CoreInst = "Cmp">   --->   Core 9 'Cmp' <Latency = 0> <II = 1> <Delay = 1.01> <FuncUnit> <Opcode : 'seteq' 'setne' 'setle' 'setge' 'setlt' 'setgt'> <InPorts = 2> <OutPorts = 1>
ST_12 : Operation 143 [1/1] (0.00ns)   --->   "%br_ln32 = br i1 %icmp_ln32, void %if.else, void %if.then" [arith5.cpp:32]   --->   Operation 143 'br' 'br_ln32' <Predicate = true> <Delay = 0.00>
ST_12 : Operation 144 [1/1] (0.00ns)   --->   "%ob_3 = bitconcatenate i8 @_ssdm_op_BitConcatenate.i8.i7.i1, i7 %trunc_ln34, i1 1" [./arith3.h:33->arith5.cpp:33]   --->   Operation 144 'bitconcatenate' 'ob_3' <Predicate = (!icmp_ln32)> <Delay = 0.00>
ST_12 : Operation 145 [1/1] (0.42ns)   --->   "%br_ln34 = br i1 %icmp_ln34, void %while.cond22.preheader, void %if.then.i30" [./arith3.h:34->arith5.cpp:33]   --->   Operation 145 'br' 'br_ln34' <Predicate = (!icmp_ln32)> <Delay = 0.42>
ST_12 : Operation 146 [1/1] (0.42ns)   --->   "%br_ln34 = br i1 %icmp_ln34, void %while.cond.preheader, void %if.then.i" [./arith3.h:34->arith5.cpp:32]   --->   Operation 146 'br' 'br_ln34' <Predicate = (icmp_ln32)> <Delay = 0.42>

State 13 <SV = 6> <Delay = 1.23>
ST_13 : Operation 147 [1/1] (1.01ns)   --->   "%oi_4 = add i32 %oi_1, i32 1" [./arith3.h:34->arith5.cpp:33]   --->   Operation 147 'add' 'oi_4' <Predicate = (icmp_ln34)> <Delay = 1.01> <CoreInst = "Adder">   --->   Core 1 'Adder' <Latency = 0> <II = 1> <Delay = 1.01> <FuncUnit> <Opcode : 'add' 'sub'> <InPorts = 2> <OutPorts = 1>
ST_13 : Operation 148 [1/1] (0.00ns)   --->   "%zext_ln34_1 = zext i32 %oi_1" [./arith3.h:34->arith5.cpp:33]   --->   Operation 148 'zext' 'zext_ln34_1' <Predicate = (icmp_ln34)> <Delay = 0.00>
ST_13 : Operation 149 [1/1] (0.00ns)   --->   "%out_addr_1 = getelementptr i8 %out_r, i64 0, i64 %zext_ln34_1" [./arith3.h:34->arith5.cpp:33]   --->   Operation 149 'getelementptr' 'out_addr_1' <Predicate = (icmp_ln34)> <Delay = 0.00>
ST_13 : Operation 150 [1/1] ( I:1.23ns O:1.23ns )   --->   "%store_ln34 = store i8 %ob_3, i10 %out_addr_1" [./arith3.h:34->arith5.cpp:33]   --->   Operation 150 'store' 'store_ln34' <Predicate = (icmp_ln34)> <Delay = 1.23> <CoreInst = "RAM">   --->   Core 82 'RAM' <Latency = 1> <II = 1> <Delay = 1.23> <Storage> <Opcode : 'load' 'store'> <Ports = 2> <Width = 8> <Depth = 576> <RAM>
ST_13 : Operation 151 [1/1] (0.42ns)   --->   "%br_ln34 = br void %while.cond22.preheader" [./arith3.h:34->arith5.cpp:33]   --->   Operation 151 'br' 'br_ln34' <Predicate = (icmp_ln34)> <Delay = 0.42>

State 14 <SV = 7> <Delay = 1.87>
ST_14 : Operation 152 [1/1] (0.00ns)   --->   "%oi_453_ph = phi i32 %oi_1, void %if.else, i32 %oi_4, void %if.then.i30"   --->   Operation 152 'phi' 'oi_453_ph' <Predicate = true> <Delay = 0.00>
ST_14 : Operation 153 [1/1] (0.00ns)   --->   "%nb_6_4_ph = phi i32 %nb, void %if.else, i32 0, void %if.then.i30"   --->   Operation 153 'phi' 'nb_6_4_ph' <Predicate = true> <Delay = 0.00>
ST_14 : Operation 154 [1/1] (0.00ns)   --->   "%ob_8_4_ph = phi i8 %ob_3, void %if.else, i8 0, void %if.then.i30"   --->   Operation 154 'phi' 'ob_8_4_ph' <Predicate = true> <Delay = 0.00>
ST_14 : Operation 155 [2/2] (1.87ns)   --->   "%call_ln30 = call void @encode_chunk_Pipeline_VITIS_LOOP_33_5, i32 %oi_453_ph, i32 %nb_6_4_ph, i8 %ob_8_4_ph, i32 %pending_2, i8 %out_r, i32 %oi_453_loc, i32 %nb_6_4_loc, i8 %ob_8_4_loc" [arith5.cpp:30]   --->   Operation 155 'call' 'call_ln30' <Predicate = true> <Delay = 1.87> <CoreType = "Generic">   --->   Generic Core

State 15 <SV = 8> <Delay = 1.87>
ST_15 : Operation 156 [1/2] (1.87ns)   --->   "%call_ln30 = call void @encode_chunk_Pipeline_VITIS_LOOP_33_5, i32 %oi_453_ph, i32 %nb_6_4_ph, i8 %ob_8_4_ph, i32 %pending_2, i8 %out_r, i32 %oi_453_loc, i32 %nb_6_4_loc, i8 %ob_8_4_loc" [arith5.cpp:30]   --->   Operation 156 'call' 'call_ln30' <Predicate = true> <Delay = 1.87> <CoreType = "Generic">   --->   Generic Core

State 16 <SV = 9> <Delay = 3.42>
ST_16 : Operation 157 [1/1] (0.00ns)   --->   "%oi_453_loc_load = load i32 %oi_453_loc"   --->   Operation 157 'load' 'oi_453_loc_load' <Predicate = (!icmp_ln32)> <Delay = 0.00>
ST_16 : Operation 158 [1/1] (0.00ns)   --->   "%nb_6_4_loc_load = load i32 %nb_6_4_loc"   --->   Operation 158 'load' 'nb_6_4_loc_load' <Predicate = (!icmp_ln32)> <Delay = 0.00>
ST_16 : Operation 159 [1/1] (0.00ns)   --->   "%ob_8_4_loc_load = load i8 %ob_8_4_loc"   --->   Operation 159 'load' 'ob_8_4_loc_load' <Predicate = (!icmp_ln32)> <Delay = 0.00>
ST_16 : Operation 160 [1/1] (0.42ns)   --->   "%br_ln0 = br void %if.end"   --->   Operation 160 'br' 'br_ln0' <Predicate = (!icmp_ln32)> <Delay = 0.42>
ST_16 : Operation 161 [1/1] (0.00ns)   --->   "%oi_251_loc_load = load i32 %oi_251_loc"   --->   Operation 161 'load' 'oi_251_loc_load' <Predicate = (icmp_ln32)> <Delay = 0.00>
ST_16 : Operation 162 [1/1] (0.00ns)   --->   "%nb_6_2_loc_load = load i32 %nb_6_2_loc"   --->   Operation 162 'load' 'nb_6_2_loc_load' <Predicate = (icmp_ln32)> <Delay = 0.00>
ST_16 : Operation 163 [1/1] (0.00ns)   --->   "%ob_8_2_loc_load = load i8 %ob_8_2_loc"   --->   Operation 163 'load' 'ob_8_2_loc_load' <Predicate = (icmp_ln32)> <Delay = 0.00>
ST_16 : Operation 164 [1/1] (0.42ns)   --->   "%br_ln0 = br void %if.end"   --->   Operation 164 'br' 'br_ln0' <Predicate = (icmp_ln32)> <Delay = 0.42>
ST_16 : Operation 165 [1/1] (0.00ns)   --->   "%oi_6 = phi i32 %oi_453_loc_load, void %while.cond22.preheader, i32 %oi_251_loc_load, void %while.cond.preheader"   --->   Operation 165 'phi' 'oi_6' <Predicate = true> <Delay = 0.00>
ST_16 : Operation 166 [1/1] (0.00ns)   --->   "%empty = phi i8 %ob_8_4_loc_load, void %while.cond22.preheader, i8 %ob_8_2_loc_load, void %while.cond.preheader"   --->   Operation 166 'phi' 'empty' <Predicate = true> <Delay = 0.00>
ST_16 : Operation 167 [1/1] (0.00ns)   --->   "%empty_44 = phi i32 %nb_6_4_loc_load, void %while.cond22.preheader, i32 %nb_6_2_loc_load, void %while.cond.preheader"   --->   Operation 167 'phi' 'empty_44' <Predicate = true> <Delay = 0.00>
ST_16 : Operation 168 [1/1] (1.01ns)   --->   "%icmp_ln34_1 = icmp_sgt  i32 %empty_44, i32 0" [arith5.cpp:34]   --->   Operation 168 'icmp' 'icmp_ln34_1' <Predicate = true> <Delay = 1.01> <CoreInst = "Cmp">   --->   Core 9 'Cmp' <Latency = 0> <II = 1> <Delay = 1.01> <FuncUnit> <Opcode : 'seteq' 'setne' 'setle' 'setge' 'setlt' 'setgt'> <InPorts = 2> <OutPorts = 1>
ST_16 : Operation 169 [1/1] (0.42ns)   --->   "%br_ln34 = br i1 %icmp_ln34_1, void %if.end34, void %if.then28" [arith5.cpp:34]   --->   Operation 169 'br' 'br_ln34' <Predicate = true> <Delay = 0.42>
ST_16 : Operation 170 [1/1] (1.01ns)   --->   "%sub_ln34 = sub i32 8, i32 %empty_44" [arith5.cpp:34]   --->   Operation 170 'sub' 'sub_ln34' <Predicate = (icmp_ln34_1)> <Delay = 1.01> <CoreInst = "Adder">   --->   Core 1 'Adder' <Latency = 0> <II = 1> <Delay = 1.01> <FuncUnit> <Opcode : 'add' 'sub'> <InPorts = 2> <OutPorts = 1>
ST_16 : Operation 171 [1/1] (0.00ns)   --->   "%sub_ln34cast = trunc i32 %sub_ln34" [arith5.cpp:34]   --->   Operation 171 'trunc' 'sub_ln34cast' <Predicate = (icmp_ln34_1)> <Delay = 0.00>
ST_16 : Operation 172 [1/1] (0.74ns)   --->   "%shl_ln34 = shl i8 %empty, i8 %sub_ln34cast" [arith5.cpp:34]   --->   Operation 172 'shl' 'shl_ln34' <Predicate = (icmp_ln34_1)> <Delay = 0.74> <CoreInst = "Shifter">   --->   Core 75 'Shifter' <Latency = 0> <II = 1> <Delay = 0.74> <FuncUnit> <Opcode : 'shl' 'lshr' 'ashr'> <InPorts = 2> <OutPorts = 1>
ST_16 : Operation 173 [1/1] (1.01ns)   --->   "%oi_5 = add i32 %oi_6, i32 1" [arith5.cpp:34]   --->   Operation 173 'add' 'oi_5' <Predicate = (icmp_ln34_1)> <Delay = 1.01> <CoreInst = "Adder">   --->   Core 1 'Adder' <Latency = 0> <II = 1> <Delay = 1.01> <FuncUnit> <Opcode : 'add' 'sub'> <InPorts = 2> <OutPorts = 1>
ST_16 : Operation 174 [1/1] (0.00ns)   --->   "%zext_ln34_3 = zext i32 %oi_6" [arith5.cpp:34]   --->   Operation 174 'zext' 'zext_ln34_3' <Predicate = (icmp_ln34_1)> <Delay = 0.00>
ST_16 : Operation 175 [1/1] (0.00ns)   --->   "%out_addr_2 = getelementptr i8 %out_r, i64 0, i64 %zext_ln34_3" [arith5.cpp:34]   --->   Operation 175 'getelementptr' 'out_addr_2' <Predicate = (icmp_ln34_1)> <Delay = 0.00>
ST_16 : Operation 176 [1/1] ( I:1.23ns O:1.23ns )   --->   "%store_ln34 = store i8 %shl_ln34, i10 %out_addr_2" [arith5.cpp:34]   --->   Operation 176 'store' 'store_ln34' <Predicate = (icmp_ln34_1)> <Delay = 1.23> <CoreInst = "RAM">   --->   Core 82 'RAM' <Latency = 1> <II = 1> <Delay = 1.23> <Storage> <Opcode : 'load' 'store'> <Ports = 2> <Width = 8> <Depth = 576> <RAM>
ST_16 : Operation 177 [1/1] (0.42ns)   --->   "%br_ln34 = br void %if.end34" [arith5.cpp:34]   --->   Operation 177 'br' 'br_ln34' <Predicate = (icmp_ln34_1)> <Delay = 0.42>
ST_16 : Operation 178 [1/1] (0.00ns)   --->   "%oi_7 = phi i32 %oi_5, void %if.then28, i32 %oi_6, void %if.end"   --->   Operation 178 'phi' 'oi_7' <Predicate = true> <Delay = 0.00>
ST_16 : Operation 179 [1/1] (0.00ns)   --->   "%ret_ln35 = ret i32 %oi_7" [arith5.cpp:35]   --->   Operation 179 'ret' 'ret_ln35' <Predicate = true> <Delay = 0.00>

State 17 <SV = 6> <Delay = 1.23>
ST_17 : Operation 180 [1/1] (1.01ns)   --->   "%oi_3 = add i32 %oi_1, i32 1" [./arith3.h:34->arith5.cpp:32]   --->   Operation 180 'add' 'oi_3' <Predicate = (icmp_ln34)> <Delay = 1.01> <CoreInst = "Adder">   --->   Core 1 'Adder' <Latency = 0> <II = 1> <Delay = 1.01> <FuncUnit> <Opcode : 'add' 'sub'> <InPorts = 2> <OutPorts = 1>
ST_17 : Operation 181 [1/1] (0.00ns)   --->   "%zext_ln34 = zext i32 %oi_1" [./arith3.h:34->arith5.cpp:32]   --->   Operation 181 'zext' 'zext_ln34' <Predicate = (icmp_ln34)> <Delay = 0.00>
ST_17 : Operation 182 [1/1] (0.00ns)   --->   "%out_addr = getelementptr i8 %out_r, i64 0, i64 %zext_ln34" [./arith3.h:34->arith5.cpp:32]   --->   Operation 182 'getelementptr' 'out_addr' <Predicate = (icmp_ln34)> <Delay = 0.00>
ST_17 : Operation 183 [1/1] ( I:1.23ns O:1.23ns )   --->   "%store_ln34 = store i8 %ob_2, i10 %out_addr" [./arith3.h:34->arith5.cpp:32]   --->   Operation 183 'store' 'store_ln34' <Predicate = (icmp_ln34)> <Delay = 1.23> <CoreInst = "RAM">   --->   Core 82 'RAM' <Latency = 1> <II = 1> <Delay = 1.23> <Storage> <Opcode : 'load' 'store'> <Ports = 2> <Width = 8> <Depth = 576> <RAM>
ST_17 : Operation 184 [1/1] (0.42ns)   --->   "%br_ln34 = br void %while.cond.preheader" [./arith3.h:34->arith5.cpp:32]   --->   Operation 184 'br' 'br_ln34' <Predicate = (icmp_ln34)> <Delay = 0.42>

State 18 <SV = 7> <Delay = 1.87>
ST_18 : Operation 185 [1/1] (0.00ns)   --->   "%oi_251_ph = phi i32 %oi_1, void %if.then, i32 %oi_3, void %if.then.i"   --->   Operation 185 'phi' 'oi_251_ph' <Predicate = true> <Delay = 0.00>
ST_18 : Operation 186 [1/1] (0.00ns)   --->   "%nb_6_2_ph = phi i32 %nb, void %if.then, i32 0, void %if.then.i"   --->   Operation 186 'phi' 'nb_6_2_ph' <Predicate = true> <Delay = 0.00>
ST_18 : Operation 187 [1/1] (0.00ns)   --->   "%ob_8_2_ph = phi i8 %ob_2, void %if.then, i8 0, void %if.then.i"   --->   Operation 187 'phi' 'ob_8_2_ph' <Predicate = true> <Delay = 0.00>
ST_18 : Operation 188 [2/2] (1.87ns)   --->   "%call_ln30 = call void @encode_chunk_Pipeline_VITIS_LOOP_32_4, i32 %oi_251_ph, i32 %nb_6_2_ph, i8 %ob_8_2_ph, i32 %pending_2, i8 %out_r, i32 %oi_251_loc, i32 %nb_6_2_loc, i8 %ob_8_2_loc" [arith5.cpp:30]   --->   Operation 188 'call' 'call_ln30' <Predicate = true> <Delay = 1.87> <CoreType = "Generic">   --->   Generic Core

State 19 <SV = 8> <Delay = 1.87>
ST_19 : Operation 189 [1/2] (1.87ns)   --->   "%call_ln30 = call void @encode_chunk_Pipeline_VITIS_LOOP_32_4, i32 %oi_251_ph, i32 %nb_6_2_ph, i8 %ob_8_2_ph, i32 %pending_2, i8 %out_r, i32 %oi_251_loc, i32 %nb_6_2_loc, i8 %ob_8_2_loc" [arith5.cpp:30]   --->   Operation 189 'call' 'call_ln30' <Predicate = true> <Delay = 1.87> <CoreType = "Generic">   --->   Generic Core


============================================================
+ Verbose Summary: Binding
============================================================
STG Binding: 
---------------- STG Properties BEGIN ----------------
- Is combinational: 0
- Is one-state seq: 0
- Is datapath-only: 0
- Is pipelined: 0
- Is top level: 0
Port [ Return ] is wired: 1; IO mode=ap_ctrl_hs:ce=0
Port [ in_r]:  wired=1; compound=1; hidden=0; nouse=0; global=0; static=0; extern=0; dir=0; type=1; pingpong=0; private_global=0; MemPort=[13]; IO mode=ap_memory:ce=0
Port [ n]:  wired=1; compound=0; hidden=0; nouse=0; global=0; static=0; extern=0; dir=0; type=0; pingpong=0; private_global=0; IO mode=ap_none:ce=0
Port [ out_r]:  wired=1; compound=1; hidden=0; nouse=0; global=0; static=0; extern=0; dir=1; type=1; pingpong=0; private_global=0; MemPort=[03]; IO mode=ap_memory:ce=0
---------------- STG Properties END ------------------

---------------- Datapath Model BEGIN ----------------

<LifeTime>
<method=bitvector/>
k                      (alloca           ) [ 01111111111000000000]
flag_prob_0            (alloca           ) [ 01111111111000000000]
ob_8_0                 (alloca           ) [ 01111111111000000000]
nb_6_0                 (alloca           ) [ 01111111111000000000]
oi_0                   (alloca           ) [ 01111111111000000000]
low_0                  (alloca           ) [ 01111111111000000000]
high_0                 (alloca           ) [ 01111111111000000000]
pending_0              (alloca           ) [ 01111111111000000000]
ob_8_4_loc             (alloca           ) [ 00111111111111111111]
nb_6_4_loc             (alloca           ) [ 00111111111111111111]
oi_453_loc             (alloca           ) [ 00111111111111111111]
ob_8_2_loc             (alloca           ) [ 00111111111111111111]
nb_6_2_loc             (alloca           ) [ 00111111111111111111]
oi_251_loc             (alloca           ) [ 00111111111111111111]
tree                   (alloca           ) [ 00111111111000000000]
store_ln0              (store            ) [ 00000000000000000000]
store_ln0              (store            ) [ 00000000000000000000]
store_ln0              (store            ) [ 00000000000000000000]
store_ln0              (store            ) [ 00000000000000000000]
store_ln0              (store            ) [ 00000000000000000000]
store_ln0              (store            ) [ 00000000000000000000]
store_ln0              (store            ) [ 00000000000000000000]
store_ln21             (store            ) [ 00000000000000000000]
n_read                 (read             ) [ 00011111111000000000]
call_ln0               (call             ) [ 00000000000000000000]
br_ln21                (br               ) [ 00000000000000000000]
k_1                    (load             ) [ 00001000000000000000]
zext_ln21_1            (zext             ) [ 00000000000000000000]
icmp_ln21              (icmp             ) [ 00001000000000000000]
add_ln21               (add              ) [ 00000111111000000000]
br_ln21                (br               ) [ 00000000000000000000]
flag_prob_0_load_1     (load             ) [ 00000100000000000000]
ob_8_0_load_1          (load             ) [ 00000100000000000000]
nb_6_0_load_1          (load             ) [ 00000100000000000000]
oi_0_load_1            (load             ) [ 00000100000000000000]
low_0_load_1           (load             ) [ 00000100000000000000]
high_0_load_1          (load             ) [ 00000100000000000000]
pending_0_load_1       (load             ) [ 00000100000000000000]
zext_ln21              (zext             ) [ 00000000000000000000]
in_addr                (getelementptr    ) [ 00000100000000000000]
flag_prob_0_load       (load             ) [ 00000000000100000000]
ob_8_0_load            (load             ) [ 00000000000100000000]
nb_6_0_load            (load             ) [ 00000000000100000000]
oi_0_load              (load             ) [ 00000000000100000000]
low_0_load             (load             ) [ 00000000000100000000]
high_0_load            (load             ) [ 00000000000100000000]
pending_0_load         (load             ) [ 00000000000100000000]
specloopname_ln21      (specloopname     ) [ 00000000000000000000]
call_ret1              (call             ) [ 00000000000000000000]
oi                     (extractvalue     ) [ 00000000000000000000]
nb_1                   (extractvalue     ) [ 00000000000000000000]
ob                     (extractvalue     ) [ 00000000000000000000]
pending                (extractvalue     ) [ 00000000000000000000]
low                    (extractvalue     ) [ 00000000000000000000]
high                   (extractvalue     ) [ 00000000000000000000]
flag_prob              (extractvalue     ) [ 00000011111000000000]
b                      (load             ) [ 00000011111000000000]
store_ln22             (store            ) [ 00000000000000000000]
store_ln22             (store            ) [ 00000000000000000000]
store_ln22             (store            ) [ 00000000000000000000]
store_ln22             (store            ) [ 00000000000000000000]
store_ln22             (store            ) [ 00000000000000000000]
store_ln22             (store            ) [ 00000000000000000000]
br_ln24                (br               ) [ 00011111111000000000]
j                      (phi              ) [ 00000010000000000000]
ctx                    (phi              ) [ 00000010000000000000]
tmp_1                  (bitselect        ) [ 00011111111000000000]
br_ln24                (br               ) [ 00000000000000000000]
zext_ln23              (zext             ) [ 00000000000000000000]
lshr_ln25              (lshr             ) [ 00000000000000000000]
bit                    (trunc            ) [ 00000001110000000000]
zext_ln26              (zext             ) [ 00000000000000000000]
tree_addr              (getelementptr    ) [ 00000001111000000000]
trunc_ln27             (trunc            ) [ 00000000000000000000]
ctx_1                  (bitconcatenate   ) [ 00011111111000000000]
j_1                    (add              ) [ 00011111111000000000]
store_ln22             (store            ) [ 00000000000000000000]
store_ln21             (store            ) [ 00000000000000000000]
br_ln21                (br               ) [ 00000000000000000000]
tree_load              (load             ) [ 00000000110000000000]
ob_8_0_load_2          (load             ) [ 00000000010000000000]
nb_6_0_load_2          (load             ) [ 00000000010000000000]
oi_0_load21            (load             ) [ 00000000010000000000]
low_0_load_2           (load             ) [ 00000000010000000000]
high_0_load_2          (load             ) [ 00000000010000000000]
pending_0_load_2       (load             ) [ 00000000010000000000]
call_ret               (call             ) [ 00000000000000000000]
oi_2                   (extractvalue     ) [ 00000000000000000000]
nb_3                   (extractvalue     ) [ 00000000000000000000]
ob_4                   (extractvalue     ) [ 00000000000000000000]
pending_3              (extractvalue     ) [ 00000000000000000000]
low_2                  (extractvalue     ) [ 00000000000000000000]
high_1                 (extractvalue     ) [ 00000000000000000000]
tree_addr_1_ret        (extractvalue     ) [ 00000000001000000000]
store_ln26             (store            ) [ 00000000000000000000]
store_ln26             (store            ) [ 00000000000000000000]
store_ln26             (store            ) [ 00000000000000000000]
store_ln26             (store            ) [ 00000000000000000000]
store_ln26             (store            ) [ 00000000000000000000]
store_ln26             (store            ) [ 00000000000000000000]
speclooptripcount_ln23 (speclooptripcount) [ 00000000000000000000]
specloopname_ln24      (specloopname     ) [ 00000000000000000000]
store_ln26             (store            ) [ 00000000000000000000]
br_ln24                (br               ) [ 00011111111000000000]
call_ret2              (call             ) [ 00000000000000000000]
oi_1                   (extractvalue     ) [ 00000000000011100110]
nb_2                   (extractvalue     ) [ 00000000000000000000]
ob_1                   (extractvalue     ) [ 00000000000000000000]
pending_1              (extractvalue     ) [ 00000000000000000000]
low_1                  (extractvalue     ) [ 00000000000000000000]
pending_2              (add              ) [ 00000000000011110111]
tmp                    (partselect       ) [ 00000000000000000000]
icmp_ln32              (icmp             ) [ 00000000000011111111]
trunc_ln34             (trunc            ) [ 00000000000010000000]
nb                     (add              ) [ 00000000000011100110]
ob_2                   (bitconcatenate   ) [ 00000000000010000110]
icmp_ln34              (icmp             ) [ 00000000000001000100]
br_ln32                (br               ) [ 00000000000000000000]
ob_3                   (bitconcatenate   ) [ 00000000000011100000]
br_ln34                (br               ) [ 00000000000011100000]
br_ln34                (br               ) [ 00000000000010000110]
oi_4                   (add              ) [ 00000000000011100000]
zext_ln34_1            (zext             ) [ 00000000000000000000]
out_addr_1             (getelementptr    ) [ 00000000000000000000]
store_ln34             (store            ) [ 00000000000000000000]
br_ln34                (br               ) [ 00000000000011100000]
oi_453_ph              (phi              ) [ 00000000000000110000]
nb_6_4_ph              (phi              ) [ 00000000000000110000]
ob_8_4_ph              (phi              ) [ 00000000000000110000]
call_ln30              (call             ) [ 00000000000000000000]
oi_453_loc_load        (load             ) [ 00000000000000000000]
nb_6_4_loc_load        (load             ) [ 00000000000000000000]
ob_8_4_loc_load        (load             ) [ 00000000000000000000]
br_ln0                 (br               ) [ 00000000000000000000]
oi_251_loc_load        (load             ) [ 00000000000000000000]
nb_6_2_loc_load        (load             ) [ 00000000000000000000]
ob_8_2_loc_load        (load             ) [ 00000000000000000000]
br_ln0                 (br               ) [ 00000000000000000000]
oi_6                   (phi              ) [ 00000000000000000000]
empty                  (phi              ) [ 00000000000000000000]
empty_44               (phi              ) [ 00000000000000000000]
icmp_ln34_1            (icmp             ) [ 00000000000000001000]
br_ln34                (br               ) [ 00000000000000000000]
sub_ln34               (sub              ) [ 00000000000000000000]
sub_ln34cast           (trunc            ) [ 00000000000000000000]
shl_ln34               (shl              ) [ 00000000000000000000]
oi_5                   (add              ) [ 00000000000000000000]
zext_ln34_3            (zext             ) [ 00000000000000000000]
out_addr_2             (getelementptr    ) [ 00000000000000000000]
store_ln34             (store            ) [ 00000000000000000000]
br_ln34                (br               ) [ 00000000000000000000]
oi_7                   (phi              ) [ 00000000000000000000]
ret_ln35               (ret              ) [ 00000000000000000000]
oi_3                   (add              ) [ 00000000000010000110]
zext_ln34              (zext             ) [ 00000000000000000000]
out_addr               (getelementptr    ) [ 00000000000000000000]
store_ln34             (store            ) [ 00000000000000000000]
br_ln34                (br               ) [ 00000000000010000110]
oi_251_ph              (phi              ) [ 00000000000000000011]
nb_6_2_ph              (phi              ) [ 00000000000000000011]
ob_8_2_ph              (phi              ) [ 00000000000000000011]
call_ln30              (call             ) [ 00000000000000000000]
</LifeTime>

<model>

<comp_list>
<comp id="0" class="1000" name="in_r">
<pin_list>
<pin id="1" dir="1" index="0" bw="1" slack="0"/>
</pin_list>
<bind>
<StgValue><ssdm name="in_r"/><MemPortTyVec>1 3 </MemPortTyVec>
</StgValue>
</bind>
</comp>

<comp id="2" class="1000" name="n">
<pin_list>
<pin id="3" dir="1" index="0" bw="1" slack="0"/>
</pin_list>
<bind>
<StgValue><ssdm name="n"/></StgValue>
</bind>
</comp>

<comp id="4" class="1000" name="out_r">
<pin_list>
<pin id="5" dir="1" index="0" bw="1" slack="0"/>
</pin_list>
<bind>
<StgValue><ssdm name="out_r"/><MemPortTyVec>0 3 </MemPortTyVec>
</StgValue>
</bind>
</comp>

<comp id="6" class="1001" name="const_6">
<pin_list>
<pin id="7" dir="1" index="0" bw="1" slack="0"/>
</pin_list>
<bind>
<StgValue><ssdm name=""/></StgValue>
</bind>
</comp>

<comp id="8" class="1001" name="const_8">
<pin_list>
<pin id="9" dir="1" index="0" bw="1" slack="0"/>
</pin_list>
<bind>
<StgValue><ssdm name=""/></StgValue>
</bind>
</comp>

<comp id="10" class="1001" name="const_10">
<pin_list>
<pin id="11" dir="1" index="0" bw="1" slack="0"/>
</pin_list>
<bind>
<StgValue><ssdm name="encode_chunk_Pipeline_VITIS_LOOP_17_1"/></StgValue>
</bind>
</comp>

<comp id="12" class="1001" name="const_12">
<pin_list>
<pin id="13" dir="1" index="0" bw="1" slack="0"/>
</pin_list>
<bind>
<StgValue><ssdm name=""/></StgValue>
</bind>
</comp>

<comp id="14" class="1001" name="const_14">
<pin_list>
<pin id="15" dir="1" index="0" bw="1" slack="0"/>
</pin_list>
<bind>
<StgValue><ssdm name=""/></StgValue>
</bind>
</comp>

<comp id="16" class="1001" name="const_16">
<pin_list>
<pin id="17" dir="1" index="0" bw="1" slack="0"/>
</pin_list>
<bind>
<StgValue><ssdm name=""/></StgValue>
</bind>
</comp>

<comp id="18" class="1001" name="const_18">
<pin_list>
<pin id="19" dir="1" index="0" bw="1" slack="0"/>
</pin_list>
<bind>
<StgValue><ssdm name=""/></StgValue>
</bind>
</comp>

<comp id="20" class="1001" name="const_20">
<pin_list>
<pin id="21" dir="1" index="0" bw="1" slack="0"/>
</pin_list>
<bind>
<StgValue><ssdm name="_ssdm_op_Read.ap_auto.i32"/></StgValue>
</bind>
</comp>

<comp id="22" class="1001" name="const_22">
<pin_list>
<pin id="23" dir="1" index="0" bw="1" slack="0"/>
</pin_list>
<bind>
<StgValue><ssdm name=""/></StgValue>
</bind>
</comp>

<comp id="24" class="1001" name="const_24">
<pin_list>
<pin id="25" dir="1" index="0" bw="1" slack="0"/>
</pin_list>
<bind>
<StgValue><ssdm name="encode_bit"/></StgValue>
</bind>
</comp>

<comp id="26" class="1001" name="const_26">
<pin_list>
<pin id="27" dir="1" index="0" bw="1" slack="0"/>
</pin_list>
<bind>
<StgValue><ssdm name=""/></StgValue>
</bind>
</comp>

<comp id="28" class="1001" name="const_28">
<pin_list>
<pin id="29" dir="1" index="0" bw="1" slack="0"/>
</pin_list>
<bind>
<StgValue><ssdm name=""/></StgValue>
</bind>
</comp>

<comp id="30" class="1001" name="const_30">
<pin_list>
<pin id="31" dir="1" index="0" bw="1" slack="0"/>
</pin_list>
<bind>
<StgValue><ssdm name=""/></StgValue>
</bind>
</comp>

<comp id="32" class="1001" name="const_32">
<pin_list>
<pin id="33" dir="1" index="0" bw="1" slack="2147483647"/>
</pin_list>
<bind>
<StgValue><ssdm name="_ssdm_op_SpecLoopName"/></StgValue>
</bind>
</comp>

<comp id="34" class="1001" name="const_34">
<pin_list>
<pin id="35" dir="1" index="0" bw="1" slack="2147483647"/>
</pin_list>
<bind>
<StgValue><ssdm name="empty_3"/></StgValue>
</bind>
</comp>

<comp id="36" class="1001" name="const_36">
<pin_list>
<pin id="37" dir="1" index="0" bw="1" slack="1"/>
</pin_list>
<bind>
<StgValue><ssdm name=""/></StgValue>
</bind>
</comp>

<comp id="38" class="1001" name="const_38">
<pin_list>
<pin id="39" dir="1" index="0" bw="1" slack="1"/>
</pin_list>
<bind>
<StgValue><ssdm name=""/></StgValue>
</bind>
</comp>

<comp id="40" class="1001" name="const_40">
<pin_list>
<pin id="41" dir="1" index="0" bw="1" slack="0"/>
</pin_list>
<bind>
<StgValue><ssdm name="_ssdm_op_BitSelect.i1.i4.i32"/></StgValue>
</bind>
</comp>

<comp id="42" class="1001" name="const_42">
<pin_list>
<pin id="43" dir="1" index="0" bw="1" slack="0"/>
</pin_list>
<bind>
<StgValue><ssdm name=""/></StgValue>
</bind>
</comp>

<comp id="44" class="1001" name="const_44">
<pin_list>
<pin id="45" dir="1" index="0" bw="1" slack="0"/>
</pin_list>
<bind>
<StgValue><ssdm name="_ssdm_op_BitConcatenate.i8.i7.i1"/></StgValue>
</bind>
</comp>

<comp id="46" class="1001" name="const_46">
<pin_list>
<pin id="47" dir="1" index="0" bw="1" slack="0"/>
</pin_list>
<bind>
<StgValue><ssdm name=""/></StgValue>
</bind>
</comp>

<comp id="48" class="1001" name="const_48">
<pin_list>
<pin id="49" dir="1" index="0" bw="1" slack="0"/>
</pin_list>
<bind>
<StgValue><ssdm name="encode_bit.1"/></StgValue>
</bind>
</comp>

<comp id="50" class="1001" name="const_50">
<pin_list>
<pin id="51" dir="1" index="0" bw="1" slack="2147483647"/>
</pin_list>
<bind>
<StgValue><ssdm name="_ssdm_op_SpecLoopTripCount"/></StgValue>
</bind>
</comp>

<comp id="52" class="1001" name="const_52">
<pin_list>
<pin id="53" dir="1" index="0" bw="1" slack="2147483647"/>
</pin_list>
<bind>
<StgValue><ssdm name=""/></StgValue>
</bind>
</comp>

<comp id="54" class="1001" name="const_54">
<pin_list>
<pin id="55" dir="1" index="0" bw="1" slack="2147483647"/>
</pin_list>
<bind>
<StgValue><ssdm name="empty_27"/></StgValue>
</bind>
</comp>

<comp id="56" class="1001" name="const_56">
<pin_list>
<pin id="57" dir="1" index="0" bw="1" slack="0"/>
</pin_list>
<bind>
<StgValue><ssdm name="_ssdm_op_PartSelect.i18.i32.i32.i32"/></StgValue>
</bind>
</comp>

<comp id="58" class="1001" name="const_58">
<pin_list>
<pin id="59" dir="1" index="0" bw="1" slack="0"/>
</pin_list>
<bind>
<StgValue><ssdm name=""/></StgValue>
</bind>
</comp>

<comp id="60" class="1001" name="const_60">
<pin_list>
<pin id="61" dir="1" index="0" bw="1" slack="0"/>
</pin_list>
<bind>
<StgValue><ssdm name=""/></StgValue>
</bind>
</comp>

<comp id="62" class="1001" name="const_62">
<pin_list>
<pin id="63" dir="1" index="0" bw="1" slack="0"/>
</pin_list>
<bind>
<StgValue><ssdm name=""/></StgValue>
</bind>
</comp>

<comp id="64" class="1001" name="const_64">
<pin_list>
<pin id="65" dir="1" index="0" bw="1" slack="0"/>
</pin_list>
<bind>
<StgValue><ssdm name=""/></StgValue>
</bind>
</comp>

<comp id="66" class="1001" name="const_66">
<pin_list>
<pin id="67" dir="1" index="0" bw="1" slack="1"/>
</pin_list>
<bind>
<StgValue><ssdm name=""/></StgValue>
</bind>
</comp>

<comp id="68" class="1001" name="const_68">
<pin_list>
<pin id="69" dir="1" index="0" bw="1" slack="0"/>
</pin_list>
<bind>
<StgValue><ssdm name="encode_chunk_Pipeline_VITIS_LOOP_33_5"/></StgValue>
</bind>
</comp>

<comp id="70" class="1001" name="const_70">
<pin_list>
<pin id="71" dir="1" index="0" bw="1" slack="0"/>
</pin_list>
<bind>
<StgValue><ssdm name="encode_chunk_Pipeline_VITIS_LOOP_32_4"/></StgValue>
</bind>
</comp>

<comp id="72" class="1004" name="k_fu_72">
<pin_list>
<pin id="73" dir="0" index="0" bw="1" slack="0"/>
<pin id="74" dir="1" index="1" bw="31" slack="0"/>
</pin_list>
<bind>
<opcode="alloca(26) " fcode="alloca"/>
<opset="k/1 "/>
</bind>
</comp>

<comp id="76" class="1004" name="flag_prob_0_fu_76">
<pin_list>
<pin id="77" dir="0" index="0" bw="1" slack="0"/>
<pin id="78" dir="1" index="1" bw="32" slack="0"/>
</pin_list>
<bind>
<opcode="alloca(26) " fcode="alloca"/>
<opset="flag_prob_0/1 "/>
</bind>
</comp>

<comp id="80" class="1004" name="ob_8_0_fu_80">
<pin_list>
<pin id="81" dir="0" index="0" bw="1" slack="0"/>
<pin id="82" dir="1" index="1" bw="32" slack="0"/>
</pin_list>
<bind>
<opcode="alloca(26) " fcode="alloca"/>
<opset="ob_8_0/1 "/>
</bind>
</comp>

<comp id="84" class="1004" name="nb_6_0_fu_84">
<pin_list>
<pin id="85" dir="0" index="0" bw="1" slack="0"/>
<pin id="86" dir="1" index="1" bw="32" slack="0"/>
</pin_list>
<bind>
<opcode="alloca(26) " fcode="alloca"/>
<opset="nb_6_0/1 "/>
</bind>
</comp>

<comp id="88" class="1004" name="oi_0_fu_88">
<pin_list>
<pin id="89" dir="0" index="0" bw="1" slack="0"/>
<pin id="90" dir="1" index="1" bw="32" slack="0"/>
</pin_list>
<bind>
<opcode="alloca(26) " fcode="alloca"/>
<opset="oi_0/1 "/>
</bind>
</comp>

<comp id="92" class="1004" name="low_0_fu_92">
<pin_list>
<pin id="93" dir="0" index="0" bw="1" slack="0"/>
<pin id="94" dir="1" index="1" bw="32" slack="0"/>
</pin_list>
<bind>
<opcode="alloca(26) " fcode="alloca"/>
<opset="low_0/1 "/>
</bind>
</comp>

<comp id="96" class="1004" name="high_0_fu_96">
<pin_list>
<pin id="97" dir="0" index="0" bw="1" slack="0"/>
<pin id="98" dir="1" index="1" bw="32" slack="0"/>
</pin_list>
<bind>
<opcode="alloca(26) " fcode="alloca"/>
<opset="high_0/1 "/>
</bind>
</comp>

<comp id="100" class="1004" name="pending_0_fu_100">
<pin_list>
<pin id="101" dir="0" index="0" bw="1" slack="0"/>
<pin id="102" dir="1" index="1" bw="32" slack="0"/>
</pin_list>
<bind>
<opcode="alloca(26) " fcode="alloca"/>
<opset="pending_0/1 "/>
</bind>
</comp>

<comp id="104" class="1004" name="ob_8_4_loc_fu_104">
<pin_list>
<pin id="105" dir="0" index="0" bw="1" slack="0"/>
<pin id="106" dir="1" index="1" bw="8" slack="7"/>
</pin_list>
<bind>
<opcode="alloca(26) " fcode="alloca"/>
<opset="ob_8_4_loc/1 "/>
</bind>
</comp>

<comp id="108" class="1004" name="nb_6_4_loc_fu_108">
<pin_list>
<pin id="109" dir="0" index="0" bw="1" slack="0"/>
<pin id="110" dir="1" index="1" bw="32" slack="7"/>
</pin_list>
<bind>
<opcode="alloca(26) " fcode="alloca"/>
<opset="nb_6_4_loc/1 "/>
</bind>
</comp>

<comp id="112" class="1004" name="oi_453_loc_fu_112">
<pin_list>
<pin id="113" dir="0" index="0" bw="1" slack="0"/>
<pin id="114" dir="1" index="1" bw="32" slack="7"/>
</pin_list>
<bind>
<opcode="alloca(26) " fcode="alloca"/>
<opset="oi_453_loc/1 "/>
</bind>
</comp>

<comp id="116" class="1004" name="ob_8_2_loc_fu_116">
<pin_list>
<pin id="117" dir="0" index="0" bw="1" slack="0"/>
<pin id="118" dir="1" index="1" bw="8" slack="7"/>
</pin_list>
<bind>
<opcode="alloca(26) " fcode="alloca"/>
<opset="ob_8_2_loc/1 "/>
</bind>
</comp>

<comp id="120" class="1004" name="nb_6_2_loc_fu_120">
<pin_list>
<pin id="121" dir="0" index="0" bw="1" slack="0"/>
<pin id="122" dir="1" index="1" bw="32" slack="7"/>
</pin_list>
<bind>
<opcode="alloca(26) " fcode="alloca"/>
<opset="nb_6_2_loc/1 "/>
</bind>
</comp>

<comp id="124" class="1004" name="oi_251_loc_fu_124">
<pin_list>
<pin id="125" dir="0" index="0" bw="1" slack="0"/>
<pin id="126" dir="1" index="1" bw="32" slack="7"/>
</pin_list>
<bind>
<opcode="alloca(26) " fcode="alloca"/>
<opset="oi_251_loc/1 "/>
</bind>
</comp>

<comp id="128" class="1004" name="tree_alloca_fu_128">
<pin_list>
<pin id="129" dir="0" index="0" bw="1" slack="0"/>
<pin id="130" dir="1" index="1" bw="32" slack="0"/>
</pin_list>
<bind>
<opcode="alloca(26) " fcode="alloca"/>
<opset="tree/1 "/>
</bind>
</comp>

<comp id="132" class="1004" name="n_read_read_fu_132">
<pin_list>
<pin id="133" dir="0" index="0" bw="32" slack="0"/>
<pin id="134" dir="0" index="1" bw="32" slack="0"/>
<pin id="135" dir="1" index="2" bw="32" slack="1"/>
</pin_list>
<bind>
<opcode="read(1150) " fcode="read"/>
<opset="n_read/2 "/>
</bind>
</comp>

<comp id="138" class="1004" name="in_addr_gep_fu_138">
<pin_list>
<pin id="139" dir="0" index="0" bw="8" slack="0"/>
<pin id="140" dir="0" index="1" bw="1" slack="0"/>
<pin id="141" dir="0" index="2" bw="31" slack="0"/>
<pin id="142" dir="1" index="3" bw="10" slack="0"/>
</pin_list>
<bind>
<opcode="getelementptr(29) " fcode="getelementptr"/>
<opset="in_addr/4 "/>
</bind>
</comp>

<comp id="145" class="1004" name="grp_access_fu_145">
<pin_list>
<pin id="146" dir="0" index="0" bw="10" slack="0"/>
<pin id="147" dir="0" index="1" bw="8" slack="2147483647"/>
<pin id="148" dir="0" index="2" bw="0" slack="2147483647"/>
<pin id="149" dir="1" index="3" bw="8" slack="1"/>
</pin_list>
<bind>
<opcode="load(27) " fcode="load"/>
<opset="b/4 "/>
</bind>
</comp>

<comp id="151" class="1004" name="tree_addr_gep_fu_151">
<pin_list>
<pin id="152" dir="0" index="0" bw="32" slack="2147483647"/>
<pin id="153" dir="0" index="1" bw="1" slack="0"/>
<pin id="154" dir="0" index="2" bw="8" slack="0"/>
<pin id="155" dir="1" index="3" bw="8" slack="0"/>
</pin_list>
<bind>
<opcode="getelementptr(29) " fcode="getelementptr"/>
<opset="tree_addr/6 "/>
</bind>
</comp>

<comp id="157" class="1004" name="grp_access_fu_157">
<pin_list>
<pin id="158" dir="0" index="0" bw="8" slack="0"/>
<pin id="159" dir="0" index="1" bw="32" slack="1"/>
<pin id="160" dir="0" index="2" bw="0" slack="2147483647"/>
<pin id="161" dir="1" index="3" bw="32" slack="1"/>
</pin_list>
<bind>
<opcode="load(27) store(28) " fcode="store"/>
<opset="tree_load/6 store_ln26/10 "/>
</bind>
</comp>

<comp id="163" class="1004" name="out_addr_1_gep_fu_163">
<pin_list>
<pin id="164" dir="0" index="0" bw="8" slack="0"/>
<pin id="165" dir="0" index="1" bw="1" slack="0"/>
<pin id="166" dir="0" index="2" bw="32" slack="0"/>
<pin id="167" dir="1" index="3" bw="10" slack="0"/>
</pin_list>
<bind>
<opcode="getelementptr(29) " fcode="getelementptr"/>
<opset="out_addr_1/13 "/>
</bind>
</comp>

<comp id="170" class="1004" name="grp_access_fu_170">
<pin_list>
<pin id="171" dir="0" index="0" bw="10" slack="0"/>
<pin id="172" dir="0" index="1" bw="8" slack="0"/>
<pin id="173" dir="0" index="2" bw="0" slack="2147483647"/>
<pin id="174" dir="1" index="3" bw="8" slack="2147483647"/>
</pin_list>
<bind>
<opcode="store(28) " fcode="store"/>
<opset="store_ln34/13 store_ln34/16 store_ln34/17 "/>
</bind>
</comp>

<comp id="176" class="1004" name="out_addr_2_gep_fu_176">
<pin_list>
<pin id="177" dir="0" index="0" bw="8" slack="0"/>
<pin id="178" dir="0" index="1" bw="1" slack="0"/>
<pin id="179" dir="0" index="2" bw="32" slack="0"/>
<pin id="180" dir="1" index="3" bw="10" slack="0"/>
</pin_list>
<bind>
<opcode="getelementptr(29) " fcode="getelementptr"/>
<opset="out_addr_2/16 "/>
</bind>
</comp>

<comp id="184" class="1004" name="out_addr_gep_fu_184">
<pin_list>
<pin id="185" dir="0" index="0" bw="8" slack="0"/>
<pin id="186" dir="0" index="1" bw="1" slack="0"/>
<pin id="187" dir="0" index="2" bw="32" slack="0"/>
<pin id="188" dir="1" index="3" bw="10" slack="0"/>
</pin_list>
<bind>
<opcode="getelementptr(29) " fcode="getelementptr"/>
<opset="out_addr/17 "/>
</bind>
</comp>

<comp id="192" class="1005" name="j_reg_192">
<pin_list>
<pin id="193" dir="0" index="0" bw="4" slack="1"/>
<pin id="194" dir="1" index="1" bw="4" slack="1"/>
</pin_list>
<bind>
<opset="j (phireg) "/>
</bind>
</comp>

<comp id="196" class="1004" name="j_phi_fu_196">
<pin_list>
<pin id="197" dir="0" index="0" bw="4" slack="1"/>
<pin id="198" dir="0" index="1" bw="0" slack="2147483647"/>
<pin id="199" dir="0" index="2" bw="4" slack="0"/>
<pin id="200" dir="0" index="3" bw="0" slack="2147483647"/>
<pin id="201" dir="1" index="4" bw="4" slack="0"/>
</pin_list>
<bind>
<opcode="phi(47) " fcode="phi"/>
<opset="j/6 "/>
</bind>
</comp>

<comp id="203" class="1005" name="ctx_reg_203">
<pin_list>
<pin id="204" dir="0" index="0" bw="8" slack="1"/>
<pin id="205" dir="1" index="1" bw="8" slack="1"/>
</pin_list>
<bind>
<opset="ctx (phireg) "/>
</bind>
</comp>

<comp id="207" class="1004" name="ctx_phi_fu_207">
<pin_list>
<pin id="208" dir="0" index="0" bw="1" slack="1"/>
<pin id="209" dir="0" index="1" bw="0" slack="2147483647"/>
<pin id="210" dir="0" index="2" bw="8" slack="0"/>
<pin id="211" dir="0" index="3" bw="0" slack="2147483647"/>
<pin id="212" dir="1" index="4" bw="8" slack="0"/>
</pin_list>
<bind>
<opcode="phi(47) " fcode="phi"/>
<opset="ctx/6 "/>
</bind>
</comp>

<comp id="214" class="1005" name="oi_453_ph_reg_214">
<pin_list>
<pin id="215" dir="0" index="0" bw="32" slack="1"/>
<pin id="216" dir="1" index="1" bw="32" slack="2147483647"/>
</pin_list>
<bind>
<opset="oi_453_ph (phireg) "/>
</bind>
</comp>

<comp id="217" class="1004" name="oi_453_ph_phi_fu_217">
<pin_list>
<pin id="218" dir="0" index="0" bw="32" slack="3"/>
<pin id="219" dir="0" index="1" bw="0" slack="2147483647"/>
<pin id="220" dir="0" index="2" bw="32" slack="1"/>
<pin id="221" dir="0" index="3" bw="0" slack="2147483647"/>
<pin id="222" dir="1" index="4" bw="32" slack="0"/>
</pin_list>
<bind>
<opcode="phi(47) " fcode="phi"/>
<opset="oi_453_ph/14 "/>
</bind>
</comp>

<comp id="224" class="1005" name="nb_6_4_ph_reg_224">
<pin_list>
<pin id="225" dir="0" index="0" bw="32" slack="1"/>
<pin id="226" dir="1" index="1" bw="32" slack="1"/>
</pin_list>
<bind>
<opset="nb_6_4_ph (phireg) "/>
</bind>
</comp>

<comp id="228" class="1004" name="nb_6_4_ph_phi_fu_228">
<pin_list>
<pin id="229" dir="0" index="0" bw="32" slack="3"/>
<pin id="230" dir="0" index="1" bw="0" slack="2147483647"/>
<pin id="231" dir="0" index="2" bw="1" slack="1"/>
<pin id="232" dir="0" index="3" bw="0" slack="2147483647"/>
<pin id="233" dir="1" index="4" bw="32" slack="0"/>
</pin_list>
<bind>
<opcode="phi(47) " fcode="phi"/>
<opset="nb_6_4_ph/14 "/>
</bind>
</comp>

<comp id="236" class="1005" name="ob_8_4_ph_reg_236">
<pin_list>
<pin id="237" dir="0" index="0" bw="8" slack="1"/>
<pin id="238" dir="1" index="1" bw="8" slack="1"/>
</pin_list>
<bind>
<opset="ob_8_4_ph (phireg) "/>
</bind>
</comp>

<comp id="240" class="1004" name="ob_8_4_ph_phi_fu_240">
<pin_list>
<pin id="241" dir="0" index="0" bw="8" slack="2"/>
<pin id="242" dir="0" index="1" bw="0" slack="2147483647"/>
<pin id="243" dir="0" index="2" bw="1" slack="1"/>
<pin id="244" dir="0" index="3" bw="0" slack="2147483647"/>
<pin id="245" dir="1" index="4" bw="8" slack="0"/>
</pin_list>
<bind>
<opcode="phi(47) " fcode="phi"/>
<opset="ob_8_4_ph/14 "/>
</bind>
</comp>

<comp id="248" class="1005" name="oi_6_reg_248">
<pin_list>
<pin id="249" dir="0" index="0" bw="32" slack="2147483647"/>
<pin id="250" dir="1" index="1" bw="32" slack="2147483647"/>
</pin_list>
<bind>
<opset="oi_6 (phireg) "/>
</bind>
</comp>

<comp id="251" class="1004" name="oi_6_phi_fu_251">
<pin_list>
<pin id="252" dir="0" index="0" bw="32" slack="0"/>
<pin id="253" dir="0" index="1" bw="0" slack="2147483647"/>
<pin id="254" dir="0" index="2" bw="32" slack="0"/>
<pin id="255" dir="0" index="3" bw="0" slack="2147483647"/>
<pin id="256" dir="1" index="4" bw="32" slack="0"/>
</pin_list>
<bind>
<opcode="phi(47) " fcode="phi"/>
<opset="oi_6/16 "/>
</bind>
</comp>

<comp id="257" class="1005" name="empty_reg_257">
<pin_list>
<pin id="258" dir="0" index="0" bw="8" slack="2147483647"/>
<pin id="259" dir="1" index="1" bw="8" slack="2147483647"/>
</pin_list>
<bind>
<opset="empty (phireg) "/>
</bind>
</comp>

<comp id="260" class="1004" name="empty_phi_fu_260">
<pin_list>
<pin id="261" dir="0" index="0" bw="8" slack="0"/>
<pin id="262" dir="0" index="1" bw="0" slack="2147483647"/>
<pin id="263" dir="0" index="2" bw="8" slack="0"/>
<pin id="264" dir="0" index="3" bw="0" slack="2147483647"/>
<pin id="265" dir="1" index="4" bw="8" slack="0"/>
</pin_list>
<bind>
<opcode="phi(47) " fcode="phi"/>
<opset="empty/16 "/>
</bind>
</comp>

<comp id="266" class="1005" name="empty_44_reg_266">
<pin_list>
<pin id="267" dir="0" index="0" bw="32" slack="2147483647"/>
<pin id="268" dir="1" index="1" bw="32" slack="2147483647"/>
</pin_list>
<bind>
<opset="empty_44 (phireg) "/>
</bind>
</comp>

<comp id="269" class="1004" name="empty_44_phi_fu_269">
<pin_list>
<pin id="270" dir="0" index="0" bw="32" slack="0"/>
<pin id="271" dir="0" index="1" bw="0" slack="2147483647"/>
<pin id="272" dir="0" index="2" bw="32" slack="0"/>
<pin id="273" dir="0" index="3" bw="0" slack="2147483647"/>
<pin id="274" dir="1" index="4" bw="32" slack="0"/>
</pin_list>
<bind>
<opcode="phi(47) " fcode="phi"/>
<opset="empty_44/16 "/>
</bind>
</comp>

<comp id="275" class="1005" name="oi_7_reg_275">
<pin_list>
<pin id="276" dir="0" index="0" bw="32" slack="2147483647"/>
<pin id="277" dir="1" index="1" bw="32" slack="2147483647"/>
</pin_list>
<bind>
<opset="oi_7 (phireg) "/>
</bind>
</comp>

<comp id="278" class="1004" name="oi_7_phi_fu_278">
<pin_list>
<pin id="279" dir="0" index="0" bw="32" slack="0"/>
<pin id="280" dir="0" index="1" bw="0" slack="2147483647"/>
<pin id="281" dir="0" index="2" bw="32" slack="0"/>
<pin id="282" dir="0" index="3" bw="0" slack="2147483647"/>
<pin id="283" dir="1" index="4" bw="32" slack="2147483647"/>
</pin_list>
<bind>
<opcode="phi(47) " fcode="phi"/>
<opset="oi_7/16 "/>
</bind>
</comp>

<comp id="285" class="1005" name="oi_251_ph_reg_285">
<pin_list>
<pin id="286" dir="0" index="0" bw="32" slack="1"/>
<pin id="287" dir="1" index="1" bw="32" slack="2147483647"/>
</pin_list>
<bind>
<opset="oi_251_ph (phireg) "/>
</bind>
</comp>

<comp id="288" class="1004" name="oi_251_ph_phi_fu_288">
<pin_list>
<pin id="289" dir="0" index="0" bw="32" slack="3"/>
<pin id="290" dir="0" index="1" bw="0" slack="2147483647"/>
<pin id="291" dir="0" index="2" bw="32" slack="1"/>
<pin id="292" dir="0" index="3" bw="0" slack="2147483647"/>
<pin id="293" dir="1" index="4" bw="32" slack="0"/>
</pin_list>
<bind>
<opcode="phi(47) " fcode="phi"/>
<opset="oi_251_ph/18 "/>
</bind>
</comp>

<comp id="295" class="1005" name="nb_6_2_ph_reg_295">
<pin_list>
<pin id="296" dir="0" index="0" bw="32" slack="1"/>
<pin id="297" dir="1" index="1" bw="32" slack="1"/>
</pin_list>
<bind>
<opset="nb_6_2_ph (phireg) "/>
</bind>
</comp>

<comp id="299" class="1004" name="nb_6_2_ph_phi_fu_299">
<pin_list>
<pin id="300" dir="0" index="0" bw="32" slack="3"/>
<pin id="301" dir="0" index="1" bw="0" slack="2147483647"/>
<pin id="302" dir="0" index="2" bw="1" slack="1"/>
<pin id="303" dir="0" index="3" bw="0" slack="2147483647"/>
<pin id="304" dir="1" index="4" bw="32" slack="0"/>
</pin_list>
<bind>
<opcode="phi(47) " fcode="phi"/>
<opset="nb_6_2_ph/18 "/>
</bind>
</comp>

<comp id="307" class="1005" name="ob_8_2_ph_reg_307">
<pin_list>
<pin id="308" dir="0" index="0" bw="8" slack="1"/>
<pin id="309" dir="1" index="1" bw="8" slack="1"/>
</pin_list>
<bind>
<opset="ob_8_2_ph (phireg) "/>
</bind>
</comp>

<comp id="311" class="1004" name="ob_8_2_ph_phi_fu_311">
<pin_list>
<pin id="312" dir="0" index="0" bw="8" slack="2"/>
<pin id="313" dir="0" index="1" bw="0" slack="2147483647"/>
<pin id="314" dir="0" index="2" bw="1" slack="1"/>
<pin id="315" dir="0" index="3" bw="0" slack="2147483647"/>
<pin id="316" dir="1" index="4" bw="8" slack="0"/>
</pin_list>
<bind>
<opcode="phi(47) " fcode="phi"/>
<opset="ob_8_2_ph/18 "/>
</bind>
</comp>

<comp id="319" class="1004" name="grp_encode_chunk_Pipeline_VITIS_LOOP_17_1_fu_319">
<pin_list>
<pin id="320" dir="0" index="0" bw="0" slack="0"/>
<pin id="321" dir="0" index="1" bw="32" slack="0"/>
<pin id="322" dir="1" index="2" bw="0" slack="2147483647"/>
</pin_list>
<bind>
<opcode="call(48) " fcode="call"/>
<opset="call_ln0/1 "/>
</bind>
</comp>

<comp id="325" class="1004" name="grp_encode_bit_fu_325">
<pin_list>
<pin id="326" dir="0" index="0" bw="224" slack="0"/>
<pin id="327" dir="0" index="1" bw="32" slack="0"/>
<pin id="328" dir="0" index="2" bw="32" slack="0"/>
<pin id="329" dir="0" index="3" bw="32" slack="0"/>
<pin id="330" dir="0" index="4" bw="32" slack="0"/>
<pin id="331" dir="0" index="5" bw="32" slack="0"/>
<pin id="332" dir="0" index="6" bw="32" slack="0"/>
<pin id="333" dir="0" index="7" bw="32" slack="0"/>
<pin id="334" dir="0" index="8" bw="8" slack="0"/>
<pin id="335" dir="0" index="9" bw="32" slack="0"/>
<pin id="336" dir="0" index="10" bw="32" slack="0"/>
<pin id="337" dir="0" index="11" bw="1" slack="0"/>
<pin id="338" dir="1" index="12" bw="224" slack="0"/>
</pin_list>
<bind>
<opcode="call(48) " fcode="call"/>
<opset="call_ret1/4 call_ret2/4 "/>
</bind>
</comp>

<comp id="343" class="1004" name="grp_encode_bit_1_fu_343">
<pin_list>
<pin id="344" dir="0" index="0" bw="224" slack="0"/>
<pin id="345" dir="0" index="1" bw="32" slack="0"/>
<pin id="346" dir="0" index="2" bw="32" slack="0"/>
<pin id="347" dir="0" index="3" bw="32" slack="0"/>
<pin id="348" dir="0" index="4" bw="32" slack="0"/>
<pin id="349" dir="0" index="5" bw="32" slack="0"/>
<pin id="350" dir="0" index="6" bw="8" slack="0"/>
<pin id="351" dir="0" index="7" bw="32" slack="0"/>
<pin id="352" dir="0" index="8" bw="32" slack="1"/>
<pin id="353" dir="0" index="9" bw="1" slack="2"/>
<pin id="354" dir="1" index="10" bw="224" slack="0"/>
</pin_list>
<bind>
<opcode="call(48) " fcode="call"/>
<opset="call_ret/8 "/>
</bind>
</comp>

<comp id="357" class="1004" name="grp_encode_chunk_Pipeline_VITIS_LOOP_33_5_fu_357">
<pin_list>
<pin id="358" dir="0" index="0" bw="0" slack="0"/>
<pin id="359" dir="0" index="1" bw="32" slack="0"/>
<pin id="360" dir="0" index="2" bw="32" slack="0"/>
<pin id="361" dir="0" index="3" bw="8" slack="0"/>
<pin id="362" dir="0" index="4" bw="32" slack="3"/>
<pin id="363" dir="0" index="5" bw="8" slack="0"/>
<pin id="364" dir="0" index="6" bw="32" slack="7"/>
<pin id="365" dir="0" index="7" bw="32" slack="7"/>
<pin id="366" dir="0" index="8" bw="8" slack="7"/>
<pin id="367" dir="1" index="9" bw="0" slack="2147483647"/>
</pin_list>
<bind>
<opcode="call(48) " fcode="call"/>
<opset="call_ln30/14 "/>
</bind>
</comp>

<comp id="373" class="1004" name="grp_encode_chunk_Pipeline_VITIS_LOOP_32_4_fu_373">
<pin_list>
<pin id="374" dir="0" index="0" bw="0" slack="0"/>
<pin id="375" dir="0" index="1" bw="32" slack="0"/>
<pin id="376" dir="0" index="2" bw="32" slack="0"/>
<pin id="377" dir="0" index="3" bw="8" slack="0"/>
<pin id="378" dir="0" index="4" bw="32" slack="3"/>
<pin id="379" dir="0" index="5" bw="8" slack="0"/>
<pin id="380" dir="0" index="6" bw="32" slack="7"/>
<pin id="381" dir="0" index="7" bw="32" slack="7"/>
<pin id="382" dir="0" index="8" bw="8" slack="7"/>
<pin id="383" dir="1" index="9" bw="0" slack="2147483647"/>
</pin_list>
<bind>
<opcode="call(48) " fcode="call"/>
<opset="call_ln30/18 "/>
</bind>
</comp>

<comp id="389" class="1004" name="grp_load_fu_389">
<pin_list>
<pin id="390" dir="0" index="0" bw="32" slack="3"/>
<pin id="391" dir="1" index="1" bw="32" slack="0"/>
</pin_list>
<bind>
<opcode="load(27) " fcode="load"/>
<opset="flag_prob_0_load_1/4 flag_prob_0_load/4 "/>
</bind>
</comp>

<comp id="393" class="1004" name="grp_load_fu_393">
<pin_list>
<pin id="394" dir="0" index="0" bw="32" slack="3"/>
<pin id="395" dir="1" index="1" bw="32" slack="0"/>
</pin_list>
<bind>
<opcode="load(27) " fcode="load"/>
<opset="ob_8_0_load_1/4 ob_8_0_load/4 ob_8_0_load_2/8 "/>
</bind>
</comp>

<comp id="398" class="1004" name="grp_load_fu_398">
<pin_list>
<pin id="399" dir="0" index="0" bw="32" slack="3"/>
<pin id="400" dir="1" index="1" bw="32" slack="0"/>
</pin_list>
<bind>
<opcode="load(27) " fcode="load"/>
<opset="nb_6_0_load_1/4 nb_6_0_load/4 nb_6_0_load_2/8 "/>
</bind>
</comp>

<comp id="403" class="1004" name="grp_load_fu_403">
<pin_list>
<pin id="404" dir="0" index="0" bw="32" slack="3"/>
<pin id="405" dir="1" index="1" bw="32" slack="0"/>
</pin_list>
<bind>
<opcode="load(27) " fcode="load"/>
<opset="oi_0_load_1/4 oi_0_load/4 oi_0_load21/8 "/>
</bind>
</comp>

<comp id="408" class="1004" name="grp_load_fu_408">
<pin_list>
<pin id="409" dir="0" index="0" bw="32" slack="3"/>
<pin id="410" dir="1" index="1" bw="32" slack="0"/>
</pin_list>
<bind>
<opcode="load(27) " fcode="load"/>
<opset="low_0_load_1/4 low_0_load/4 low_0_load_2/8 "/>
</bind>
</comp>

<comp id="414" class="1004" name="grp_load_fu_414">
<pin_list>
<pin id="415" dir="0" index="0" bw="32" slack="3"/>
<pin id="416" dir="1" index="1" bw="32" slack="0"/>
</pin_list>
<bind>
<opcode="load(27) " fcode="load"/>
<opset="high_0_load_1/4 high_0_load/4 high_0_load_2/8 "/>
</bind>
</comp>

<comp id="420" class="1004" name="grp_load_fu_420">
<pin_list>
<pin id="421" dir="0" index="0" bw="32" slack="3"/>
<pin id="422" dir="1" index="1" bw="32" slack="0"/>
</pin_list>
<bind>
<opcode="load(27) " fcode="load"/>
<opset="pending_0_load_1/4 pending_0_load/4 pending_0_load_2/8 "/>
</bind>
</comp>

<comp id="425" class="1004" name="grp_fu_425">
<pin_list>
<pin id="426" dir="0" index="0" bw="224" slack="0"/>
<pin id="427" dir="1" index="1" bw="32" slack="0"/>
</pin_list>
<bind>
<opcode="extractvalue(56) " fcode="extractvalue"/>
<opset="oi/5 oi_1/11 "/>
</bind>
</comp>

<comp id="429" class="1004" name="grp_fu_429">
<pin_list>
<pin id="430" dir="0" index="0" bw="224" slack="0"/>
<pin id="431" dir="1" index="1" bw="32" slack="0"/>
</pin_list>
<bind>
<opcode="extractvalue(56) " fcode="extractvalue"/>
<opset="ob/5 ob_1/11 "/>
</bind>
</comp>

<comp id="433" class="1004" name="grp_fu_433">
<pin_list>
<pin id="434" dir="0" index="0" bw="32" slack="2"/>
<pin id="435" dir="0" index="1" bw="1" slack="0"/>
<pin id="436" dir="1" index="2" bw="32" slack="1"/>
</pin_list>
<bind>
<opcode="add(8) " fcode="add"/>
<opset="oi_4/13 oi_3/17 "/>
</bind>
</comp>

<comp id="438" class="1005" name="reg_438">
<pin_list>
<pin id="439" dir="0" index="0" bw="32" slack="1"/>
<pin id="440" dir="1" index="1" bw="32" slack="1"/>
</pin_list>
<bind>
<opset="flag_prob_0_load_1 flag_prob_0_load "/>
</bind>
</comp>

<comp id="443" class="1005" name="reg_443">
<pin_list>
<pin id="444" dir="0" index="0" bw="32" slack="1"/>
<pin id="445" dir="1" index="1" bw="32" slack="1"/>
</pin_list>
<bind>
<opset="ob_8_0_load_1 ob_8_0_load ob_8_0_load_2 "/>
</bind>
</comp>

<comp id="449" class="1005" name="reg_449">
<pin_list>
<pin id="450" dir="0" index="0" bw="32" slack="1"/>
<pin id="451" dir="1" index="1" bw="32" slack="1"/>
</pin_list>
<bind>
<opset="nb_6_0_load_1 nb_6_0_load nb_6_0_load_2 "/>
</bind>
</comp>

<comp id="455" class="1005" name="reg_455">
<pin_list>
<pin id="456" dir="0" index="0" bw="32" slack="1"/>
<pin id="457" dir="1" index="1" bw="32" slack="1"/>
</pin_list>
<bind>
<opset="oi_0_load_1 oi_0_load oi_0_load21 "/>
</bind>
</comp>

<comp id="461" class="1005" name="reg_461">
<pin_list>
<pin id="462" dir="0" index="0" bw="32" slack="1"/>
<pin id="463" dir="1" index="1" bw="32" slack="1"/>
</pin_list>
<bind>
<opset="low_0_load_1 low_0_load low_0_load_2 "/>
</bind>
</comp>

<comp id="468" class="1005" name="reg_468">
<pin_list>
<pin id="469" dir="0" index="0" bw="32" slack="1"/>
<pin id="470" dir="1" index="1" bw="32" slack="1"/>
</pin_list>
<bind>
<opset="high_0_load_1 high_0_load high_0_load_2 "/>
</bind>
</comp>

<comp id="475" class="1005" name="reg_475">
<pin_list>
<pin id="476" dir="0" index="0" bw="32" slack="1"/>
<pin id="477" dir="1" index="1" bw="32" slack="1"/>
</pin_list>
<bind>
<opset="pending_0_load_1 pending_0_load pending_0_load_2 "/>
</bind>
</comp>

<comp id="481" class="1004" name="store_ln0_store_fu_481">
<pin_list>
<pin id="482" dir="0" index="0" bw="1" slack="0"/>
<pin id="483" dir="0" index="1" bw="32" slack="0"/>
<pin id="484" dir="1" index="2" bw="0" slack="2147483647"/>
</pin_list>
<bind>
<opcode="store(28) " fcode="store"/>
<opset="store_ln0/1 "/>
</bind>
</comp>

<comp id="486" class="1004" name="store_ln0_store_fu_486">
<pin_list>
<pin id="487" dir="0" index="0" bw="17" slack="0"/>
<pin id="488" dir="0" index="1" bw="32" slack="0"/>
<pin id="489" dir="1" index="2" bw="0" slack="2147483647"/>
</pin_list>
<bind>
<opcode="store(28) " fcode="store"/>
<opset="store_ln0/1 "/>
</bind>
</comp>

<comp id="491" class="1004" name="store_ln0_store_fu_491">
<pin_list>
<pin id="492" dir="0" index="0" bw="1" slack="0"/>
<pin id="493" dir="0" index="1" bw="32" slack="0"/>
<pin id="494" dir="1" index="2" bw="0" slack="2147483647"/>
</pin_list>
<bind>
<opcode="store(28) " fcode="store"/>
<opset="store_ln0/1 "/>
</bind>
</comp>

<comp id="496" class="1004" name="store_ln0_store_fu_496">
<pin_list>
<pin id="497" dir="0" index="0" bw="1" slack="0"/>
<pin id="498" dir="0" index="1" bw="32" slack="0"/>
<pin id="499" dir="1" index="2" bw="0" slack="2147483647"/>
</pin_list>
<bind>
<opcode="store(28) " fcode="store"/>
<opset="store_ln0/1 "/>
</bind>
</comp>

<comp id="501" class="1004" name="store_ln0_store_fu_501">
<pin_list>
<pin id="502" dir="0" index="0" bw="1" slack="0"/>
<pin id="503" dir="0" index="1" bw="32" slack="0"/>
<pin id="504" dir="1" index="2" bw="0" slack="2147483647"/>
</pin_list>
<bind>
<opcode="store(28) " fcode="store"/>
<opset="store_ln0/1 "/>
</bind>
</comp>

<comp id="506" class="1004" name="store_ln0_store_fu_506">
<pin_list>
<pin id="507" dir="0" index="0" bw="1" slack="0"/>
<pin id="508" dir="0" index="1" bw="32" slack="0"/>
<pin id="509" dir="1" index="2" bw="0" slack="2147483647"/>
</pin_list>
<bind>
<opcode="store(28) " fcode="store"/>
<opset="store_ln0/1 "/>
</bind>
</comp>

<comp id="511" class="1004" name="store_ln0_store_fu_511">
<pin_list>
<pin id="512" dir="0" index="0" bw="13" slack="0"/>
<pin id="513" dir="0" index="1" bw="32" slack="0"/>
<pin id="514" dir="1" index="2" bw="0" slack="2147483647"/>
</pin_list>
<bind>
<opcode="store(28) " fcode="store"/>
<opset="store_ln0/1 "/>
</bind>
</comp>

<comp id="516" class="1004" name="store_ln21_store_fu_516">
<pin_list>
<pin id="517" dir="0" index="0" bw="1" slack="0"/>
<pin id="518" dir="0" index="1" bw="31" slack="0"/>
<pin id="519" dir="1" index="2" bw="0" slack="2147483647"/>
</pin_list>
<bind>
<opcode="store(28) " fcode="store"/>
<opset="store_ln21/1 "/>
</bind>
</comp>

<comp id="521" class="1004" name="k_1_load_fu_521">
<pin_list>
<pin id="522" dir="0" index="0" bw="31" slack="2"/>
<pin id="523" dir="1" index="1" bw="31" slack="0"/>
</pin_list>
<bind>
<opcode="load(27) " fcode="load"/>
<opset="k_1/3 "/>
</bind>
</comp>

<comp id="524" class="1004" name="zext_ln21_1_fu_524">
<pin_list>
<pin id="525" dir="0" index="0" bw="31" slack="0"/>
<pin id="526" dir="1" index="1" bw="32" slack="0"/>
</pin_list>
<bind>
<opcode="zext(34) " fcode="zext"/>
<opset="zext_ln21_1/3 "/>
</bind>
</comp>

<comp id="528" class="1004" name="icmp_ln21_fu_528">
<pin_list>
<pin id="529" dir="0" index="0" bw="31" slack="0"/>
<pin id="530" dir="0" index="1" bw="32" slack="1"/>
<pin id="531" dir="1" index="2" bw="1" slack="1"/>
</pin_list>
<bind>
<opcode="icmp(45) " fcode="icmp"/>
<opset="icmp_ln21/3 "/>
</bind>
</comp>

<comp id="533" class="1004" name="add_ln21_fu_533">
<pin_list>
<pin id="534" dir="0" index="0" bw="31" slack="2147483647"/>
<pin id="535" dir="0" index="1" bw="1" slack="0"/>
<pin id="536" dir="1" index="2" bw="31" slack="2"/>
</pin_list>
<bind>
<opcode="add(8) " fcode="add"/>
<opset="add_ln21/4 "/>
</bind>
</comp>

<comp id="538" class="1004" name="zext_ln21_fu_538">
<pin_list>
<pin id="539" dir="0" index="0" bw="31" slack="2147483647"/>
<pin id="540" dir="1" index="1" bw="64" slack="0"/>
</pin_list>
<bind>
<opcode="zext(34) " fcode="zext"/>
<opset="zext_ln21/4 "/>
</bind>
</comp>

<comp id="542" class="1004" name="nb_1_fu_542">
<pin_list>
<pin id="543" dir="0" index="0" bw="224" slack="0"/>
<pin id="544" dir="1" index="1" bw="32" slack="0"/>
</pin_list>
<bind>
<opcode="extractvalue(56) " fcode="extractvalue"/>
<opset="nb_1/5 "/>
</bind>
</comp>

<comp id="546" class="1004" name="pending_fu_546">
<pin_list>
<pin id="547" dir="0" index="0" bw="224" slack="0"/>
<pin id="548" dir="1" index="1" bw="32" slack="0"/>
</pin_list>
<bind>
<opcode="extractvalue(56) " fcode="extractvalue"/>
<opset="pending/5 "/>
</bind>
</comp>

<comp id="550" class="1004" name="low_fu_550">
<pin_list>
<pin id="551" dir="0" index="0" bw="224" slack="0"/>
<pin id="552" dir="1" index="1" bw="32" slack="0"/>
</pin_list>
<bind>
<opcode="extractvalue(56) " fcode="extractvalue"/>
<opset="low/5 "/>
</bind>
</comp>

<comp id="554" class="1004" name="high_fu_554">
<pin_list>
<pin id="555" dir="0" index="0" bw="224" slack="0"/>
<pin id="556" dir="1" index="1" bw="32" slack="0"/>
</pin_list>
<bind>
<opcode="extractvalue(56) " fcode="extractvalue"/>
<opset="high/5 "/>
</bind>
</comp>

<comp id="558" class="1004" name="flag_prob_fu_558">
<pin_list>
<pin id="559" dir="0" index="0" bw="224" slack="0"/>
<pin id="560" dir="1" index="1" bw="32" slack="1"/>
</pin_list>
<bind>
<opcode="extractvalue(56) " fcode="extractvalue"/>
<opset="flag_prob/5 "/>
</bind>
</comp>

<comp id="562" class="1004" name="store_ln22_store_fu_562">
<pin_list>
<pin id="563" dir="0" index="0" bw="32" slack="0"/>
<pin id="564" dir="0" index="1" bw="32" slack="4"/>
<pin id="565" dir="1" index="2" bw="0" slack="2147483647"/>
</pin_list>
<bind>
<opcode="store(28) " fcode="store"/>
<opset="store_ln22/5 "/>
</bind>
</comp>

<comp id="567" class="1004" name="store_ln22_store_fu_567">
<pin_list>
<pin id="568" dir="0" index="0" bw="32" slack="0"/>
<pin id="569" dir="0" index="1" bw="32" slack="4"/>
<pin id="570" dir="1" index="2" bw="0" slack="2147483647"/>
</pin_list>
<bind>
<opcode="store(28) " fcode="store"/>
<opset="store_ln22/5 "/>
</bind>
</comp>

<comp id="572" class="1004" name="store_ln22_store_fu_572">
<pin_list>
<pin id="573" dir="0" index="0" bw="32" slack="0"/>
<pin id="574" dir="0" index="1" bw="32" slack="4"/>
<pin id="575" dir="1" index="2" bw="0" slack="2147483647"/>
</pin_list>
<bind>
<opcode="store(28) " fcode="store"/>
<opset="store_ln22/5 "/>
</bind>
</comp>

<comp id="577" class="1004" name="store_ln22_store_fu_577">
<pin_list>
<pin id="578" dir="0" index="0" bw="32" slack="0"/>
<pin id="579" dir="0" index="1" bw="32" slack="4"/>
<pin id="580" dir="1" index="2" bw="0" slack="2147483647"/>
</pin_list>
<bind>
<opcode="store(28) " fcode="store"/>
<opset="store_ln22/5 "/>
</bind>
</comp>

<comp id="582" class="1004" name="store_ln22_store_fu_582">
<pin_list>
<pin id="583" dir="0" index="0" bw="32" slack="0"/>
<pin id="584" dir="0" index="1" bw="32" slack="4"/>
<pin id="585" dir="1" index="2" bw="0" slack="2147483647"/>
</pin_list>
<bind>
<opcode="store(28) " fcode="store"/>
<opset="store_ln22/5 "/>
</bind>
</comp>

<comp id="587" class="1004" name="store_ln22_store_fu_587">
<pin_list>
<pin id="588" dir="0" index="0" bw="32" slack="0"/>
<pin id="589" dir="0" index="1" bw="32" slack="4"/>
<pin id="590" dir="1" index="2" bw="0" slack="2147483647"/>
</pin_list>
<bind>
<opcode="store(28) " fcode="store"/>
<opset="store_ln22/5 "/>
</bind>
</comp>

<comp id="592" class="1004" name="tmp_1_fu_592">
<pin_list>
<pin id="593" dir="0" index="0" bw="1" slack="0"/>
<pin id="594" dir="0" index="1" bw="4" slack="0"/>
<pin id="595" dir="0" index="2" bw="3" slack="0"/>
<pin id="596" dir="1" index="3" bw="1" slack="2147483647"/>
</pin_list>
<bind>
<opcode="bitselect(1000) " fcode="bitselect"/>
<opset="tmp_1/6 "/>
</bind>
</comp>

<comp id="600" class="1004" name="zext_ln23_fu_600">
<pin_list>
<pin id="601" dir="0" index="0" bw="4" slack="0"/>
<pin id="602" dir="1" index="1" bw="8" slack="0"/>
</pin_list>
<bind>
<opcode="zext(34) " fcode="zext"/>
<opset="zext_ln23/6 "/>
</bind>
</comp>

<comp id="604" class="1004" name="lshr_ln25_fu_604">
<pin_list>
<pin id="605" dir="0" index="0" bw="8" slack="1"/>
<pin id="606" dir="0" index="1" bw="4" slack="0"/>
<pin id="607" dir="1" index="2" bw="8" slack="0"/>
</pin_list>
<bind>
<opcode="lshr(21) " fcode="lshr"/>
<opset="lshr_ln25/6 "/>
</bind>
</comp>

<comp id="609" class="1004" name="bit_fu_609">
<pin_list>
<pin id="610" dir="0" index="0" bw="8" slack="0"/>
<pin id="611" dir="1" index="1" bw="1" slack="0"/>
</pin_list>
<bind>
<opcode="trunc(33) " fcode="trunc"/>
<opset="bit/6 "/>
</bind>
</comp>

<comp id="613" class="1004" name="zext_ln26_fu_613">
<pin_list>
<pin id="614" dir="0" index="0" bw="8" slack="0"/>
<pin id="615" dir="1" index="1" bw="64" slack="0"/>
</pin_list>
<bind>
<opcode="zext(34) " fcode="zext"/>
<opset="zext_ln26/6 "/>
</bind>
</comp>

<comp id="618" class="1004" name="trunc_ln27_fu_618">
<pin_list>
<pin id="619" dir="0" index="0" bw="8" slack="0"/>
<pin id="620" dir="1" index="1" bw="7" slack="0"/>
</pin_list>
<bind>
<opcode="trunc(33) " fcode="trunc"/>
<opset="trunc_ln27/6 "/>
</bind>
</comp>

<comp id="622" class="1004" name="ctx_1_fu_622">
<pin_list>
<pin id="623" dir="0" index="0" bw="8" slack="0"/>
<pin id="624" dir="0" index="1" bw="7" slack="0"/>
<pin id="625" dir="0" index="2" bw="1" slack="0"/>
<pin id="626" dir="1" index="3" bw="8" slack="0"/>
</pin_list>
<bind>
<opcode="bitconcatenate(1004) " fcode="bitconcatenate"/>
<opset="ctx_1/6 "/>
</bind>
</comp>

<comp id="630" class="1004" name="j_1_fu_630">
<pin_list>
<pin id="631" dir="0" index="0" bw="4" slack="0"/>
<pin id="632" dir="0" index="1" bw="1" slack="0"/>
<pin id="633" dir="1" index="2" bw="4" slack="0"/>
</pin_list>
<bind>
<opcode="add(8) " fcode="add"/>
<opset="j_1/6 "/>
</bind>
</comp>

<comp id="636" class="1004" name="store_ln22_store_fu_636">
<pin_list>
<pin id="637" dir="0" index="0" bw="32" slack="1"/>
<pin id="638" dir="0" index="1" bw="32" slack="5"/>
<pin id="639" dir="1" index="2" bw="0" slack="2147483647"/>
</pin_list>
<bind>
<opcode="store(28) " fcode="store"/>
<opset="store_ln22/6 "/>
</bind>
</comp>

<comp id="640" class="1004" name="store_ln21_store_fu_640">
<pin_list>
<pin id="641" dir="0" index="0" bw="31" slack="2"/>
<pin id="642" dir="0" index="1" bw="31" slack="5"/>
<pin id="643" dir="1" index="2" bw="0" slack="2147483647"/>
</pin_list>
<bind>
<opcode="store(28) " fcode="store"/>
<opset="store_ln21/6 "/>
</bind>
</comp>

<comp id="644" class="1004" name="oi_2_fu_644">
<pin_list>
<pin id="645" dir="0" index="0" bw="224" slack="0"/>
<pin id="646" dir="1" index="1" bw="32" slack="0"/>
</pin_list>
<bind>
<opcode="extractvalue(56) " fcode="extractvalue"/>
<opset="oi_2/9 "/>
</bind>
</comp>

<comp id="648" class="1004" name="nb_3_fu_648">
<pin_list>
<pin id="649" dir="0" index="0" bw="224" slack="0"/>
<pin id="650" dir="1" index="1" bw="32" slack="0"/>
</pin_list>
<bind>
<opcode="extractvalue(56) " fcode="extractvalue"/>
<opset="nb_3/9 "/>
</bind>
</comp>

<comp id="652" class="1004" name="ob_4_fu_652">
<pin_list>
<pin id="653" dir="0" index="0" bw="224" slack="0"/>
<pin id="654" dir="1" index="1" bw="32" slack="0"/>
</pin_list>
<bind>
<opcode="extractvalue(56) " fcode="extractvalue"/>
<opset="ob_4/9 "/>
</bind>
</comp>

<comp id="656" class="1004" name="pending_3_fu_656">
<pin_list>
<pin id="657" dir="0" index="0" bw="224" slack="0"/>
<pin id="658" dir="1" index="1" bw="32" slack="0"/>
</pin_list>
<bind>
<opcode="extractvalue(56) " fcode="extractvalue"/>
<opset="pending_3/9 "/>
</bind>
</comp>

<comp id="660" class="1004" name="low_2_fu_660">
<pin_list>
<pin id="661" dir="0" index="0" bw="224" slack="0"/>
<pin id="662" dir="1" index="1" bw="32" slack="0"/>
</pin_list>
<bind>
<opcode="extractvalue(56) " fcode="extractvalue"/>
<opset="low_2/9 "/>
</bind>
</comp>

<comp id="664" class="1004" name="high_1_fu_664">
<pin_list>
<pin id="665" dir="0" index="0" bw="224" slack="0"/>
<pin id="666" dir="1" index="1" bw="32" slack="0"/>
</pin_list>
<bind>
<opcode="extractvalue(56) " fcode="extractvalue"/>
<opset="high_1/9 "/>
</bind>
</comp>

<comp id="668" class="1004" name="tree_addr_1_ret_fu_668">
<pin_list>
<pin id="669" dir="0" index="0" bw="224" slack="0"/>
<pin id="670" dir="1" index="1" bw="32" slack="1"/>
</pin_list>
<bind>
<opcode="extractvalue(56) " fcode="extractvalue"/>
<opset="tree_addr_1_ret/9 "/>
</bind>
</comp>

<comp id="672" class="1004" name="store_ln26_store_fu_672">
<pin_list>
<pin id="673" dir="0" index="0" bw="32" slack="0"/>
<pin id="674" dir="0" index="1" bw="32" slack="8"/>
<pin id="675" dir="1" index="2" bw="0" slack="2147483647"/>
</pin_list>
<bind>
<opcode="store(28) " fcode="store"/>
<opset="store_ln26/9 "/>
</bind>
</comp>

<comp id="677" class="1004" name="store_ln26_store_fu_677">
<pin_list>
<pin id="678" dir="0" index="0" bw="32" slack="0"/>
<pin id="679" dir="0" index="1" bw="32" slack="8"/>
<pin id="680" dir="1" index="2" bw="0" slack="2147483647"/>
</pin_list>
<bind>
<opcode="store(28) " fcode="store"/>
<opset="store_ln26/9 "/>
</bind>
</comp>

<comp id="682" class="1004" name="store_ln26_store_fu_682">
<pin_list>
<pin id="683" dir="0" index="0" bw="32" slack="0"/>
<pin id="684" dir="0" index="1" bw="32" slack="8"/>
<pin id="685" dir="1" index="2" bw="0" slack="2147483647"/>
</pin_list>
<bind>
<opcode="store(28) " fcode="store"/>
<opset="store_ln26/9 "/>
</bind>
</comp>

<comp id="687" class="1004" name="store_ln26_store_fu_687">
<pin_list>
<pin id="688" dir="0" index="0" bw="32" slack="0"/>
<pin id="689" dir="0" index="1" bw="32" slack="8"/>
<pin id="690" dir="1" index="2" bw="0" slack="2147483647"/>
</pin_list>
<bind>
<opcode="store(28) " fcode="store"/>
<opset="store_ln26/9 "/>
</bind>
</comp>

<comp id="692" class="1004" name="store_ln26_store_fu_692">
<pin_list>
<pin id="693" dir="0" index="0" bw="32" slack="0"/>
<pin id="694" dir="0" index="1" bw="32" slack="8"/>
<pin id="695" dir="1" index="2" bw="0" slack="2147483647"/>
</pin_list>
<bind>
<opcode="store(28) " fcode="store"/>
<opset="store_ln26/9 "/>
</bind>
</comp>

<comp id="697" class="1004" name="store_ln26_store_fu_697">
<pin_list>
<pin id="698" dir="0" index="0" bw="32" slack="0"/>
<pin id="699" dir="0" index="1" bw="32" slack="8"/>
<pin id="700" dir="1" index="2" bw="0" slack="2147483647"/>
</pin_list>
<bind>
<opcode="store(28) " fcode="store"/>
<opset="store_ln26/9 "/>
</bind>
</comp>

<comp id="702" class="1004" name="nb_2_fu_702">
<pin_list>
<pin id="703" dir="0" index="0" bw="224" slack="0"/>
<pin id="704" dir="1" index="1" bw="32" slack="0"/>
</pin_list>
<bind>
<opcode="extractvalue(56) " fcode="extractvalue"/>
<opset="nb_2/11 "/>
</bind>
</comp>

<comp id="706" class="1004" name="pending_1_fu_706">
<pin_list>
<pin id="707" dir="0" index="0" bw="224" slack="0"/>
<pin id="708" dir="1" index="1" bw="32" slack="0"/>
</pin_list>
<bind>
<opcode="extractvalue(56) " fcode="extractvalue"/>
<opset="pending_1/11 "/>
</bind>
</comp>

<comp id="710" class="1004" name="low_1_fu_710">
<pin_list>
<pin id="711" dir="0" index="0" bw="224" slack="0"/>
<pin id="712" dir="1" index="1" bw="32" slack="0"/>
</pin_list>
<bind>
<opcode="extractvalue(56) " fcode="extractvalue"/>
<opset="low_1/11 "/>
</bind>
</comp>

<comp id="714" class="1004" name="pending_2_fu_714">
<pin_list>
<pin id="715" dir="0" index="0" bw="32" slack="0"/>
<pin id="716" dir="0" index="1" bw="1" slack="0"/>
<pin id="717" dir="1" index="2" bw="32" slack="3"/>
</pin_list>
<bind>
<opcode="add(8) " fcode="add"/>
<opset="pending_2/11 "/>
</bind>
</comp>

<comp id="720" class="1004" name="tmp_fu_720">
<pin_list>
<pin id="721" dir="0" index="0" bw="18" slack="0"/>
<pin id="722" dir="0" index="1" bw="32" slack="0"/>
<pin id="723" dir="0" index="2" bw="5" slack="0"/>
<pin id="724" dir="0" index="3" bw="6" slack="0"/>
<pin id="725" dir="1" index="4" bw="18" slack="0"/>
</pin_list>
<bind>
<opcode="partselect(1002) " fcode="partselect"/>
<opset="tmp/11 "/>
</bind>
</comp>

<comp id="730" class="1004" name="icmp_ln32_fu_730">
<pin_list>
<pin id="731" dir="0" index="0" bw="18" slack="0"/>
<pin id="732" dir="0" index="1" bw="1" slack="0"/>
<pin id="733" dir="1" index="2" bw="1" slack="1"/>
</pin_list>
<bind>
<opcode="icmp(45) " fcode="icmp"/>
<opset="icmp_ln32/11 "/>
</bind>
</comp>

<comp id="736" class="1004" name="trunc_ln34_fu_736">
<pin_list>
<pin id="737" dir="0" index="0" bw="32" slack="0"/>
<pin id="738" dir="1" index="1" bw="7" slack="1"/>
</pin_list>
<bind>
<opcode="trunc(33) " fcode="trunc"/>
<opset="trunc_ln34/11 "/>
</bind>
</comp>

<comp id="740" class="1004" name="nb_fu_740">
<pin_list>
<pin id="741" dir="0" index="0" bw="32" slack="0"/>
<pin id="742" dir="0" index="1" bw="1" slack="0"/>
<pin id="743" dir="1" index="2" bw="32" slack="1"/>
</pin_list>
<bind>
<opcode="add(8) " fcode="add"/>
<opset="nb/11 "/>
</bind>
</comp>

<comp id="746" class="1004" name="ob_2_fu_746">
<pin_list>
<pin id="747" dir="0" index="0" bw="8" slack="0"/>
<pin id="748" dir="0" index="1" bw="7" slack="1"/>
<pin id="749" dir="0" index="2" bw="1" slack="0"/>
<pin id="750" dir="1" index="3" bw="8" slack="1"/>
</pin_list>
<bind>
<opcode="bitconcatenate(1004) " fcode="bitconcatenate"/>
<opset="ob_2/12 "/>
</bind>
</comp>

<comp id="753" class="1004" name="icmp_ln34_fu_753">
<pin_list>
<pin id="754" dir="0" index="0" bw="32" slack="1"/>
<pin id="755" dir="0" index="1" bw="5" slack="0"/>
<pin id="756" dir="1" index="2" bw="1" slack="1"/>
</pin_list>
<bind>
<opcode="icmp(45) " fcode="icmp"/>
<opset="icmp_ln34/12 "/>
</bind>
</comp>

<comp id="758" class="1004" name="ob_3_fu_758">
<pin_list>
<pin id="759" dir="0" index="0" bw="8" slack="0"/>
<pin id="760" dir="0" index="1" bw="7" slack="1"/>
<pin id="761" dir="0" index="2" bw="1" slack="0"/>
<pin id="762" dir="1" index="3" bw="8" slack="1"/>
</pin_list>
<bind>
<opcode="bitconcatenate(1004) " fcode="bitconcatenate"/>
<opset="ob_3/12 "/>
</bind>
</comp>

<comp id="765" class="1004" name="zext_ln34_1_fu_765">
<pin_list>
<pin id="766" dir="0" index="0" bw="32" slack="2"/>
<pin id="767" dir="1" index="1" bw="64" slack="0"/>
</pin_list>
<bind>
<opcode="zext(34) " fcode="zext"/>
<opset="zext_ln34_1/13 "/>
</bind>
</comp>

<comp id="769" class="1004" name="oi_453_loc_load_load_fu_769">
<pin_list>
<pin id="770" dir="0" index="0" bw="32" slack="9"/>
<pin id="771" dir="1" index="1" bw="32" slack="0"/>
</pin_list>
<bind>
<opcode="load(27) " fcode="load"/>
<opset="oi_453_loc_load/16 "/>
</bind>
</comp>

<comp id="773" class="1004" name="nb_6_4_loc_load_load_fu_773">
<pin_list>
<pin id="774" dir="0" index="0" bw="32" slack="9"/>
<pin id="775" dir="1" index="1" bw="32" slack="0"/>
</pin_list>
<bind>
<opcode="load(27) " fcode="load"/>
<opset="nb_6_4_loc_load/16 "/>
</bind>
</comp>

<comp id="777" class="1004" name="ob_8_4_loc_load_load_fu_777">
<pin_list>
<pin id="778" dir="0" index="0" bw="8" slack="9"/>
<pin id="779" dir="1" index="1" bw="8" slack="0"/>
</pin_list>
<bind>
<opcode="load(27) " fcode="load"/>
<opset="ob_8_4_loc_load/16 "/>
</bind>
</comp>

<comp id="781" class="1004" name="oi_251_loc_load_load_fu_781">
<pin_list>
<pin id="782" dir="0" index="0" bw="32" slack="9"/>
<pin id="783" dir="1" index="1" bw="32" slack="0"/>
</pin_list>
<bind>
<opcode="load(27) " fcode="load"/>
<opset="oi_251_loc_load/16 "/>
</bind>
</comp>

<comp id="785" class="1004" name="nb_6_2_loc_load_load_fu_785">
<pin_list>
<pin id="786" dir="0" index="0" bw="32" slack="9"/>
<pin id="787" dir="1" index="1" bw="32" slack="0"/>
</pin_list>
<bind>
<opcode="load(27) " fcode="load"/>
<opset="nb_6_2_loc_load/16 "/>
</bind>
</comp>

<comp id="789" class="1004" name="ob_8_2_loc_load_load_fu_789">
<pin_list>
<pin id="790" dir="0" index="0" bw="8" slack="9"/>
<pin id="791" dir="1" index="1" bw="8" slack="0"/>
</pin_list>
<bind>
<opcode="load(27) " fcode="load"/>
<opset="ob_8_2_loc_load/16 "/>
</bind>
</comp>

<comp id="793" class="1004" name="icmp_ln34_1_fu_793">
<pin_list>
<pin id="794" dir="0" index="0" bw="32" slack="0"/>
<pin id="795" dir="0" index="1" bw="1" slack="0"/>
<pin id="796" dir="1" index="2" bw="1" slack="2147483647"/>
</pin_list>
<bind>
<opcode="icmp(45) " fcode="icmp"/>
<opset="icmp_ln34_1/16 "/>
</bind>
</comp>

<comp id="799" class="1004" name="sub_ln34_fu_799">
<pin_list>
<pin id="800" dir="0" index="0" bw="5" slack="0"/>
<pin id="801" dir="0" index="1" bw="32" slack="0"/>
<pin id="802" dir="1" index="2" bw="32" slack="0"/>
</pin_list>
<bind>
<opcode="sub(10) " fcode="sub"/>
<opset="sub_ln34/16 "/>
</bind>
</comp>

<comp id="805" class="1004" name="sub_ln34cast_fu_805">
<pin_list>
<pin id="806" dir="0" index="0" bw="32" slack="0"/>
<pin id="807" dir="1" index="1" bw="8" slack="0"/>
</pin_list>
<bind>
<opcode="trunc(33) " fcode="trunc"/>
<opset="sub_ln34cast/16 "/>
</bind>
</comp>

<comp id="809" class="1004" name="shl_ln34_fu_809">
<pin_list>
<pin id="810" dir="0" index="0" bw="8" slack="0"/>
<pin id="811" dir="0" index="1" bw="8" slack="0"/>
<pin id="812" dir="1" index="2" bw="8" slack="0"/>
</pin_list>
<bind>
<opcode="shl(20) " fcode="shl"/>
<opset="shl_ln34/16 "/>
</bind>
</comp>

<comp id="816" class="1004" name="oi_5_fu_816">
<pin_list>
<pin id="817" dir="0" index="0" bw="32" slack="0"/>
<pin id="818" dir="0" index="1" bw="1" slack="0"/>
<pin id="819" dir="1" index="2" bw="32" slack="0"/>
</pin_list>
<bind>
<opcode="add(8) " fcode="add"/>
<opset="oi_5/16 "/>
</bind>
</comp>

<comp id="823" class="1004" name="zext_ln34_3_fu_823">
<pin_list>
<pin id="824" dir="0" index="0" bw="32" slack="0"/>
<pin id="825" dir="1" index="1" bw="64" slack="0"/>
</pin_list>
<bind>
<opcode="zext(34) " fcode="zext"/>
<opset="zext_ln34_3/16 "/>
</bind>
</comp>

<comp id="828" class="1004" name="zext_ln34_fu_828">
<pin_list>
<pin id="829" dir="0" index="0" bw="32" slack="2"/>
<pin id="830" dir="1" index="1" bw="64" slack="0"/>
</pin_list>
<bind>
<opcode="zext(34) " fcode="zext"/>
<opset="zext_ln34/17 "/>
</bind>
</comp>

<comp id="832" class="1005" name="k_reg_832">
<pin_list>
<pin id="833" dir="0" index="0" bw="31" slack="0"/>
<pin id="834" dir="1" index="1" bw="31" slack="0"/>
</pin_list>
<bind>
<opset="k "/>
</bind>
</comp>

<comp id="839" class="1005" name="flag_prob_0_reg_839">
<pin_list>
<pin id="840" dir="0" index="0" bw="32" slack="0"/>
<pin id="841" dir="1" index="1" bw="32" slack="0"/>
</pin_list>
<bind>
<opset="flag_prob_0 "/>
</bind>
</comp>

<comp id="846" class="1005" name="ob_8_0_reg_846">
<pin_list>
<pin id="847" dir="0" index="0" bw="32" slack="0"/>
<pin id="848" dir="1" index="1" bw="32" slack="0"/>
</pin_list>
<bind>
<opset="ob_8_0 "/>
</bind>
</comp>

<comp id="854" class="1005" name="nb_6_0_reg_854">
<pin_list>
<pin id="855" dir="0" index="0" bw="32" slack="0"/>
<pin id="856" dir="1" index="1" bw="32" slack="0"/>
</pin_list>
<bind>
<opset="nb_6_0 "/>
</bind>
</comp>

<comp id="862" class="1005" name="oi_0_reg_862">
<pin_list>
<pin id="863" dir="0" index="0" bw="32" slack="0"/>
<pin id="864" dir="1" index="1" bw="32" slack="0"/>
</pin_list>
<bind>
<opset="oi_0 "/>
</bind>
</comp>

<comp id="870" class="1005" name="low_0_reg_870">
<pin_list>
<pin id="871" dir="0" index="0" bw="32" slack="0"/>
<pin id="872" dir="1" index="1" bw="32" slack="0"/>
</pin_list>
<bind>
<opset="low_0 "/>
</bind>
</comp>

<comp id="878" class="1005" name="high_0_reg_878">
<pin_list>
<pin id="879" dir="0" index="0" bw="32" slack="0"/>
<pin id="880" dir="1" index="1" bw="32" slack="0"/>
</pin_list>
<bind>
<opset="high_0 "/>
</bind>
</comp>

<comp id="886" class="1005" name="pending_0_reg_886">
<pin_list>
<pin id="887" dir="0" index="0" bw="32" slack="0"/>
<pin id="888" dir="1" index="1" bw="32" slack="0"/>
</pin_list>
<bind>
<opset="pending_0 "/>
</bind>
</comp>

<comp id="894" class="1005" name="ob_8_4_loc_reg_894">
<pin_list>
<pin id="895" dir="0" index="0" bw="8" slack="7"/>
<pin id="896" dir="1" index="1" bw="8" slack="7"/>
</pin_list>
<bind>
<opset="ob_8_4_loc "/>
</bind>
</comp>

<comp id="900" class="1005" name="nb_6_4_loc_reg_900">
<pin_list>
<pin id="901" dir="0" index="0" bw="32" slack="7"/>
<pin id="902" dir="1" index="1" bw="32" slack="7"/>
</pin_list>
<bind>
<opset="nb_6_4_loc "/>
</bind>
</comp>

<comp id="906" class="1005" name="oi_453_loc_reg_906">
<pin_list>
<pin id="907" dir="0" index="0" bw="32" slack="7"/>
<pin id="908" dir="1" index="1" bw="32" slack="7"/>
</pin_list>
<bind>
<opset="oi_453_loc "/>
</bind>
</comp>

<comp id="912" class="1005" name="ob_8_2_loc_reg_912">
<pin_list>
<pin id="913" dir="0" index="0" bw="8" slack="7"/>
<pin id="914" dir="1" index="1" bw="8" slack="7"/>
</pin_list>
<bind>
<opset="ob_8_2_loc "/>
</bind>
</comp>

<comp id="918" class="1005" name="nb_6_2_loc_reg_918">
<pin_list>
<pin id="919" dir="0" index="0" bw="32" slack="7"/>
<pin id="920" dir="1" index="1" bw="32" slack="7"/>
</pin_list>
<bind>
<opset="nb_6_2_loc "/>
</bind>
</comp>

<comp id="924" class="1005" name="oi_251_loc_reg_924">
<pin_list>
<pin id="925" dir="0" index="0" bw="32" slack="7"/>
<pin id="926" dir="1" index="1" bw="32" slack="7"/>
</pin_list>
<bind>
<opset="oi_251_loc "/>
</bind>
</comp>

<comp id="930" class="1005" name="n_read_reg_930">
<pin_list>
<pin id="931" dir="0" index="0" bw="32" slack="1"/>
<pin id="932" dir="1" index="1" bw="32" slack="1"/>
</pin_list>
<bind>
<opset="n_read "/>
</bind>
</comp>

<comp id="938" class="1005" name="icmp_ln21_reg_938">
<pin_list>
<pin id="939" dir="0" index="0" bw="1" slack="1"/>
<pin id="940" dir="1" index="1" bw="1" slack="2147483647"/>
</pin_list>
<bind>
<opset="icmp_ln21 "/>
</bind>
</comp>

<comp id="942" class="1005" name="add_ln21_reg_942">
<pin_list>
<pin id="943" dir="0" index="0" bw="31" slack="2"/>
<pin id="944" dir="1" index="1" bw="31" slack="2"/>
</pin_list>
<bind>
<opset="add_ln21 "/>
</bind>
</comp>

<comp id="947" class="1005" name="in_addr_reg_947">
<pin_list>
<pin id="948" dir="0" index="0" bw="10" slack="1"/>
<pin id="949" dir="1" index="1" bw="10" slack="1"/>
</pin_list>
<bind>
<opset="in_addr "/>
</bind>
</comp>

<comp id="952" class="1005" name="flag_prob_reg_952">
<pin_list>
<pin id="953" dir="0" index="0" bw="32" slack="1"/>
<pin id="954" dir="1" index="1" bw="32" slack="1"/>
</pin_list>
<bind>
<opset="flag_prob "/>
</bind>
</comp>

<comp id="957" class="1005" name="b_reg_957">
<pin_list>
<pin id="958" dir="0" index="0" bw="8" slack="1"/>
<pin id="959" dir="1" index="1" bw="8" slack="1"/>
</pin_list>
<bind>
<opset="b "/>
</bind>
</comp>

<comp id="965" class="1005" name="bit_reg_965">
<pin_list>
<pin id="966" dir="0" index="0" bw="1" slack="2"/>
<pin id="967" dir="1" index="1" bw="1" slack="2"/>
</pin_list>
<bind>
<opset="bit "/>
</bind>
</comp>

<comp id="970" class="1005" name="tree_addr_reg_970">
<pin_list>
<pin id="971" dir="0" index="0" bw="8" slack="1"/>
<pin id="972" dir="1" index="1" bw="8" slack="1"/>
</pin_list>
<bind>
<opset="tree_addr "/>
</bind>
</comp>

<comp id="975" class="1005" name="ctx_1_reg_975">
<pin_list>
<pin id="976" dir="0" index="0" bw="8" slack="0"/>
<pin id="977" dir="1" index="1" bw="8" slack="0"/>
</pin_list>
<bind>
<opset="ctx_1 "/>
</bind>
</comp>

<comp id="980" class="1005" name="j_1_reg_980">
<pin_list>
<pin id="981" dir="0" index="0" bw="4" slack="0"/>
<pin id="982" dir="1" index="1" bw="4" slack="0"/>
</pin_list>
<bind>
<opset="j_1 "/>
</bind>
</comp>

<comp id="985" class="1005" name="tree_load_reg_985">
<pin_list>
<pin id="986" dir="0" index="0" bw="32" slack="1"/>
<pin id="987" dir="1" index="1" bw="32" slack="1"/>
</pin_list>
<bind>
<opset="tree_load "/>
</bind>
</comp>

<comp id="990" class="1005" name="tree_addr_1_ret_reg_990">
<pin_list>
<pin id="991" dir="0" index="0" bw="32" slack="1"/>
<pin id="992" dir="1" index="1" bw="32" slack="1"/>
</pin_list>
<bind>
<opset="tree_addr_1_ret "/>
</bind>
</comp>

<comp id="995" class="1005" name="oi_1_reg_995">
<pin_list>
<pin id="996" dir="0" index="0" bw="32" slack="2"/>
<pin id="997" dir="1" index="1" bw="32" slack="2"/>
</pin_list>
<bind>
<opset="oi_1 "/>
</bind>
</comp>

<comp id="1004" class="1005" name="pending_2_reg_1004">
<pin_list>
<pin id="1005" dir="0" index="0" bw="32" slack="3"/>
<pin id="1006" dir="1" index="1" bw="32" slack="3"/>
</pin_list>
<bind>
<opset="pending_2 "/>
</bind>
</comp>

<comp id="1010" class="1005" name="icmp_ln32_reg_1010">
<pin_list>
<pin id="1011" dir="0" index="0" bw="1" slack="1"/>
<pin id="1012" dir="1" index="1" bw="1" slack="2147483647"/>
</pin_list>
<bind>
<opset="icmp_ln32 "/>
</bind>
</comp>

<comp id="1014" class="1005" name="trunc_ln34_reg_1014">
<pin_list>
<pin id="1015" dir="0" index="0" bw="7" slack="1"/>
<pin id="1016" dir="1" index="1" bw="7" slack="1"/>
</pin_list>
<bind>
<opset="trunc_ln34 "/>
</bind>
</comp>

<comp id="1020" class="1005" name="nb_reg_1020">
<pin_list>
<pin id="1021" dir="0" index="0" bw="32" slack="1"/>
<pin id="1022" dir="1" index="1" bw="32" slack="1"/>
</pin_list>
<bind>
<opset="nb "/>
</bind>
</comp>

<comp id="1027" class="1005" name="ob_2_reg_1027">
<pin_list>
<pin id="1028" dir="0" index="0" bw="8" slack="1"/>
<pin id="1029" dir="1" index="1" bw="8" slack="1"/>
</pin_list>
<bind>
<opset="ob_2 "/>
</bind>
</comp>

<comp id="1033" class="1005" name="icmp_ln34_reg_1033">
<pin_list>
<pin id="1034" dir="0" index="0" bw="1" slack="1"/>
<pin id="1035" dir="1" index="1" bw="1" slack="2147483647"/>
</pin_list>
<bind>
<opset="icmp_ln34 "/>
</bind>
</comp>

<comp id="1037" class="1005" name="ob_3_reg_1037">
<pin_list>
<pin id="1038" dir="0" index="0" bw="8" slack="1"/>
<pin id="1039" dir="1" index="1" bw="8" slack="1"/>
</pin_list>
<bind>
<opset="ob_3 "/>
</bind>
</comp>

<comp id="1043" class="1005" name="oi_4_reg_1043">
<pin_list>
<pin id="1044" dir="0" index="0" bw="32" slack="1"/>
<pin id="1045" dir="1" index="1" bw="32" slack="1"/>
</pin_list>
<bind>
<opset="oi_4 "/>
</bind>
</comp>

<comp id="1051" class="1005" name="oi_3_reg_1051">
<pin_list>
<pin id="1052" dir="0" index="0" bw="32" slack="1"/>
<pin id="1053" dir="1" index="1" bw="32" slack="1"/>
</pin_list>
<bind>
<opset="oi_3 "/>
</bind>
</comp>

</comp_list>

<net_list>
<net id="75"><net_src comp="6" pin="0"/><net_sink comp="72" pin=0"/></net>

<net id="79"><net_src comp="6" pin="0"/><net_sink comp="76" pin=0"/></net>

<net id="83"><net_src comp="6" pin="0"/><net_sink comp="80" pin=0"/></net>

<net id="87"><net_src comp="6" pin="0"/><net_sink comp="84" pin=0"/></net>

<net id="91"><net_src comp="6" pin="0"/><net_sink comp="88" pin=0"/></net>

<net id="95"><net_src comp="6" pin="0"/><net_sink comp="92" pin=0"/></net>

<net id="99"><net_src comp="6" pin="0"/><net_sink comp="96" pin=0"/></net>

<net id="103"><net_src comp="6" pin="0"/><net_sink comp="100" pin=0"/></net>

<net id="107"><net_src comp="8" pin="0"/><net_sink comp="104" pin=0"/></net>

<net id="111"><net_src comp="8" pin="0"/><net_sink comp="108" pin=0"/></net>

<net id="115"><net_src comp="8" pin="0"/><net_sink comp="112" pin=0"/></net>

<net id="119"><net_src comp="8" pin="0"/><net_sink comp="116" pin=0"/></net>

<net id="123"><net_src comp="8" pin="0"/><net_sink comp="120" pin=0"/></net>

<net id="127"><net_src comp="8" pin="0"/><net_sink comp="124" pin=0"/></net>

<net id="131"><net_src comp="8" pin="0"/><net_sink comp="128" pin=0"/></net>

<net id="136"><net_src comp="20" pin="0"/><net_sink comp="132" pin=0"/></net>

<net id="137"><net_src comp="2" pin="0"/><net_sink comp="132" pin=1"/></net>

<net id="143"><net_src comp="0" pin="0"/><net_sink comp="138" pin=0"/></net>

<net id="144"><net_src comp="28" pin="0"/><net_sink comp="138" pin=1"/></net>

<net id="150"><net_src comp="138" pin="3"/><net_sink comp="145" pin=0"/></net>

<net id="156"><net_src comp="28" pin="0"/><net_sink comp="151" pin=1"/></net>

<net id="162"><net_src comp="151" pin="3"/><net_sink comp="157" pin=0"/></net>

<net id="168"><net_src comp="4" pin="0"/><net_sink comp="163" pin=0"/></net>

<net id="169"><net_src comp="28" pin="0"/><net_sink comp="163" pin=1"/></net>

<net id="175"><net_src comp="163" pin="3"/><net_sink comp="170" pin=0"/></net>

<net id="181"><net_src comp="4" pin="0"/><net_sink comp="176" pin=0"/></net>

<net id="182"><net_src comp="28" pin="0"/><net_sink comp="176" pin=1"/></net>

<net id="183"><net_src comp="176" pin="3"/><net_sink comp="170" pin=0"/></net>

<net id="189"><net_src comp="4" pin="0"/><net_sink comp="184" pin=0"/></net>

<net id="190"><net_src comp="28" pin="0"/><net_sink comp="184" pin=1"/></net>

<net id="191"><net_src comp="184" pin="3"/><net_sink comp="170" pin=0"/></net>

<net id="195"><net_src comp="36" pin="0"/><net_sink comp="192" pin=0"/></net>

<net id="202"><net_src comp="192" pin="1"/><net_sink comp="196" pin=0"/></net>

<net id="206"><net_src comp="38" pin="0"/><net_sink comp="203" pin=0"/></net>

<net id="213"><net_src comp="203" pin="1"/><net_sink comp="207" pin=0"/></net>

<net id="223"><net_src comp="217" pin="4"/><net_sink comp="214" pin=0"/></net>

<net id="227"><net_src comp="12" pin="0"/><net_sink comp="224" pin=0"/></net>

<net id="234"><net_src comp="224" pin="1"/><net_sink comp="228" pin=2"/></net>

<net id="235"><net_src comp="228" pin="4"/><net_sink comp="224" pin=0"/></net>

<net id="239"><net_src comp="66" pin="0"/><net_sink comp="236" pin=0"/></net>

<net id="246"><net_src comp="236" pin="1"/><net_sink comp="240" pin=2"/></net>

<net id="247"><net_src comp="240" pin="4"/><net_sink comp="236" pin=0"/></net>

<net id="284"><net_src comp="251" pin="4"/><net_sink comp="278" pin=2"/></net>

<net id="294"><net_src comp="288" pin="4"/><net_sink comp="285" pin=0"/></net>

<net id="298"><net_src comp="12" pin="0"/><net_sink comp="295" pin=0"/></net>

<net id="305"><net_src comp="295" pin="1"/><net_sink comp="299" pin=2"/></net>

<net id="306"><net_src comp="299" pin="4"/><net_sink comp="295" pin=0"/></net>

<net id="310"><net_src comp="66" pin="0"/><net_sink comp="307" pin=0"/></net>

<net id="317"><net_src comp="307" pin="1"/><net_sink comp="311" pin=2"/></net>

<net id="318"><net_src comp="311" pin="4"/><net_sink comp="307" pin=0"/></net>

<net id="323"><net_src comp="10" pin="0"/><net_sink comp="319" pin=0"/></net>

<net id="324"><net_src comp="128" pin="1"/><net_sink comp="319" pin=1"/></net>

<net id="339"><net_src comp="24" pin="0"/><net_sink comp="325" pin=0"/></net>

<net id="340"><net_src comp="4" pin="0"/><net_sink comp="325" pin=8"/></net>

<net id="341"><net_src comp="26" pin="0"/><net_sink comp="325" pin=11"/></net>

<net id="342"><net_src comp="30" pin="0"/><net_sink comp="325" pin=11"/></net>

<net id="355"><net_src comp="48" pin="0"/><net_sink comp="343" pin=0"/></net>

<net id="356"><net_src comp="4" pin="0"/><net_sink comp="343" pin=6"/></net>

<net id="368"><net_src comp="68" pin="0"/><net_sink comp="357" pin=0"/></net>

<net id="369"><net_src comp="217" pin="4"/><net_sink comp="357" pin=1"/></net>

<net id="370"><net_src comp="228" pin="4"/><net_sink comp="357" pin=2"/></net>

<net id="371"><net_src comp="240" pin="4"/><net_sink comp="357" pin=3"/></net>

<net id="372"><net_src comp="4" pin="0"/><net_sink comp="357" pin=5"/></net>

<net id="384"><net_src comp="70" pin="0"/><net_sink comp="373" pin=0"/></net>

<net id="385"><net_src comp="288" pin="4"/><net_sink comp="373" pin=1"/></net>

<net id="386"><net_src comp="299" pin="4"/><net_sink comp="373" pin=2"/></net>

<net id="387"><net_src comp="311" pin="4"/><net_sink comp="373" pin=3"/></net>

<net id="388"><net_src comp="4" pin="0"/><net_sink comp="373" pin=5"/></net>

<net id="392"><net_src comp="389" pin="1"/><net_sink comp="325" pin=10"/></net>

<net id="396"><net_src comp="393" pin="1"/><net_sink comp="325" pin=6"/></net>

<net id="397"><net_src comp="393" pin="1"/><net_sink comp="343" pin=4"/></net>

<net id="401"><net_src comp="398" pin="1"/><net_sink comp="325" pin=7"/></net>

<net id="402"><net_src comp="398" pin="1"/><net_sink comp="343" pin=5"/></net>

<net id="406"><net_src comp="403" pin="1"/><net_sink comp="325" pin=9"/></net>

<net id="407"><net_src comp="403" pin="1"/><net_sink comp="343" pin=7"/></net>

<net id="411"><net_src comp="408" pin="1"/><net_sink comp="325" pin=1"/></net>

<net id="412"><net_src comp="408" pin="1"/><net_sink comp="325" pin=2"/></net>

<net id="413"><net_src comp="408" pin="1"/><net_sink comp="343" pin=1"/></net>

<net id="417"><net_src comp="414" pin="1"/><net_sink comp="325" pin=3"/></net>

<net id="418"><net_src comp="414" pin="1"/><net_sink comp="325" pin=4"/></net>

<net id="419"><net_src comp="414" pin="1"/><net_sink comp="343" pin=2"/></net>

<net id="423"><net_src comp="420" pin="1"/><net_sink comp="325" pin=5"/></net>

<net id="424"><net_src comp="420" pin="1"/><net_sink comp="343" pin=3"/></net>

<net id="428"><net_src comp="325" pin="12"/><net_sink comp="425" pin=0"/></net>

<net id="432"><net_src comp="325" pin="12"/><net_sink comp="429" pin=0"/></net>

<net id="437"><net_src comp="6" pin="0"/><net_sink comp="433" pin=1"/></net>

<net id="441"><net_src comp="389" pin="1"/><net_sink comp="438" pin=0"/></net>

<net id="442"><net_src comp="438" pin="1"/><net_sink comp="325" pin=10"/></net>

<net id="446"><net_src comp="393" pin="1"/><net_sink comp="443" pin=0"/></net>

<net id="447"><net_src comp="443" pin="1"/><net_sink comp="325" pin=6"/></net>

<net id="448"><net_src comp="443" pin="1"/><net_sink comp="343" pin=4"/></net>

<net id="452"><net_src comp="398" pin="1"/><net_sink comp="449" pin=0"/></net>

<net id="453"><net_src comp="449" pin="1"/><net_sink comp="325" pin=7"/></net>

<net id="454"><net_src comp="449" pin="1"/><net_sink comp="343" pin=5"/></net>

<net id="458"><net_src comp="403" pin="1"/><net_sink comp="455" pin=0"/></net>

<net id="459"><net_src comp="455" pin="1"/><net_sink comp="325" pin=9"/></net>

<net id="460"><net_src comp="455" pin="1"/><net_sink comp="343" pin=7"/></net>

<net id="464"><net_src comp="408" pin="1"/><net_sink comp="461" pin=0"/></net>

<net id="465"><net_src comp="461" pin="1"/><net_sink comp="325" pin=1"/></net>

<net id="466"><net_src comp="461" pin="1"/><net_sink comp="325" pin=2"/></net>

<net id="467"><net_src comp="461" pin="1"/><net_sink comp="343" pin=1"/></net>

<net id="471"><net_src comp="414" pin="1"/><net_sink comp="468" pin=0"/></net>

<net id="472"><net_src comp="468" pin="1"/><net_sink comp="325" pin=3"/></net>

<net id="473"><net_src comp="468" pin="1"/><net_sink comp="325" pin=4"/></net>

<net id="474"><net_src comp="468" pin="1"/><net_sink comp="343" pin=2"/></net>

<net id="478"><net_src comp="420" pin="1"/><net_sink comp="475" pin=0"/></net>

<net id="479"><net_src comp="475" pin="1"/><net_sink comp="325" pin=5"/></net>

<net id="480"><net_src comp="475" pin="1"/><net_sink comp="343" pin=3"/></net>

<net id="485"><net_src comp="12" pin="0"/><net_sink comp="481" pin=0"/></net>

<net id="490"><net_src comp="14" pin="0"/><net_sink comp="486" pin=0"/></net>

<net id="495"><net_src comp="12" pin="0"/><net_sink comp="491" pin=0"/></net>

<net id="500"><net_src comp="12" pin="0"/><net_sink comp="496" pin=0"/></net>

<net id="505"><net_src comp="12" pin="0"/><net_sink comp="501" pin=0"/></net>

<net id="510"><net_src comp="12" pin="0"/><net_sink comp="506" pin=0"/></net>

<net id="515"><net_src comp="16" pin="0"/><net_sink comp="511" pin=0"/></net>

<net id="520"><net_src comp="18" pin="0"/><net_sink comp="516" pin=0"/></net>

<net id="527"><net_src comp="521" pin="1"/><net_sink comp="524" pin=0"/></net>

<net id="532"><net_src comp="524" pin="1"/><net_sink comp="528" pin=0"/></net>

<net id="537"><net_src comp="22" pin="0"/><net_sink comp="533" pin=1"/></net>

<net id="541"><net_src comp="538" pin="1"/><net_sink comp="138" pin=2"/></net>

<net id="545"><net_src comp="325" pin="12"/><net_sink comp="542" pin=0"/></net>

<net id="549"><net_src comp="325" pin="12"/><net_sink comp="546" pin=0"/></net>

<net id="553"><net_src comp="325" pin="12"/><net_sink comp="550" pin=0"/></net>

<net id="557"><net_src comp="325" pin="12"/><net_sink comp="554" pin=0"/></net>

<net id="561"><net_src comp="325" pin="12"/><net_sink comp="558" pin=0"/></net>

<net id="566"><net_src comp="546" pin="1"/><net_sink comp="562" pin=0"/></net>

<net id="571"><net_src comp="554" pin="1"/><net_sink comp="567" pin=0"/></net>

<net id="576"><net_src comp="550" pin="1"/><net_sink comp="572" pin=0"/></net>

<net id="581"><net_src comp="425" pin="1"/><net_sink comp="577" pin=0"/></net>

<net id="586"><net_src comp="542" pin="1"/><net_sink comp="582" pin=0"/></net>

<net id="591"><net_src comp="429" pin="1"/><net_sink comp="587" pin=0"/></net>

<net id="597"><net_src comp="40" pin="0"/><net_sink comp="592" pin=0"/></net>

<net id="598"><net_src comp="196" pin="4"/><net_sink comp="592" pin=1"/></net>

<net id="599"><net_src comp="42" pin="0"/><net_sink comp="592" pin=2"/></net>

<net id="603"><net_src comp="196" pin="4"/><net_sink comp="600" pin=0"/></net>

<net id="608"><net_src comp="600" pin="1"/><net_sink comp="604" pin=1"/></net>

<net id="612"><net_src comp="604" pin="2"/><net_sink comp="609" pin=0"/></net>

<net id="616"><net_src comp="207" pin="4"/><net_sink comp="613" pin=0"/></net>

<net id="617"><net_src comp="613" pin="1"/><net_sink comp="151" pin=2"/></net>

<net id="621"><net_src comp="207" pin="4"/><net_sink comp="618" pin=0"/></net>

<net id="627"><net_src comp="44" pin="0"/><net_sink comp="622" pin=0"/></net>

<net id="628"><net_src comp="618" pin="1"/><net_sink comp="622" pin=1"/></net>

<net id="629"><net_src comp="609" pin="1"/><net_sink comp="622" pin=2"/></net>

<net id="634"><net_src comp="196" pin="4"/><net_sink comp="630" pin=0"/></net>

<net id="635"><net_src comp="46" pin="0"/><net_sink comp="630" pin=1"/></net>

<net id="647"><net_src comp="343" pin="10"/><net_sink comp="644" pin=0"/></net>

<net id="651"><net_src comp="343" pin="10"/><net_sink comp="648" pin=0"/></net>

<net id="655"><net_src comp="343" pin="10"/><net_sink comp="652" pin=0"/></net>

<net id="659"><net_src comp="343" pin="10"/><net_sink comp="656" pin=0"/></net>

<net id="663"><net_src comp="343" pin="10"/><net_sink comp="660" pin=0"/></net>

<net id="667"><net_src comp="343" pin="10"/><net_sink comp="664" pin=0"/></net>

<net id="671"><net_src comp="343" pin="10"/><net_sink comp="668" pin=0"/></net>

<net id="676"><net_src comp="656" pin="1"/><net_sink comp="672" pin=0"/></net>

<net id="681"><net_src comp="664" pin="1"/><net_sink comp="677" pin=0"/></net>

<net id="686"><net_src comp="660" pin="1"/><net_sink comp="682" pin=0"/></net>

<net id="691"><net_src comp="644" pin="1"/><net_sink comp="687" pin=0"/></net>

<net id="696"><net_src comp="648" pin="1"/><net_sink comp="692" pin=0"/></net>

<net id="701"><net_src comp="652" pin="1"/><net_sink comp="697" pin=0"/></net>

<net id="705"><net_src comp="325" pin="12"/><net_sink comp="702" pin=0"/></net>

<net id="709"><net_src comp="325" pin="12"/><net_sink comp="706" pin=0"/></net>

<net id="713"><net_src comp="325" pin="12"/><net_sink comp="710" pin=0"/></net>

<net id="718"><net_src comp="706" pin="1"/><net_sink comp="714" pin=0"/></net>

<net id="719"><net_src comp="6" pin="0"/><net_sink comp="714" pin=1"/></net>

<net id="726"><net_src comp="56" pin="0"/><net_sink comp="720" pin=0"/></net>

<net id="727"><net_src comp="710" pin="1"/><net_sink comp="720" pin=1"/></net>

<net id="728"><net_src comp="58" pin="0"/><net_sink comp="720" pin=2"/></net>

<net id="729"><net_src comp="60" pin="0"/><net_sink comp="720" pin=3"/></net>

<net id="734"><net_src comp="720" pin="4"/><net_sink comp="730" pin=0"/></net>

<net id="735"><net_src comp="62" pin="0"/><net_sink comp="730" pin=1"/></net>

<net id="739"><net_src comp="429" pin="1"/><net_sink comp="736" pin=0"/></net>

<net id="744"><net_src comp="702" pin="1"/><net_sink comp="740" pin=0"/></net>

<net id="745"><net_src comp="6" pin="0"/><net_sink comp="740" pin=1"/></net>

<net id="751"><net_src comp="44" pin="0"/><net_sink comp="746" pin=0"/></net>

<net id="752"><net_src comp="30" pin="0"/><net_sink comp="746" pin=2"/></net>

<net id="757"><net_src comp="64" pin="0"/><net_sink comp="753" pin=1"/></net>

<net id="763"><net_src comp="44" pin="0"/><net_sink comp="758" pin=0"/></net>

<net id="764"><net_src comp="26" pin="0"/><net_sink comp="758" pin=2"/></net>

<net id="768"><net_src comp="765" pin="1"/><net_sink comp="163" pin=2"/></net>

<net id="772"><net_src comp="769" pin="1"/><net_sink comp="251" pin=0"/></net>

<net id="776"><net_src comp="773" pin="1"/><net_sink comp="269" pin=0"/></net>

<net id="780"><net_src comp="777" pin="1"/><net_sink comp="260" pin=0"/></net>

<net id="784"><net_src comp="781" pin="1"/><net_sink comp="251" pin=2"/></net>

<net id="788"><net_src comp="785" pin="1"/><net_sink comp="269" pin=2"/></net>

<net id="792"><net_src comp="789" pin="1"/><net_sink comp="260" pin=2"/></net>

<net id="797"><net_src comp="269" pin="4"/><net_sink comp="793" pin=0"/></net>

<net id="798"><net_src comp="12" pin="0"/><net_sink comp="793" pin=1"/></net>

<net id="803"><net_src comp="64" pin="0"/><net_sink comp="799" pin=0"/></net>

<net id="804"><net_src comp="269" pin="4"/><net_sink comp="799" pin=1"/></net>

<net id="808"><net_src comp="799" pin="2"/><net_sink comp="805" pin=0"/></net>

<net id="813"><net_src comp="260" pin="4"/><net_sink comp="809" pin=0"/></net>

<net id="814"><net_src comp="805" pin="1"/><net_sink comp="809" pin=1"/></net>

<net id="815"><net_src comp="809" pin="2"/><net_sink comp="170" pin=1"/></net>

<net id="820"><net_src comp="251" pin="4"/><net_sink comp="816" pin=0"/></net>

<net id="821"><net_src comp="6" pin="0"/><net_sink comp="816" pin=1"/></net>

<net id="822"><net_src comp="816" pin="2"/><net_sink comp="278" pin=0"/></net>

<net id="826"><net_src comp="251" pin="4"/><net_sink comp="823" pin=0"/></net>

<net id="827"><net_src comp="823" pin="1"/><net_sink comp="176" pin=2"/></net>

<net id="831"><net_src comp="828" pin="1"/><net_sink comp="184" pin=2"/></net>

<net id="835"><net_src comp="72" pin="1"/><net_sink comp="832" pin=0"/></net>

<net id="836"><net_src comp="832" pin="1"/><net_sink comp="516" pin=1"/></net>

<net id="837"><net_src comp="832" pin="1"/><net_sink comp="521" pin=0"/></net>

<net id="838"><net_src comp="832" pin="1"/><net_sink comp="640" pin=1"/></net>

<net id="842"><net_src comp="76" pin="1"/><net_sink comp="839" pin=0"/></net>

<net id="843"><net_src comp="839" pin="1"/><net_sink comp="511" pin=1"/></net>

<net id="844"><net_src comp="839" pin="1"/><net_sink comp="389" pin=0"/></net>

<net id="845"><net_src comp="839" pin="1"/><net_sink comp="636" pin=1"/></net>

<net id="849"><net_src comp="80" pin="1"/><net_sink comp="846" pin=0"/></net>

<net id="850"><net_src comp="846" pin="1"/><net_sink comp="506" pin=1"/></net>

<net id="851"><net_src comp="846" pin="1"/><net_sink comp="393" pin=0"/></net>

<net id="852"><net_src comp="846" pin="1"/><net_sink comp="587" pin=1"/></net>

<net id="853"><net_src comp="846" pin="1"/><net_sink comp="697" pin=1"/></net>

<net id="857"><net_src comp="84" pin="1"/><net_sink comp="854" pin=0"/></net>

<net id="858"><net_src comp="854" pin="1"/><net_sink comp="501" pin=1"/></net>

<net id="859"><net_src comp="854" pin="1"/><net_sink comp="398" pin=0"/></net>

<net id="860"><net_src comp="854" pin="1"/><net_sink comp="582" pin=1"/></net>

<net id="861"><net_src comp="854" pin="1"/><net_sink comp="692" pin=1"/></net>

<net id="865"><net_src comp="88" pin="1"/><net_sink comp="862" pin=0"/></net>

<net id="866"><net_src comp="862" pin="1"/><net_sink comp="496" pin=1"/></net>

<net id="867"><net_src comp="862" pin="1"/><net_sink comp="403" pin=0"/></net>

<net id="868"><net_src comp="862" pin="1"/><net_sink comp="577" pin=1"/></net>

<net id="869"><net_src comp="862" pin="1"/><net_sink comp="687" pin=1"/></net>

<net id="873"><net_src comp="92" pin="1"/><net_sink comp="870" pin=0"/></net>

<net id="874"><net_src comp="870" pin="1"/><net_sink comp="491" pin=1"/></net>

<net id="875"><net_src comp="870" pin="1"/><net_sink comp="408" pin=0"/></net>

<net id="876"><net_src comp="870" pin="1"/><net_sink comp="572" pin=1"/></net>

<net id="877"><net_src comp="870" pin="1"/><net_sink comp="682" pin=1"/></net>

<net id="881"><net_src comp="96" pin="1"/><net_sink comp="878" pin=0"/></net>

<net id="882"><net_src comp="878" pin="1"/><net_sink comp="486" pin=1"/></net>

<net id="883"><net_src comp="878" pin="1"/><net_sink comp="414" pin=0"/></net>

<net id="884"><net_src comp="878" pin="1"/><net_sink comp="567" pin=1"/></net>

<net id="885"><net_src comp="878" pin="1"/><net_sink comp="677" pin=1"/></net>

<net id="889"><net_src comp="100" pin="1"/><net_sink comp="886" pin=0"/></net>

<net id="890"><net_src comp="886" pin="1"/><net_sink comp="481" pin=1"/></net>

<net id="891"><net_src comp="886" pin="1"/><net_sink comp="420" pin=0"/></net>

<net id="892"><net_src comp="886" pin="1"/><net_sink comp="562" pin=1"/></net>

<net id="893"><net_src comp="886" pin="1"/><net_sink comp="672" pin=1"/></net>

<net id="897"><net_src comp="104" pin="1"/><net_sink comp="894" pin=0"/></net>

<net id="898"><net_src comp="894" pin="1"/><net_sink comp="357" pin=8"/></net>

<net id="899"><net_src comp="894" pin="1"/><net_sink comp="777" pin=0"/></net>

<net id="903"><net_src comp="108" pin="1"/><net_sink comp="900" pin=0"/></net>

<net id="904"><net_src comp="900" pin="1"/><net_sink comp="357" pin=7"/></net>

<net id="905"><net_src comp="900" pin="1"/><net_sink comp="773" pin=0"/></net>

<net id="909"><net_src comp="112" pin="1"/><net_sink comp="906" pin=0"/></net>

<net id="910"><net_src comp="906" pin="1"/><net_sink comp="357" pin=6"/></net>

<net id="911"><net_src comp="906" pin="1"/><net_sink comp="769" pin=0"/></net>

<net id="915"><net_src comp="116" pin="1"/><net_sink comp="912" pin=0"/></net>

<net id="916"><net_src comp="912" pin="1"/><net_sink comp="789" pin=0"/></net>

<net id="917"><net_src comp="912" pin="1"/><net_sink comp="373" pin=8"/></net>

<net id="921"><net_src comp="120" pin="1"/><net_sink comp="918" pin=0"/></net>

<net id="922"><net_src comp="918" pin="1"/><net_sink comp="785" pin=0"/></net>

<net id="923"><net_src comp="918" pin="1"/><net_sink comp="373" pin=7"/></net>

<net id="927"><net_src comp="124" pin="1"/><net_sink comp="924" pin=0"/></net>

<net id="928"><net_src comp="924" pin="1"/><net_sink comp="781" pin=0"/></net>

<net id="929"><net_src comp="924" pin="1"/><net_sink comp="373" pin=6"/></net>

<net id="933"><net_src comp="132" pin="2"/><net_sink comp="930" pin=0"/></net>

<net id="934"><net_src comp="930" pin="1"/><net_sink comp="528" pin=1"/></net>

<net id="941"><net_src comp="528" pin="2"/><net_sink comp="938" pin=0"/></net>

<net id="945"><net_src comp="533" pin="2"/><net_sink comp="942" pin=0"/></net>

<net id="946"><net_src comp="942" pin="1"/><net_sink comp="640" pin=0"/></net>

<net id="950"><net_src comp="138" pin="3"/><net_sink comp="947" pin=0"/></net>

<net id="951"><net_src comp="947" pin="1"/><net_sink comp="145" pin=0"/></net>

<net id="955"><net_src comp="558" pin="1"/><net_sink comp="952" pin=0"/></net>

<net id="956"><net_src comp="952" pin="1"/><net_sink comp="636" pin=0"/></net>

<net id="960"><net_src comp="145" pin="3"/><net_sink comp="957" pin=0"/></net>

<net id="961"><net_src comp="957" pin="1"/><net_sink comp="604" pin=0"/></net>

<net id="968"><net_src comp="609" pin="1"/><net_sink comp="965" pin=0"/></net>

<net id="969"><net_src comp="965" pin="1"/><net_sink comp="343" pin=9"/></net>

<net id="973"><net_src comp="151" pin="3"/><net_sink comp="970" pin=0"/></net>

<net id="974"><net_src comp="970" pin="1"/><net_sink comp="157" pin=0"/></net>

<net id="978"><net_src comp="622" pin="3"/><net_sink comp="975" pin=0"/></net>

<net id="979"><net_src comp="975" pin="1"/><net_sink comp="207" pin=2"/></net>

<net id="983"><net_src comp="630" pin="2"/><net_sink comp="980" pin=0"/></net>

<net id="984"><net_src comp="980" pin="1"/><net_sink comp="196" pin=2"/></net>

<net id="988"><net_src comp="157" pin="3"/><net_sink comp="985" pin=0"/></net>

<net id="989"><net_src comp="985" pin="1"/><net_sink comp="343" pin=8"/></net>

<net id="993"><net_src comp="668" pin="1"/><net_sink comp="990" pin=0"/></net>

<net id="994"><net_src comp="990" pin="1"/><net_sink comp="157" pin=1"/></net>

<net id="998"><net_src comp="425" pin="1"/><net_sink comp="995" pin=0"/></net>

<net id="999"><net_src comp="995" pin="1"/><net_sink comp="433" pin=0"/></net>

<net id="1000"><net_src comp="995" pin="1"/><net_sink comp="765" pin=0"/></net>

<net id="1001"><net_src comp="995" pin="1"/><net_sink comp="217" pin=0"/></net>

<net id="1002"><net_src comp="995" pin="1"/><net_sink comp="828" pin=0"/></net>

<net id="1003"><net_src comp="995" pin="1"/><net_sink comp="288" pin=0"/></net>

<net id="1007"><net_src comp="714" pin="2"/><net_sink comp="1004" pin=0"/></net>

<net id="1008"><net_src comp="1004" pin="1"/><net_sink comp="357" pin=4"/></net>

<net id="1009"><net_src comp="1004" pin="1"/><net_sink comp="373" pin=4"/></net>

<net id="1013"><net_src comp="730" pin="2"/><net_sink comp="1010" pin=0"/></net>

<net id="1017"><net_src comp="736" pin="1"/><net_sink comp="1014" pin=0"/></net>

<net id="1018"><net_src comp="1014" pin="1"/><net_sink comp="746" pin=1"/></net>

<net id="1019"><net_src comp="1014" pin="1"/><net_sink comp="758" pin=1"/></net>

<net id="1023"><net_src comp="740" pin="2"/><net_sink comp="1020" pin=0"/></net>

<net id="1024"><net_src comp="1020" pin="1"/><net_sink comp="753" pin=0"/></net>

<net id="1025"><net_src comp="1020" pin="1"/><net_sink comp="228" pin=0"/></net>

<net id="1026"><net_src comp="1020" pin="1"/><net_sink comp="299" pin=0"/></net>

<net id="1030"><net_src comp="746" pin="3"/><net_sink comp="1027" pin=0"/></net>

<net id="1031"><net_src comp="1027" pin="1"/><net_sink comp="170" pin=1"/></net>

<net id="1032"><net_src comp="1027" pin="1"/><net_sink comp="311" pin=0"/></net>

<net id="1036"><net_src comp="753" pin="2"/><net_sink comp="1033" pin=0"/></net>

<net id="1040"><net_src comp="758" pin="3"/><net_sink comp="1037" pin=0"/></net>

<net id="1041"><net_src comp="1037" pin="1"/><net_sink comp="170" pin=1"/></net>

<net id="1042"><net_src comp="1037" pin="1"/><net_sink comp="240" pin=0"/></net>

<net id="1046"><net_src comp="433" pin="2"/><net_sink comp="1043" pin=0"/></net>

<net id="1047"><net_src comp="1043" pin="1"/><net_sink comp="217" pin=2"/></net>

<net id="1054"><net_src comp="433" pin="2"/><net_sink comp="1051" pin=0"/></net>

<net id="1055"><net_src comp="1051" pin="1"/><net_sink comp="288" pin=2"/></net>

</net_list>

</model> 
---------------- Datapath Model END ------------------

* FSMD analyzer results:
  - Output states:
	Port: out_r | {4 5 8 9 11 13 14 15 16 17 18 19 }
 - Input state : 
	Port: encode_chunk : in_r | {4 5 }
	Port: encode_chunk : n | {2 }
  - Chain level:
	State 1
		call_ln0 : 1
		store_ln0 : 1
		store_ln0 : 1
		store_ln0 : 1
		store_ln0 : 1
		store_ln0 : 1
		store_ln0 : 1
		store_ln0 : 1
		store_ln21 : 1
	State 2
	State 3
		zext_ln21_1 : 1
		icmp_ln21 : 2
	State 4
		call_ret1 : 1
		in_addr : 1
		b : 2
		call_ret2 : 1
	State 5
		oi : 1
		nb_1 : 1
		ob : 1
		pending : 1
		low : 1
		high : 1
		flag_prob : 1
		store_ln22 : 2
		store_ln22 : 2
		store_ln22 : 2
		store_ln22 : 2
		store_ln22 : 2
		store_ln22 : 2
	State 6
		tmp_1 : 1
		br_ln24 : 2
		zext_ln23 : 1
		lshr_ln25 : 2
		bit : 3
		zext_ln26 : 1
		tree_addr : 2
		tree_load : 3
		trunc_ln27 : 1
		ctx_1 : 4
		j_1 : 1
	State 7
	State 8
		call_ret : 1
	State 9
		oi_2 : 1
		nb_3 : 1
		ob_4 : 1
		pending_3 : 1
		low_2 : 1
		high_1 : 1
		tree_addr_1_ret : 1
		store_ln26 : 2
		store_ln26 : 2
		store_ln26 : 2
		store_ln26 : 2
		store_ln26 : 2
		store_ln26 : 2
	State 10
	State 11
		oi_1 : 1
		nb_2 : 1
		ob_1 : 1
		pending_1 : 1
		low_1 : 1
		pending_2 : 2
		tmp : 2
		icmp_ln32 : 3
		trunc_ln34 : 2
		nb : 2
	State 12
		br_ln34 : 1
		br_ln34 : 1
	State 13
		out_addr_1 : 1
		store_ln34 : 2
	State 14
		call_ln30 : 1
	State 15
	State 16
		oi_6 : 1
		empty : 1
		empty_44 : 1
		icmp_ln34_1 : 2
		br_ln34 : 3
		sub_ln34 : 2
		sub_ln34cast : 3
		shl_ln34 : 4
		oi_5 : 2
		zext_ln34_3 : 2
		out_addr_2 : 3
		store_ln34 : 5
		oi_7 : 4
		ret_ln35 : 5
	State 17
		out_addr : 1
		store_ln34 : 2
	State 18
		call_ln30 : 1
	State 19


============================================================
+ Verbose Summary: Datapath Resource usage 
============================================================

* Functional unit list:
|----------|--------------------------------------------------|---------|---------|---------|---------|
| Operation|                  Functional Unit                 |   DSP   |  Delay  |    FF   |   LUT   |
|----------|--------------------------------------------------|---------|---------|---------|---------|
|          | grp_encode_chunk_Pipeline_VITIS_LOOP_17_1_fu_319 |    0    |    0    |    9    |    32   |
|          |               grp_encode_bit_fu_325              |    3    |  3.416  |   989   |   1188  |
|   call   |              grp_encode_bit_1_fu_343             |    3    |  3.416  |   925   |   1124  |
|          | grp_encode_chunk_Pipeline_VITIS_LOOP_33_5_fu_357 |    0    |    0    |   104   |   195   |
|          | grp_encode_chunk_Pipeline_VITIS_LOOP_32_4_fu_373 |    0    |    0    |   104   |   195   |
|----------|--------------------------------------------------|---------|---------|---------|---------|
|          |                    grp_fu_433                    |    0    |    0    |    0    |    39   |
|          |                  add_ln21_fu_533                 |    0    |    0    |    0    |    38   |
|    add   |                    j_1_fu_630                    |    0    |    0    |    0    |    12   |
|          |                 pending_2_fu_714                 |    0    |    0    |    0    |    39   |
|          |                     nb_fu_740                    |    0    |    0    |    0    |    39   |
|          |                    oi_5_fu_816                   |    0    |    0    |    0    |    39   |
|----------|--------------------------------------------------|---------|---------|---------|---------|
|          |                 icmp_ln21_fu_528                 |    0    |    0    |    0    |    39   |
|   icmp   |                 icmp_ln32_fu_730                 |    0    |    0    |    0    |    25   |
|          |                 icmp_ln34_fu_753                 |    0    |    0    |    0    |    39   |
|          |                icmp_ln34_1_fu_793                |    0    |    0    |    0    |    39   |
|----------|--------------------------------------------------|---------|---------|---------|---------|
|    sub   |                  sub_ln34_fu_799                 |    0    |    0    |    0    |    39   |
|----------|--------------------------------------------------|---------|---------|---------|---------|
|   lshr   |                 lshr_ln25_fu_604                 |    0    |    0    |    0    |    16   |
|----------|--------------------------------------------------|---------|---------|---------|---------|
|    shl   |                  shl_ln34_fu_809                 |    0    |    0    |    0    |    16   |
|----------|--------------------------------------------------|---------|---------|---------|---------|
|   read   |                n_read_read_fu_132                |    0    |    0    |    0    |    0    |
|----------|--------------------------------------------------|---------|---------|---------|---------|
|          |                    grp_fu_425                    |    0    |    0    |    0    |    0    |
|          |                    grp_fu_429                    |    0    |    0    |    0    |    0    |
|          |                    nb_1_fu_542                   |    0    |    0    |    0    |    0    |
|          |                  pending_fu_546                  |    0    |    0    |    0    |    0    |
|          |                    low_fu_550                    |    0    |    0    |    0    |    0    |
|          |                    high_fu_554                   |    0    |    0    |    0    |    0    |
|          |                 flag_prob_fu_558                 |    0    |    0    |    0    |    0    |
|          |                    oi_2_fu_644                   |    0    |    0    |    0    |    0    |
|extractvalue|                    nb_3_fu_648                   |    0    |    0    |    0    |    0    |
|          |                    ob_4_fu_652                   |    0    |    0    |    0    |    0    |
|          |                 pending_3_fu_656                 |    0    |    0    |    0    |    0    |
|          |                   low_2_fu_660                   |    0    |    0    |    0    |    0    |
|          |                   high_1_fu_664                  |    0    |    0    |    0    |    0    |
|          |              tree_addr_1_ret_fu_668              |    0    |    0    |    0    |    0    |
|          |                    nb_2_fu_702                   |    0    |    0    |    0    |    0    |
|          |                 pending_1_fu_706                 |    0    |    0    |    0    |    0    |
|          |                   low_1_fu_710                   |    0    |    0    |    0    |    0    |
|----------|--------------------------------------------------|---------|---------|---------|---------|
|          |                zext_ln21_1_fu_524                |    0    |    0    |    0    |    0    |
|          |                 zext_ln21_fu_538                 |    0    |    0    |    0    |    0    |
|          |                 zext_ln23_fu_600                 |    0    |    0    |    0    |    0    |
|   zext   |                 zext_ln26_fu_613                 |    0    |    0    |    0    |    0    |
|          |                zext_ln34_1_fu_765                |    0    |    0    |    0    |    0    |
|          |                zext_ln34_3_fu_823                |    0    |    0    |    0    |    0    |
|          |                 zext_ln34_fu_828                 |    0    |    0    |    0    |    0    |
|----------|--------------------------------------------------|---------|---------|---------|---------|
| bitselect|                   tmp_1_fu_592                   |    0    |    0    |    0    |    0    |
|----------|--------------------------------------------------|---------|---------|---------|---------|
|          |                    bit_fu_609                    |    0    |    0    |    0    |    0    |
|   trunc  |                 trunc_ln27_fu_618                |    0    |    0    |    0    |    0    |
|          |                 trunc_ln34_fu_736                |    0    |    0    |    0    |    0    |
|          |                sub_ln34cast_fu_805               |    0    |    0    |    0    |    0    |
|----------|--------------------------------------------------|---------|---------|---------|---------|
|          |                   ctx_1_fu_622                   |    0    |    0    |    0    |    0    |
|bitconcatenate|                    ob_2_fu_746                   |    0    |    0    |    0    |    0    |
|          |                    ob_3_fu_758                   |    0    |    0    |    0    |    0    |
|----------|--------------------------------------------------|---------|---------|---------|---------|
|partselect|                    tmp_fu_720                    |    0    |    0    |    0    |    0    |
|----------|--------------------------------------------------|---------|---------|---------|---------|
|   Total  |                                                  |    6    |  6.832  |   2131  |   3153  |
|----------|--------------------------------------------------|---------|---------|---------|---------|

Memories:
+----+--------+--------+--------+--------+
|    |  BRAM  |   FF   |   LUT  |  URAM  |
+----+--------+--------+--------+--------+
|tree|    1   |    0   |    0   |    0   |
+----+--------+--------+--------+--------+
|Total|    1   |    0   |    0   |    0   |
+----+--------+--------+--------+--------+

* Register list:
+-----------------------+--------+
|                       |   FF   |
+-----------------------+--------+
|    add_ln21_reg_942   |   31   |
|       b_reg_957       |    8   |
|      bit_reg_965      |    1   |
|     ctx_1_reg_975     |    8   |
|      ctx_reg_203      |    8   |
|    empty_44_reg_266   |   32   |
|     empty_reg_257     |    8   |
|  flag_prob_0_reg_839  |   32   |
|   flag_prob_reg_952   |   32   |
|     high_0_reg_878    |   32   |
|   icmp_ln21_reg_938   |    1   |
|   icmp_ln32_reg_1010  |    1   |
|   icmp_ln34_reg_1033  |    1   |
|    in_addr_reg_947    |   10   |
|      j_1_reg_980      |    4   |
|       j_reg_192       |    4   |
|       k_reg_832       |   31   |
|     low_0_reg_870     |   32   |
|     n_read_reg_930    |   32   |
|     nb_6_0_reg_854    |   32   |
|   nb_6_2_loc_reg_918  |   32   |
|   nb_6_2_ph_reg_295   |   32   |
|   nb_6_4_loc_reg_900  |   32   |
|   nb_6_4_ph_reg_224   |   32   |
|      nb_reg_1020      |   32   |
|     ob_2_reg_1027     |    8   |
|     ob_3_reg_1037     |    8   |
|     ob_8_0_reg_846    |   32   |
|   ob_8_2_loc_reg_912  |    8   |
|   ob_8_2_ph_reg_307   |    8   |
|   ob_8_4_loc_reg_894  |    8   |
|   ob_8_4_ph_reg_236   |    8   |
|      oi_0_reg_862     |   32   |
|      oi_1_reg_995     |   32   |
|   oi_251_loc_reg_924  |   32   |
|   oi_251_ph_reg_285   |   32   |
|     oi_3_reg_1051     |   32   |
|   oi_453_loc_reg_906  |   32   |
|   oi_453_ph_reg_214   |   32   |
|     oi_4_reg_1043     |   32   |
|      oi_6_reg_248     |   32   |
|      oi_7_reg_275     |   32   |
|   pending_0_reg_886   |   32   |
|   pending_2_reg_1004  |   32   |
|        reg_438        |   32   |
|        reg_443        |   32   |
|        reg_449        |   32   |
|        reg_455        |   32   |
|        reg_461        |   32   |
|        reg_468        |   32   |
|        reg_475        |   32   |
|tree_addr_1_ret_reg_990|   32   |
|   tree_addr_reg_970   |    8   |
|   tree_load_reg_985   |   32   |
|  trunc_ln34_reg_1014  |    7   |
+-----------------------+--------+
|         Total         |  1267  |
+-----------------------+--------+

* Multiplexer (MUX) list: 
|-------------------------|------|------|------|--------||---------||---------||---------|
|           Comp          |  Pin | Size |  BW  | S x BW ||  Delay  ||    FF   ||   LUT   |
|-------------------------|------|------|------|--------||---------||---------||---------|
|    grp_access_fu_145    |  p0  |   2  |  10  |   20   ||    0    ||    9    |
|    grp_access_fu_157    |  p0  |   2  |   8  |   16   ||    0    ||    9    |
|    grp_access_fu_170    |  p0  |   3  |  10  |   30   ||    0    ||    14   |
|    grp_access_fu_170    |  p1  |   3  |   8  |   24   ||    0    ||    14   |
|    nb_6_4_ph_reg_224    |  p0  |   2  |  32  |   64   ||    0    ||    9    |
|    ob_8_4_ph_reg_236    |  p0  |   2  |   8  |   16   ||    0    ||    9    |
|    nb_6_2_ph_reg_295    |  p0  |   2  |  32  |   64   ||    0    ||    9    |
|    ob_8_2_ph_reg_307    |  p0  |   2  |   8  |   16   ||    0    ||    9    |
|  grp_encode_bit_fu_325  |  p1  |   2  |  32  |   64   ||    0    ||    9    |
|  grp_encode_bit_fu_325  |  p2  |   2  |  32  |   64   ||    0    ||    9    |
|  grp_encode_bit_fu_325  |  p3  |   2  |  32  |   64   ||    0    ||    9    |
|  grp_encode_bit_fu_325  |  p4  |   2  |  32  |   64   ||    0    ||    9    |
|  grp_encode_bit_fu_325  |  p5  |   2  |  32  |   64   ||    0    ||    9    |
|  grp_encode_bit_fu_325  |  p6  |   2  |  32  |   64   ||    0    ||    9    |
|  grp_encode_bit_fu_325  |  p7  |   2  |  32  |   64   ||    0    ||    9    |
|  grp_encode_bit_fu_325  |  p9  |   2  |  32  |   64   ||    0    ||    9    |
|  grp_encode_bit_fu_325  |  p10 |   2  |  32  |   64   ||    0    ||    9    |
|  grp_encode_bit_fu_325  |  p11 |   2  |   1  |    2   |
| grp_encode_bit_1_fu_343 |  p1  |   2  |  32  |   64   ||    0    ||    9    |
| grp_encode_bit_1_fu_343 |  p2  |   2  |  32  |   64   ||    0    ||    9    |
| grp_encode_bit_1_fu_343 |  p3  |   2  |  32  |   64   ||    0    ||    9    |
| grp_encode_bit_1_fu_343 |  p4  |   2  |  32  |   64   ||    0    ||    9    |
| grp_encode_bit_1_fu_343 |  p5  |   2  |  32  |   64   ||    0    ||    9    |
| grp_encode_bit_1_fu_343 |  p7  |   2  |  32  |   64   ||    0    ||    9    |
|-------------------------|------|------|------|--------||---------||---------||---------|
|          Total          |      |      |      |  1212  ||  10.346 ||    0    ||   217   |
|-------------------------|------|------|------|--------||---------||---------||---------|



* Summary:
+-----------+--------+--------+--------+--------+--------+--------+
|           |  BRAM  |   DSP  |  Delay |   FF   |   LUT  |  URAM  |
+-----------+--------+--------+--------+--------+--------+--------+
|  Function |    -   |    6   |    6   |  2131  |  3153  |    -   |
|   Memory  |    1   |    -   |    -   |    0   |    0   |    0   |
|Multiplexer|    -   |    -   |   10   |    0   |   217  |    -   |
|  Register |    -   |    -   |    -   |  1267  |    -   |    -   |
+-----------+--------+--------+--------+--------+--------+--------+
|   Total   |    1   |    6   |   17   |  3398  |  3370  |    0   |
+-----------+--------+--------+--------+--------+--------+--------+
