

================================================================
== Vitis HLS Report for 'encode_bit_1'
================================================================
* Date:           Sat Aug  1 19:34:09 2026

* Version:        2025.2.1 (Build 6397637 on Mar 18 2026)
* Project:        work_k8_report
* Solution:       hls (Vitis Kernel Flow Target)
* Product family: zynquplus
* Target device:  xck26-sfvc784-2LV-c


================================================================
== Performance Estimates
================================================================
+ Timing: 
    * Summary: 
    +--------+---------+----------+------------+
    |  Clock |  Target | Estimated| Uncertainty|
    +--------+---------+----------+------------+
    |ap_clk  |  5.00 ns|  3.420 ns|     1.35 ns|
    +--------+---------+----------+------------+

+ Latency: 
    * Summary: 
    +---------+---------+----------+----------+-----+-----+---------+
    |  Latency (cycles) |  Latency (absolute) |  Interval | Pipeline|
    |   min   |   max   |    min   |    max   | min | max |   Type  |
    +---------+---------+----------+----------+-----+-----+---------+
    |        ?|        ?|         ?|         ?|    ?|    ?|       no|
    +---------+---------+----------+----------+-----+-----+---------+

    + Detail: 
        * Instance: 
        +--------------------------------------------------+---------------------------------------+---------+---------+----------+----------+-----+-----+-------------------+
        |                                                  |                                       |  Latency (cycles) |  Latency (absolute) |  Interval |      Pipeline     |
        |                     Instance                     |                 Module                |   min   |   max   |    min   |    max   | min | max |        Type       |
        +--------------------------------------------------+---------------------------------------+---------+---------+----------+----------+-----+-----+-------------------+
        |grp_encode_bit_1_Pipeline_VITIS_LOOP_53_2_fu_281  |encode_bit_1_Pipeline_VITIS_LOOP_53_2  |        ?|        ?|         ?|         ?|    0|    0|  loop pipeline stp|
        |grp_encode_bit_1_Pipeline_VITIS_LOOP_50_1_fu_297  |encode_bit_1_Pipeline_VITIS_LOOP_50_1  |        ?|        ?|         ?|         ?|    0|    0|  loop pipeline stp|
        +--------------------------------------------------+---------------------------------------+---------+---------+----------+----------+-----+-----+-------------------+

        * Loop: 
        +----------+---------+---------+----------+-----------+-----------+--------+----------+
        |          |  Latency (cycles) | Iteration|  Initiation Interval  |  Trip  |          |
        | Loop Name|   min   |   max   |  Latency |  achieved |   target  |  Count | Pipelined|
        +----------+---------+---------+----------+-----------+-----------+--------+----------+
        |- Renorm  |        ?|        ?|         ?|          -|          -|  0 ~ 32|        no|
        +----------+---------+---------+----------+-----------+-----------+--------+----------+

============================================================
+ Verbose Summary: Synthesis Manager
============================================================
InlineROM: 1
ExposeGlobal: 0
============================================================
+ Verbose Summary: CDFG Model
============================================================
IsTopModel: 0
ResetActiveHigh: 1
IsCombinational: 0
IsDatapathOnly: 0
HasWiredReturn: 1
HasMFsm: 0
HasVarLatency: 1
IsPipeline: 0
IsRtlPipelined: 0
IsInstanceOverlapped: 0
IsDontTouch: 0
HasImplIP: 0
IsGatedGlobalClock: 0


============================================================
+ Verbose Summary: Schedule
============================================================
* Number of FSM states : 7
* Pipeline : 0
* Dataflow Pipeline: 0

* FSM state transitions: 
1 --> 2 
2 --> 3 
3 --> 4 
4 --> 5 6 7 
5 --> 6 
6 --> 4 
7 --> 6 

* FSM state operations: 

State 1 <SV = 0> <Delay = 0.73>
ST_1 : Operation 8 [1/1] (0.00ns)   --->   "%r = alloca i32 1" [./arith3.h:47]   --->   Operation 8 'alloca' 'r' <Predicate = true> <Delay = 0.00>
ST_1 : Operation 9 [1/1] (0.00ns)   --->   "%pending_0 = alloca i32 1"   --->   Operation 9 'alloca' 'pending_0' <Predicate = true> <Delay = 0.00>
ST_1 : Operation 10 [1/1] (0.00ns)   --->   "%phi_ln64_1 = alloca i32 1" [./arith3.h:38]   --->   Operation 10 'alloca' 'phi_ln64_1' <Predicate = true> <Delay = 0.00>
ST_1 : Operation 11 [1/1] (0.00ns)   --->   "%phi_ln64 = alloca i32 1" [./arith3.h:38]   --->   Operation 11 'alloca' 'phi_ln64' <Predicate = true> <Delay = 0.00>
ST_1 : Operation 12 [1/1] (0.00ns)   --->   "%oi_0 = alloca i32 1"   --->   Operation 12 'alloca' 'oi_0' <Predicate = true> <Delay = 0.00>
ST_1 : Operation 13 [1/1] (0.00ns)   --->   "%ob_0 = alloca i32 1"   --->   Operation 13 'alloca' 'ob_0' <Predicate = true> <Delay = 0.00>
ST_1 : Operation 14 [1/1] (0.00ns)   --->   "%nb_0 = alloca i32 1"   --->   Operation 14 'alloca' 'nb_0' <Predicate = true> <Delay = 0.00>
ST_1 : Operation 15 [1/1] (0.00ns)   --->   "%oi_read_1 = read i32 @_ssdm_op_Read.ap_auto.i32, i32 %oi_read"   --->   Operation 15 'read' 'oi_read_1' <Predicate = true> <Delay = 0.00>
ST_1 : Operation 16 [1/1] (0.00ns)   --->   "%nb_read_1 = read i32 @_ssdm_op_Read.ap_auto.i32, i32 %nb_read"   --->   Operation 16 'read' 'nb_read_1' <Predicate = true> <Delay = 0.00>
ST_1 : Operation 17 [1/1] (0.00ns)   --->   "%ob_read_1 = read i32 @_ssdm_op_Read.ap_auto.i32, i32 %ob_read"   --->   Operation 17 'read' 'ob_read_1' <Predicate = true> <Delay = 0.00>
ST_1 : Operation 18 [1/1] (0.00ns)   --->   "%pending_read_1 = read i32 @_ssdm_op_Read.ap_auto.i32, i32 %pending_read"   --->   Operation 18 'read' 'pending_read_1' <Predicate = true> <Delay = 0.00>
ST_1 : Operation 19 [1/1] (0.00ns)   --->   "%high_read_1 = read i32 @_ssdm_op_Read.ap_auto.i32, i32 %high_read"   --->   Operation 19 'read' 'high_read_1' <Predicate = true> <Delay = 0.00>
ST_1 : Operation 20 [1/1] (0.00ns)   --->   "%low_read_1 = read i32 @_ssdm_op_Read.ap_auto.i32, i32 %low_read"   --->   Operation 20 'read' 'low_read_1' <Predicate = true> <Delay = 0.00>
ST_1 : Operation 21 [1/1] (0.00ns) (grouped into TernaryAdder)   --->   "%add_ln41 = add i32 %high_read_1, i32 1" [./arith3.h:41]   --->   Operation 21 'add' 'add_ln41' <Predicate = true> <Delay = 0.00> <CoreInst = "TAddSub">   --->   Core 10 'TAddSub' <Latency = 0> <II = 1> <Delay = 0.36> <IPBlock> <Opcode : 'add' 'sub'> <InPorts = 3> <OutPorts = 1> <Sync> <CReg>
ST_1 : Operation 22 [1/1] (0.73ns) (root node of TernaryAdder)   --->   "%range = sub i32 %add_ln41, i32 %low_read_1" [./arith3.h:41]   --->   Operation 22 'sub' 'range' <Predicate = true> <Delay = 0.73> <CoreInst = "TAddSub">   --->   Core 10 'TAddSub' <Latency = 0> <II = 1> <Delay = 0.36> <IPBlock> <Opcode : 'add' 'sub'> <InPorts = 3> <OutPorts = 1> <Sync> <CReg>
ST_1 : Operation 23 [1/1] (0.00ns)   --->   "%store_ln0 = store i32 %nb_read_1, i32 %nb_0"   --->   Operation 23 'store' 'store_ln0' <Predicate = true> <Delay = 0.00>
ST_1 : Operation 24 [1/1] (0.00ns)   --->   "%store_ln0 = store i32 %ob_read_1, i32 %ob_0"   --->   Operation 24 'store' 'store_ln0' <Predicate = true> <Delay = 0.00>
ST_1 : Operation 25 [1/1] (0.00ns)   --->   "%store_ln0 = store i32 %oi_read_1, i32 %oi_0"   --->   Operation 25 'store' 'store_ln0' <Predicate = true> <Delay = 0.00>
ST_1 : Operation 26 [1/1] (0.47ns)   --->   "%store_ln0 = store i32 %pending_read_1, i32 %pending_0"   --->   Operation 26 'store' 'store_ln0' <Predicate = true> <Delay = 0.47>
ST_1 : Operation 27 [1/1] (0.42ns)   --->   "%store_ln47 = store i6 0, i6 %r" [./arith3.h:47]   --->   Operation 27 'store' 'store_ln47' <Predicate = true> <Delay = 0.42>

State 2 <SV = 1> <Delay = 3.42>
ST_2 : Operation 28 [1/1] (0.00ns)   --->   "%prob_read_1 = read i32 @_ssdm_op_Read.ap_auto.i32, i32 %prob_read"   --->   Operation 28 'read' 'prob_read_1' <Predicate = true> <Delay = 0.00>
ST_2 : Operation 29 [1/1] (3.42ns)   --->   "%mul_ln42 = mul i32 %range, i32 %prob_read_1" [./arith3.h:42]   --->   Operation 29 'mul' 'mul_ln42' <Predicate = true> <Delay = 3.42> <CoreInst = "Multiplier">   --->   Core 3 'Multiplier' <Latency = 0> <II = 1> <Delay = 3.42> <FuncUnit> <Opcode : 'mul'> <InPorts = 2> <OutPorts = 1>
ST_2 : Operation 30 [1/1] (0.00ns)   --->   "%split = partselect i20 @_ssdm_op_PartSelect.i20.i32.i32.i32, i32 %mul_ln42, i32 12, i32 31" [./arith3.h:42]   --->   Operation 30 'partselect' 'split' <Predicate = true> <Delay = 0.00>

State 3 <SV = 2> <Delay = 2.90>
ST_3 : Operation 31 [1/1] (0.00ns)   --->   "%bit_read = read i1 @_ssdm_op_Read.ap_auto.i1, i1 %bit_r"   --->   Operation 31 'read' 'bit_read' <Predicate = true> <Delay = 0.00>
ST_3 : Operation 32 [1/1] (0.00ns)   --->   "%zext_ln42 = zext i20 %split" [./arith3.h:42]   --->   Operation 32 'zext' 'zext_ln42' <Predicate = true> <Delay = 0.00>
ST_3 : Operation 33 [1/1] (1.01ns)   --->   "%add_ln43 = add i32 %zext_ln42, i32 %low_read_1" [./arith3.h:43]   --->   Operation 33 'add' 'add_ln43' <Predicate = true> <Delay = 1.01> <CoreInst = "Adder">   --->   Core 1 'Adder' <Latency = 0> <II = 1> <Delay = 1.01> <FuncUnit> <Opcode : 'add' 'sub'> <InPorts = 2> <OutPorts = 1>
ST_3 : Operation 34 [1/1] (1.01ns)   --->   "%add_ln43_1 = add i32 %add_ln43, i32 4294967295" [./arith3.h:43]   --->   Operation 34 'add' 'add_ln43_1' <Predicate = true> <Delay = 1.01> <CoreInst = "Adder">   --->   Core 1 'Adder' <Latency = 0> <II = 1> <Delay = 1.01> <FuncUnit> <Opcode : 'add' 'sub'> <InPorts = 2> <OutPorts = 1>
ST_3 : Operation 35 [1/1] (0.44ns)   --->   "%select_ln43 = select i1 %bit_read, i32 %add_ln43, i32 %low_read_1" [./arith3.h:43]   --->   Operation 35 'select' 'select_ln43' <Predicate = true> <Delay = 0.44> <CoreInst = "Sel">   --->   Core 73 'Sel' <Latency = 0> <II = 1> <Delay = 0.44> <FuncUnit> <Opcode : 'select'> <InPorts = 3> <OutPorts = 1>
ST_3 : Operation 36 [1/1] (0.44ns)   --->   "%select_ln43_1 = select i1 %bit_read, i32 %high_read_1, i32 %add_ln43_1" [./arith3.h:43]   --->   Operation 36 'select' 'select_ln43_1' <Predicate = true> <Delay = 0.44> <CoreInst = "Sel">   --->   Core 73 'Sel' <Latency = 0> <II = 1> <Delay = 0.44> <FuncUnit> <Opcode : 'select'> <InPorts = 3> <OutPorts = 1>
ST_3 : Operation 37 [1/1] (0.42ns)   --->   "%store_ln38 = store i32 %select_ln43, i32 %phi_ln64" [./arith3.h:38]   --->   Operation 37 'store' 'store_ln38' <Predicate = true> <Delay = 0.42>
ST_3 : Operation 38 [1/1] (0.42ns)   --->   "%store_ln38 = store i32 %select_ln43_1, i32 %phi_ln64_1" [./arith3.h:38]   --->   Operation 38 'store' 'store_ln38' <Predicate = true> <Delay = 0.42>
ST_3 : Operation 39 [1/1] (0.00ns)   --->   "%br_ln47 = br void %for.body" [./arith3.h:47]   --->   Operation 39 'br' 'br_ln47' <Predicate = true> <Delay = 0.00>

State 4 <SV = 3> <Delay = 3.26>
ST_4 : Operation 40 [1/1] (0.00ns)   --->   "%r_1 = load i6 %r" [./arith3.h:47]   --->   Operation 40 'load' 'r_1' <Predicate = true> <Delay = 0.00>
ST_4 : Operation 41 [1/1] (0.00ns)   --->   "%oi_0_load = load i32 %oi_0" [./arith3.h:34->./arith3.h:49]   --->   Operation 41 'load' 'oi_0_load' <Predicate = true> <Delay = 0.00>
ST_4 : Operation 42 [1/1] (0.00ns)   --->   "%tmp = bitselect i1 @_ssdm_op_BitSelect.i1.i6.i32, i6 %r_1, i32 5" [./arith3.h:47]   --->   Operation 42 'bitselect' 'tmp' <Predicate = true> <Delay = 0.00>
ST_4 : Operation 43 [1/1] (0.78ns)   --->   "%r_2 = add i6 %r_1, i6 1" [./arith3.h:47]   --->   Operation 43 'add' 'r_2' <Predicate = true> <Delay = 0.78> <CoreInst = "Adder">   --->   Core 1 'Adder' <Latency = 0> <II = 1> <Delay = 0.78> <FuncUnit> <Opcode : 'add' 'sub'> <InPorts = 2> <OutPorts = 1>
ST_4 : Operation 44 [1/1] (0.00ns)   --->   "%br_ln47 = br i1 %tmp, void %for.body.split, void %for.end" [./arith3.h:47]   --->   Operation 44 'br' 'br_ln47' <Predicate = true> <Delay = 0.00>
ST_4 : Operation 45 [1/1] (0.00ns)   --->   "%phi_ln64_1_load = load i32 %phi_ln64_1" [./arith3.h:47]   --->   Operation 45 'load' 'phi_ln64_1_load' <Predicate = (!tmp)> <Delay = 0.00>
ST_4 : Operation 46 [1/1] (0.00ns)   --->   "%phi_ln64_load = load i32 %phi_ln64" [./arith3.h:47]   --->   Operation 46 'load' 'phi_ln64_load' <Predicate = (!tmp)> <Delay = 0.00>
ST_4 : Operation 47 [1/1] (0.00ns)   --->   "%trunc_ln47 = trunc i32 %phi_ln64_1_load" [./arith3.h:47]   --->   Operation 47 'trunc' 'trunc_ln47' <Predicate = (!tmp)> <Delay = 0.00>
ST_4 : Operation 48 [1/1] (0.00ns)   --->   "%trunc_ln47_1 = trunc i32 %phi_ln64_load" [./arith3.h:47]   --->   Operation 48 'trunc' 'trunc_ln47_1' <Predicate = (!tmp)> <Delay = 0.00>
ST_4 : Operation 49 [1/1] (0.00ns)   --->   "%speclooptripcount_ln47 = speclooptripcount void @_ssdm_op_SpecLoopTripCount, i64 0, i64 32, i64 16" [./arith3.h:47]   --->   Operation 49 'speclooptripcount' 'speclooptripcount_ln47' <Predicate = (!tmp)> <Delay = 0.00>
ST_4 : Operation 50 [1/1] (0.00ns)   --->   "%specloopname_ln47 = specloopname void @_ssdm_op_SpecLoopName, void @empty_20" [./arith3.h:47]   --->   Operation 50 'specloopname' 'specloopname_ln47' <Predicate = (!tmp)> <Delay = 0.00>
ST_4 : Operation 51 [1/1] (0.00ns)   --->   "%tmp_2 = partselect i17 @_ssdm_op_PartSelect.i17.i32.i32.i32, i32 %phi_ln64_1_load, i32 15, i32 31" [./arith3.h:48]   --->   Operation 51 'partselect' 'tmp_2' <Predicate = (!tmp)> <Delay = 0.00>
ST_4 : Operation 52 [1/1] (0.86ns)   --->   "%icmp_ln48 = icmp_eq  i17 %tmp_2, i17 0" [./arith3.h:48]   --->   Operation 52 'icmp' 'icmp_ln48' <Predicate = (!tmp)> <Delay = 0.86> <CoreInst = "Cmp">   --->   Core 9 'Cmp' <Latency = 0> <II = 1> <Delay = 0.86> <FuncUnit> <Opcode : 'seteq' 'setne' 'setle' 'setge' 'setlt' 'setgt'> <InPorts = 2> <OutPorts = 1>
ST_4 : Operation 53 [1/1] (0.00ns)   --->   "%br_ln48 = br i1 %icmp_ln48, void %if.else8, void %VITIS_LOOP_50_1" [./arith3.h:48]   --->   Operation 53 'br' 'br_ln48' <Predicate = (!tmp)> <Delay = 0.00>
ST_4 : Operation 54 [1/1] (0.00ns)   --->   "%tmp_3 = partselect i17 @_ssdm_op_PartSelect.i17.i32.i32.i32, i32 %phi_ln64_load, i32 15, i32 31" [./arith3.h:51]   --->   Operation 54 'partselect' 'tmp_3' <Predicate = (!tmp & !icmp_ln48)> <Delay = 0.00>
ST_4 : Operation 55 [1/1] (0.86ns)   --->   "%icmp_ln51 = icmp_eq  i17 %tmp_3, i17 0" [./arith3.h:51]   --->   Operation 55 'icmp' 'icmp_ln51' <Predicate = (!tmp & !icmp_ln48)> <Delay = 0.86> <CoreInst = "Cmp">   --->   Core 9 'Cmp' <Latency = 0> <II = 1> <Delay = 0.86> <FuncUnit> <Opcode : 'seteq' 'setne' 'setle' 'setge' 'setlt' 'setgt'> <InPorts = 2> <OutPorts = 1>
ST_4 : Operation 56 [1/1] (0.00ns)   --->   "%br_ln51 = br i1 %icmp_ln51, void %VITIS_LOOP_53_2, void %if.else18" [./arith3.h:51]   --->   Operation 56 'br' 'br_ln51' <Predicate = (!tmp & !icmp_ln48)> <Delay = 0.00>
ST_4 : Operation 57 [1/1] (0.00ns)   --->   "%ob_0_load = load i32 %ob_0" [./arith3.h:33->./arith3.h:52]   --->   Operation 57 'load' 'ob_0_load' <Predicate = (!tmp & !icmp_ln48 & !icmp_ln51)> <Delay = 0.00>
ST_4 : Operation 58 [1/1] (0.00ns)   --->   "%nb_0_load_1 = load i32 %nb_0" [./arith3.h:33->./arith3.h:52]   --->   Operation 58 'load' 'nb_0_load_1' <Predicate = (!tmp & !icmp_ln48 & !icmp_ln51)> <Delay = 0.00>
ST_4 : Operation 59 [1/1] (0.00ns)   --->   "%trunc_ln33_3 = trunc i32 %ob_0_load" [./arith3.h:33->./arith3.h:52]   --->   Operation 59 'trunc' 'trunc_ln33_3' <Predicate = (!tmp & !icmp_ln48 & !icmp_ln51)> <Delay = 0.00>
ST_4 : Operation 60 [1/1] (0.00ns)   --->   "%trunc_ln33_4 = trunc i32 %ob_0_load" [./arith3.h:33->./arith3.h:52]   --->   Operation 60 'trunc' 'trunc_ln33_4' <Predicate = (!tmp & !icmp_ln48 & !icmp_ln51)> <Delay = 0.00>
ST_4 : Operation 61 [1/1] (0.00ns)   --->   "%or_ln = bitconcatenate i32 @_ssdm_op_BitConcatenate.i32.i31.i1, i31 %trunc_ln33_3, i1 1" [./arith3.h:33->./arith3.h:52]   --->   Operation 61 'bitconcatenate' 'or_ln' <Predicate = (!tmp & !icmp_ln48 & !icmp_ln51)> <Delay = 0.00>
ST_4 : Operation 62 [1/1] (1.01ns)   --->   "%add_ln33_1 = add i32 %nb_0_load_1, i32 1" [./arith3.h:33->./arith3.h:52]   --->   Operation 62 'add' 'add_ln33_1' <Predicate = (!tmp & !icmp_ln48 & !icmp_ln51)> <Delay = 1.01> <CoreInst = "Adder">   --->   Core 1 'Adder' <Latency = 0> <II = 1> <Delay = 1.01> <FuncUnit> <Opcode : 'add' 'sub'> <InPorts = 2> <OutPorts = 1>
ST_4 : Operation 63 [1/1] (1.01ns)   --->   "%icmp_ln34_2 = icmp_eq  i32 %add_ln33_1, i32 8" [./arith3.h:34->./arith3.h:52]   --->   Operation 63 'icmp' 'icmp_ln34_2' <Predicate = (!tmp & !icmp_ln48 & !icmp_ln51)> <Delay = 1.01> <CoreInst = "Cmp">   --->   Core 9 'Cmp' <Latency = 0> <II = 1> <Delay = 1.01> <FuncUnit> <Opcode : 'seteq' 'setne' 'setle' 'setge' 'setlt' 'setgt'> <InPorts = 2> <OutPorts = 1>
ST_4 : Operation 64 [1/1] (0.42ns)   --->   "%br_ln34 = br i1 %icmp_ln34_2, void %while.cond11.preheader, void %if.then.i18" [./arith3.h:34->./arith3.h:52]   --->   Operation 64 'br' 'br_ln34' <Predicate = (!tmp & !icmp_ln48 & !icmp_ln51)> <Delay = 0.42>
ST_4 : Operation 65 [1/1] (0.00ns)   --->   "%or_ln1 = bitconcatenate i8 @_ssdm_op_BitConcatenate.i8.i7.i1, i7 %trunc_ln33_4, i1 1" [./arith3.h:34->./arith3.h:52]   --->   Operation 65 'bitconcatenate' 'or_ln1' <Predicate = (!tmp & !icmp_ln48 & !icmp_ln51 & icmp_ln34_2)> <Delay = 0.00>
ST_4 : Operation 66 [1/1] (1.01ns)   --->   "%add_ln34_1 = add i32 %oi_0_load, i32 1" [./arith3.h:34->./arith3.h:52]   --->   Operation 66 'add' 'add_ln34_1' <Predicate = (!tmp & !icmp_ln48 & !icmp_ln51 & icmp_ln34_2)> <Delay = 1.01> <CoreInst = "Adder">   --->   Core 1 'Adder' <Latency = 0> <II = 1> <Delay = 1.01> <FuncUnit> <Opcode : 'add' 'sub'> <InPorts = 2> <OutPorts = 1>
ST_4 : Operation 67 [1/1] (0.00ns)   --->   "%zext_ln34_4 = zext i32 %oi_0_load" [./arith3.h:34->./arith3.h:52]   --->   Operation 67 'zext' 'zext_ln34_4' <Predicate = (!tmp & !icmp_ln48 & !icmp_ln51 & icmp_ln34_2)> <Delay = 0.00>
ST_4 : Operation 68 [1/1] (0.00ns)   --->   "%out_addr_3 = getelementptr i8 %out_r, i64 0, i64 %zext_ln34_4" [./arith3.h:34->./arith3.h:52]   --->   Operation 68 'getelementptr' 'out_addr_3' <Predicate = (!tmp & !icmp_ln48 & !icmp_ln51 & icmp_ln34_2)> <Delay = 0.00>
ST_4 : Operation 69 [1/1] ( I:1.23ns O:1.23ns )   --->   "%store_ln34 = store i8 %or_ln1, i10 %out_addr_3" [./arith3.h:34->./arith3.h:52]   --->   Operation 69 'store' 'store_ln34' <Predicate = (!tmp & !icmp_ln48 & !icmp_ln51 & icmp_ln34_2)> <Delay = 1.23> <CoreInst = "RAM">   --->   Core 82 'RAM' <Latency = 1> <II = 1> <Delay = 1.23> <Storage> <Opcode : 'load' 'store'> <Ports = 2> <Width = 8> <Depth = 576> <RAM>
ST_4 : Operation 70 [1/1] (0.42ns)   --->   "%br_ln34 = br void %while.cond11.preheader" [./arith3.h:34->./arith3.h:52]   --->   Operation 70 'br' 'br_ln34' <Predicate = (!tmp & !icmp_ln48 & !icmp_ln51 & icmp_ln34_2)> <Delay = 0.42>
ST_4 : Operation 71 [1/1] (0.00ns)   --->   "%phi_ln64_1_load_1 = load i32 %phi_ln64_1" [./arith3.h:55]   --->   Operation 71 'load' 'phi_ln64_1_load_1' <Predicate = (!tmp & !icmp_ln48 & icmp_ln51)> <Delay = 0.00>
ST_4 : Operation 72 [1/1] (0.00ns)   --->   "%tmp_4 = partselect i18 @_ssdm_op_PartSelect.i18.i32.i32.i32, i32 %phi_ln64_load, i32 14, i32 31" [./arith3.h:55]   --->   Operation 72 'partselect' 'tmp_4' <Predicate = (!tmp & !icmp_ln48 & icmp_ln51)> <Delay = 0.00>
ST_4 : Operation 73 [1/1] (0.87ns)   --->   "%icmp_ln55 = icmp_ne  i18 %tmp_4, i18 0" [./arith3.h:55]   --->   Operation 73 'icmp' 'icmp_ln55' <Predicate = (!tmp & !icmp_ln48 & icmp_ln51)> <Delay = 0.87> <CoreInst = "Cmp">   --->   Core 9 'Cmp' <Latency = 0> <II = 1> <Delay = 0.87> <FuncUnit> <Opcode : 'seteq' 'setne' 'setle' 'setge' 'setlt' 'setgt'> <InPorts = 2> <OutPorts = 1>
ST_4 : Operation 74 [1/1] (1.01ns)   --->   "%icmp_ln55_1 = icmp_ult  i32 %phi_ln64_1_load_1, i32 49152" [./arith3.h:55]   --->   Operation 74 'icmp' 'icmp_ln55_1' <Predicate = (!tmp & !icmp_ln48 & icmp_ln51)> <Delay = 1.01> <CoreInst = "Cmp">   --->   Core 9 'Cmp' <Latency = 0> <II = 1> <Delay = 1.01> <FuncUnit> <Opcode : 'seteq' 'setne' 'setle' 'setge' 'setlt' 'setgt'> <InPorts = 2> <OutPorts = 1>
ST_4 : Operation 75 [1/1] (0.28ns)   --->   "%and_ln55 = and i1 %icmp_ln55, i1 %icmp_ln55_1" [./arith3.h:55]   --->   Operation 75 'and' 'and_ln55' <Predicate = (!tmp & !icmp_ln48 & icmp_ln51)> <Delay = 0.28> <CoreInst = "LogicGate">   --->   Core 74 'LogicGate' <Latency = 0> <II = 1> <Delay = 0.28> <FuncUnit> <Opcode : 'and' 'or' 'xor'> <InPorts = 2> <OutPorts = 1>
ST_4 : Operation 76 [1/1] (0.00ns)   --->   "%br_ln55 = br i1 %and_ln55, void %for.end, void %if.end25" [./arith3.h:55]   --->   Operation 76 'br' 'br_ln55' <Predicate = (!tmp & !icmp_ln48 & icmp_ln51)> <Delay = 0.00>
ST_4 : Operation 77 [1/1] (0.00ns)   --->   "%pending_0_load = load i32 %pending_0" [./arith3.h:56]   --->   Operation 77 'load' 'pending_0_load' <Predicate = (!tmp & !icmp_ln48 & icmp_ln51 & and_ln55)> <Delay = 0.00>
ST_4 : Operation 78 [1/1] (1.01ns)   --->   "%add_ln56 = add i32 %pending_0_load, i32 1" [./arith3.h:56]   --->   Operation 78 'add' 'add_ln56' <Predicate = (!tmp & !icmp_ln48 & icmp_ln51 & and_ln55)> <Delay = 1.01> <CoreInst = "Adder">   --->   Core 1 'Adder' <Latency = 0> <II = 1> <Delay = 1.01> <FuncUnit> <Opcode : 'add' 'sub'> <InPorts = 2> <OutPorts = 1>
ST_4 : Operation 79 [1/1] (0.00ns)   --->   "%bit_sel2 = bitselect i1 @_ssdm_op_BitSelect.i1.i32.i32, i32 %phi_ln64_load, i32 14" [./arith3.h:56]   --->   Operation 79 'bitselect' 'bit_sel2' <Predicate = (!tmp & !icmp_ln48 & icmp_ln51 & and_ln55)> <Delay = 0.00>
ST_4 : Operation 80 [1/1] (0.28ns)   --->   "%xor_ln56_2 = xor i1 %bit_sel2, i1 1" [./arith3.h:56]   --->   Operation 80 'xor' 'xor_ln56_2' <Predicate = (!tmp & !icmp_ln48 & icmp_ln51 & and_ln55)> <Delay = 0.28> <CoreInst = "LogicGate">   --->   Core 74 'LogicGate' <Latency = 0> <II = 1> <Delay = 0.28> <FuncUnit> <Opcode : 'and' 'or' 'xor'> <InPorts = 2> <OutPorts = 1>
ST_4 : Operation 81 [1/1] (0.00ns)   --->   "%trunc_ln56 = trunc i32 %phi_ln64_load" [./arith3.h:56]   --->   Operation 81 'trunc' 'trunc_ln56' <Predicate = (!tmp & !icmp_ln48 & icmp_ln51 & and_ln55)> <Delay = 0.00>
ST_4 : Operation 82 [1/1] (0.00ns)   --->   "%xor_ln = bitconcatenate i15 @_ssdm_op_BitConcatenate.i15.i1.i14, i1 %xor_ln56_2, i14 %trunc_ln56" [./arith3.h:56]   --->   Operation 82 'bitconcatenate' 'xor_ln' <Predicate = (!tmp & !icmp_ln48 & icmp_ln51 & and_ln55)> <Delay = 0.00>
ST_4 : Operation 83 [1/1] (0.00ns)   --->   "%bit_sel = bitselect i1 @_ssdm_op_BitSelect.i1.i32.i32, i32 %phi_ln64_1_load_1, i32 14" [./arith3.h:56]   --->   Operation 83 'bitselect' 'bit_sel' <Predicate = (!tmp & !icmp_ln48 & icmp_ln51 & and_ln55)> <Delay = 0.00>
ST_4 : Operation 84 [1/1] (0.28ns)   --->   "%xor_ln56 = xor i1 %bit_sel, i1 1" [./arith3.h:56]   --->   Operation 84 'xor' 'xor_ln56' <Predicate = (!tmp & !icmp_ln48 & icmp_ln51 & and_ln55)> <Delay = 0.28> <CoreInst = "LogicGate">   --->   Core 74 'LogicGate' <Latency = 0> <II = 1> <Delay = 0.28> <FuncUnit> <Opcode : 'and' 'or' 'xor'> <InPorts = 2> <OutPorts = 1>
ST_4 : Operation 85 [1/1] (0.00ns)   --->   "%trunc_ln56_1 = trunc i32 %phi_ln64_1_load_1" [./arith3.h:56]   --->   Operation 85 'trunc' 'trunc_ln56_1' <Predicate = (!tmp & !icmp_ln48 & icmp_ln51 & and_ln55)> <Delay = 0.00>
ST_4 : Operation 86 [1/1] (0.00ns)   --->   "%xor_ln56_1 = bitconcatenate i15 @_ssdm_op_BitConcatenate.i15.i1.i14, i1 %xor_ln56, i14 %trunc_ln56_1" [./arith3.h:56]   --->   Operation 86 'bitconcatenate' 'xor_ln56_1' <Predicate = (!tmp & !icmp_ln48 & icmp_ln51 & and_ln55)> <Delay = 0.00>
ST_4 : Operation 87 [1/1] (0.47ns)   --->   "%store_ln56 = store i32 %add_ln56, i32 %pending_0" [./arith3.h:56]   --->   Operation 87 'store' 'store_ln56' <Predicate = (!tmp & !icmp_ln48 & icmp_ln51 & and_ln55)> <Delay = 0.47>
ST_4 : Operation 88 [1/1] (0.42ns)   --->   "%br_ln0 = br void %for.inc"   --->   Operation 88 'br' 'br_ln0' <Predicate = (!tmp & !icmp_ln48 & icmp_ln51 & and_ln55)> <Delay = 0.42>
ST_4 : Operation 89 [1/1] (0.00ns)   --->   "%ob_0_load_1 = load i32 %ob_0" [./arith3.h:33->./arith3.h:49]   --->   Operation 89 'load' 'ob_0_load_1' <Predicate = (!tmp & icmp_ln48)> <Delay = 0.00>
ST_4 : Operation 90 [1/1] (0.00ns)   --->   "%nb_0_load = load i32 %nb_0" [./arith3.h:33->./arith3.h:49]   --->   Operation 90 'load' 'nb_0_load' <Predicate = (!tmp & icmp_ln48)> <Delay = 0.00>
ST_4 : Operation 91 [1/1] (0.00ns)   --->   "%trunc_ln33 = trunc i32 %ob_0_load_1" [./arith3.h:33->./arith3.h:49]   --->   Operation 91 'trunc' 'trunc_ln33' <Predicate = (!tmp & icmp_ln48)> <Delay = 0.00>
ST_4 : Operation 92 [1/1] (0.00ns)   --->   "%shl_ln33 = shl i32 %ob_0_load_1, i32 1" [./arith3.h:33->./arith3.h:49]   --->   Operation 92 'shl' 'shl_ln33' <Predicate = (!tmp & icmp_ln48)> <Delay = 0.00>
ST_4 : Operation 93 [1/1] (1.01ns)   --->   "%add_ln33 = add i32 %nb_0_load, i32 1" [./arith3.h:33->./arith3.h:49]   --->   Operation 93 'add' 'add_ln33' <Predicate = (!tmp & icmp_ln48)> <Delay = 1.01> <CoreInst = "Adder">   --->   Core 1 'Adder' <Latency = 0> <II = 1> <Delay = 1.01> <FuncUnit> <Opcode : 'add' 'sub'> <InPorts = 2> <OutPorts = 1>
ST_4 : Operation 94 [1/1] (1.01ns)   --->   "%icmp_ln34 = icmp_eq  i32 %add_ln33, i32 8" [./arith3.h:34->./arith3.h:49]   --->   Operation 94 'icmp' 'icmp_ln34' <Predicate = (!tmp & icmp_ln48)> <Delay = 1.01> <CoreInst = "Cmp">   --->   Core 9 'Cmp' <Latency = 0> <II = 1> <Delay = 1.01> <FuncUnit> <Opcode : 'seteq' 'setne' 'setle' 'setge' 'setlt' 'setgt'> <InPorts = 2> <OutPorts = 1>
ST_4 : Operation 95 [1/1] (0.42ns)   --->   "%br_ln34 = br i1 %icmp_ln34, void %while.cond.preheader, void %if.then.i" [./arith3.h:34->./arith3.h:49]   --->   Operation 95 'br' 'br_ln34' <Predicate = (!tmp & icmp_ln48)> <Delay = 0.42>
ST_4 : Operation 96 [1/1] (0.00ns)   --->   "%trunc_ln1 = bitconcatenate i8 @_ssdm_op_BitConcatenate.i8.i7.i1, i7 %trunc_ln33, i1 0" [./arith3.h:34->./arith3.h:49]   --->   Operation 96 'bitconcatenate' 'trunc_ln1' <Predicate = (!tmp & icmp_ln48 & icmp_ln34)> <Delay = 0.00>
ST_4 : Operation 97 [1/1] (1.01ns)   --->   "%add_ln34 = add i32 %oi_0_load, i32 1" [./arith3.h:34->./arith3.h:49]   --->   Operation 97 'add' 'add_ln34' <Predicate = (!tmp & icmp_ln48 & icmp_ln34)> <Delay = 1.01> <CoreInst = "Adder">   --->   Core 1 'Adder' <Latency = 0> <II = 1> <Delay = 1.01> <FuncUnit> <Opcode : 'add' 'sub'> <InPorts = 2> <OutPorts = 1>
ST_4 : Operation 98 [1/1] (0.00ns)   --->   "%zext_ln34 = zext i32 %oi_0_load" [./arith3.h:34->./arith3.h:49]   --->   Operation 98 'zext' 'zext_ln34' <Predicate = (!tmp & icmp_ln48 & icmp_ln34)> <Delay = 0.00>
ST_4 : Operation 99 [1/1] (0.00ns)   --->   "%out_addr = getelementptr i8 %out_r, i64 0, i64 %zext_ln34" [./arith3.h:34->./arith3.h:49]   --->   Operation 99 'getelementptr' 'out_addr' <Predicate = (!tmp & icmp_ln48 & icmp_ln34)> <Delay = 0.00>
ST_4 : Operation 100 [1/1] ( I:1.23ns O:1.23ns )   --->   "%store_ln34 = store i8 %trunc_ln1, i10 %out_addr" [./arith3.h:34->./arith3.h:49]   --->   Operation 100 'store' 'store_ln34' <Predicate = (!tmp & icmp_ln48 & icmp_ln34)> <Delay = 1.23> <CoreInst = "RAM">   --->   Core 82 'RAM' <Latency = 1> <II = 1> <Delay = 1.23> <Storage> <Opcode : 'load' 'store'> <Ports = 2> <Width = 8> <Depth = 576> <RAM>
ST_4 : Operation 101 [1/1] (0.42ns)   --->   "%br_ln34 = br void %while.cond.preheader" [./arith3.h:34->./arith3.h:49]   --->   Operation 101 'br' 'br_ln34' <Predicate = (!tmp & icmp_ln48 & icmp_ln34)> <Delay = 0.42>
ST_4 : Operation 102 [1/1] (0.00ns)   --->   "%pending_0_load_4 = load i32 %pending_0" [./arith3.h:64]   --->   Operation 102 'load' 'pending_0_load_4' <Predicate = (!icmp_ln48 & icmp_ln51 & !and_ln55) | (tmp)> <Delay = 0.00>
ST_4 : Operation 103 [1/1] (0.00ns)   --->   "%phi_ln64_1_load_2 = load i32 %phi_ln64_1" [./arith3.h:64]   --->   Operation 103 'load' 'phi_ln64_1_load_2' <Predicate = (!icmp_ln48 & icmp_ln51 & !and_ln55) | (tmp)> <Delay = 0.00>
ST_4 : Operation 104 [1/1] (0.00ns)   --->   "%phi_ln64_load_1 = load i32 %phi_ln64" [./arith3.h:64]   --->   Operation 104 'load' 'phi_ln64_load_1' <Predicate = (!icmp_ln48 & icmp_ln51 & !and_ln55) | (tmp)> <Delay = 0.00>
ST_4 : Operation 105 [1/1] (0.00ns)   --->   "%ob_0_load_2 = load i32 %ob_0" [./arith3.h:64]   --->   Operation 105 'load' 'ob_0_load_2' <Predicate = (!icmp_ln48 & icmp_ln51 & !and_ln55) | (tmp)> <Delay = 0.00>
ST_4 : Operation 106 [1/1] (0.00ns)   --->   "%nb_0_load_2 = load i32 %nb_0" [./arith3.h:64]   --->   Operation 106 'load' 'nb_0_load_2' <Predicate = (!icmp_ln48 & icmp_ln51 & !and_ln55) | (tmp)> <Delay = 0.00>
ST_4 : Operation 107 [1/1] (0.00ns)   --->   "%lshr_ln = partselect i27 @_ssdm_op_PartSelect.i27.i32.i32.i32, i32 %prob_read_1, i32 5, i32 31" [./arith3.h:63]   --->   Operation 107 'partselect' 'lshr_ln' <Predicate = (!icmp_ln48 & icmp_ln51 & !and_ln55 & bit_read) | (tmp & bit_read)> <Delay = 0.00>
ST_4 : Operation 108 [1/1] (0.00ns)   --->   "%zext_ln63 = zext i27 %lshr_ln" [./arith3.h:63]   --->   Operation 108 'zext' 'zext_ln63' <Predicate = (!icmp_ln48 & icmp_ln51 & !and_ln55 & bit_read) | (tmp & bit_read)> <Delay = 0.00>
ST_4 : Operation 109 [1/1] (1.01ns)   --->   "%sub_ln63 = sub i32 %prob_read_1, i32 %zext_ln63" [./arith3.h:63]   --->   Operation 109 'sub' 'sub_ln63' <Predicate = (!icmp_ln48 & icmp_ln51 & !and_ln55 & bit_read) | (tmp & bit_read)> <Delay = 1.01> <CoreInst = "Adder">   --->   Core 1 'Adder' <Latency = 0> <II = 1> <Delay = 1.01> <FuncUnit> <Opcode : 'add' 'sub'> <InPorts = 2> <OutPorts = 1>
ST_4 : Operation 110 [1/1] (1.01ns)   --->   "%sub_ln62 = sub i32 4096, i32 %prob_read_1" [./arith3.h:62]   --->   Operation 110 'sub' 'sub_ln62' <Predicate = (!icmp_ln48 & icmp_ln51 & !and_ln55 & !bit_read) | (tmp & !bit_read)> <Delay = 1.01> <CoreInst = "Adder">   --->   Core 1 'Adder' <Latency = 0> <II = 1> <Delay = 1.01> <FuncUnit> <Opcode : 'add' 'sub'> <InPorts = 2> <OutPorts = 1>
ST_4 : Operation 111 [1/1] (0.00ns)   --->   "%lshr_ln1 = partselect i27 @_ssdm_op_PartSelect.i27.i32.i32.i32, i32 %sub_ln62, i32 5, i32 31" [./arith3.h:62]   --->   Operation 111 'partselect' 'lshr_ln1' <Predicate = (!icmp_ln48 & icmp_ln51 & !and_ln55 & !bit_read) | (tmp & !bit_read)> <Delay = 0.00>
ST_4 : Operation 112 [1/1] (0.00ns)   --->   "%zext_ln62 = zext i27 %lshr_ln1" [./arith3.h:62]   --->   Operation 112 'zext' 'zext_ln62' <Predicate = (!icmp_ln48 & icmp_ln51 & !and_ln55 & !bit_read) | (tmp & !bit_read)> <Delay = 0.00>
ST_4 : Operation 113 [1/1] (1.01ns)   --->   "%add_ln62 = add i32 %zext_ln62, i32 %prob_read_1" [./arith3.h:62]   --->   Operation 113 'add' 'add_ln62' <Predicate = (!icmp_ln48 & icmp_ln51 & !and_ln55 & !bit_read) | (tmp & !bit_read)> <Delay = 1.01> <CoreInst = "Adder">   --->   Core 1 'Adder' <Latency = 0> <II = 1> <Delay = 1.01> <FuncUnit> <Opcode : 'add' 'sub'> <InPorts = 2> <OutPorts = 1>
ST_4 : Operation 114 [1/1] (0.44ns)   --->   "%select_ln62 = select i1 %bit_read, i32 %sub_ln63, i32 %add_ln62" [./arith3.h:62]   --->   Operation 114 'select' 'select_ln62' <Predicate = (!icmp_ln48 & icmp_ln51 & !and_ln55) | (tmp)> <Delay = 0.44> <CoreInst = "Sel">   --->   Core 73 'Sel' <Latency = 0> <II = 1> <Delay = 0.44> <FuncUnit> <Opcode : 'select'> <InPorts = 3> <OutPorts = 1>
ST_4 : Operation 115 [1/1] (0.00ns)   --->   "%mrv_s = insertvalue i224 <undef>, i32 %pending_0_load_4" [./arith3.h:64]   --->   Operation 115 'insertvalue' 'mrv_s' <Predicate = (!icmp_ln48 & icmp_ln51 & !and_ln55) | (tmp)> <Delay = 0.00>
ST_4 : Operation 116 [1/1] (0.00ns)   --->   "%mrv_1 = insertvalue i224 %mrv_s, i32 %ob_0_load_2" [./arith3.h:64]   --->   Operation 116 'insertvalue' 'mrv_1' <Predicate = (!icmp_ln48 & icmp_ln51 & !and_ln55) | (tmp)> <Delay = 0.00>
ST_4 : Operation 117 [1/1] (0.00ns)   --->   "%mrv_2 = insertvalue i224 %mrv_1, i32 %nb_0_load_2" [./arith3.h:64]   --->   Operation 117 'insertvalue' 'mrv_2' <Predicate = (!icmp_ln48 & icmp_ln51 & !and_ln55) | (tmp)> <Delay = 0.00>
ST_4 : Operation 118 [1/1] (0.00ns)   --->   "%mrv_3 = insertvalue i224 %mrv_2, i32 %oi_0_load" [./arith3.h:64]   --->   Operation 118 'insertvalue' 'mrv_3' <Predicate = (!icmp_ln48 & icmp_ln51 & !and_ln55) | (tmp)> <Delay = 0.00>
ST_4 : Operation 119 [1/1] (0.00ns)   --->   "%mrv_4 = insertvalue i224 %mrv_3, i32 %phi_ln64_load_1" [./arith3.h:64]   --->   Operation 119 'insertvalue' 'mrv_4' <Predicate = (!icmp_ln48 & icmp_ln51 & !and_ln55) | (tmp)> <Delay = 0.00>
ST_4 : Operation 120 [1/1] (0.00ns)   --->   "%mrv_5 = insertvalue i224 %mrv_4, i32 %phi_ln64_1_load_2" [./arith3.h:64]   --->   Operation 120 'insertvalue' 'mrv_5' <Predicate = (!icmp_ln48 & icmp_ln51 & !and_ln55) | (tmp)> <Delay = 0.00>
ST_4 : Operation 121 [1/1] (0.00ns)   --->   "%mrv_6 = insertvalue i224 %mrv_5, i32 %select_ln62" [./arith3.h:64]   --->   Operation 121 'insertvalue' 'mrv_6' <Predicate = (!icmp_ln48 & icmp_ln51 & !and_ln55) | (tmp)> <Delay = 0.00>
ST_4 : Operation 122 [1/1] (0.00ns)   --->   "%ret_ln64 = ret i224 %mrv_6" [./arith3.h:64]   --->   Operation 122 'ret' 'ret_ln64' <Predicate = (!icmp_ln48 & icmp_ln51 & !and_ln55) | (tmp)> <Delay = 0.00>

State 5 <SV = 4> <Delay = 1.87>
ST_5 : Operation 123 [1/1] (0.00ns)   --->   "%oi_5_ph = phi i32 %oi_0_load, void %VITIS_LOOP_53_2, i32 %add_ln34_1, void %if.then.i18" [./arith3.h:34->./arith3.h:49]   --->   Operation 123 'phi' 'oi_5_ph' <Predicate = true> <Delay = 0.00>
ST_5 : Operation 124 [1/1] (0.00ns)   --->   "%nb_5_ph = phi i32 %add_ln33_1, void %VITIS_LOOP_53_2, i32 0, void %if.then.i18" [./arith3.h:33->./arith3.h:52]   --->   Operation 124 'phi' 'nb_5_ph' <Predicate = true> <Delay = 0.00>
ST_5 : Operation 125 [1/1] (0.00ns)   --->   "%ob_5_ph = phi i32 %or_ln, void %VITIS_LOOP_53_2, i32 0, void %if.then.i18" [./arith3.h:33->./arith3.h:52]   --->   Operation 125 'phi' 'ob_5_ph' <Predicate = true> <Delay = 0.00>
ST_5 : Operation 126 [1/1] (0.00ns)   --->   "%pending_0_load44 = load i32 %pending_0"   --->   Operation 126 'load' 'pending_0_load44' <Predicate = true> <Delay = 0.00>
ST_5 : Operation 127 [2/2] (1.87ns)   --->   "%call_ln34 = call void @encode_bit.1_Pipeline_VITIS_LOOP_53_2, i32 %oi_5_ph, i32 %nb_5_ph, i32 %ob_5_ph, i32 %pending_0_load44, i8 %out_r, i32 %oi_0, i32 %nb_0, i32 %ob_0" [./arith3.h:34->./arith3.h:49]   --->   Operation 127 'call' 'call_ln34' <Predicate = true> <Delay = 1.87> <CoreType = "Generic">   --->   Generic Core

State 6 <SV = 5> <Delay = 1.87>
ST_6 : Operation 128 [1/2] (1.87ns)   --->   "%call_ln34 = call void @encode_bit.1_Pipeline_VITIS_LOOP_53_2, i32 %oi_5_ph, i32 %nb_5_ph, i32 %ob_5_ph, i32 %pending_0_load44, i8 %out_r, i32 %oi_0, i32 %nb_0, i32 %ob_0" [./arith3.h:34->./arith3.h:49]   --->   Operation 128 'call' 'call_ln34' <Predicate = (!icmp_ln48 & !icmp_ln51)> <Delay = 1.87> <CoreType = "Generic">   --->   Generic Core
ST_6 : Operation 129 [1/1] (0.47ns)   --->   "%store_ln0 = store i32 0, i32 %pending_0"   --->   Operation 129 'store' 'store_ln0' <Predicate = (!icmp_ln48 & !icmp_ln51)> <Delay = 0.47>
ST_6 : Operation 130 [1/1] (0.42ns)   --->   "%br_ln0 = br void %for.inc"   --->   Operation 130 'br' 'br_ln0' <Predicate = (!icmp_ln48 & !icmp_ln51)> <Delay = 0.42>
ST_6 : Operation 131 [1/2] (1.87ns)   --->   "%call_ln34 = call void @encode_bit.1_Pipeline_VITIS_LOOP_50_1, i32 %oi_2_ph, i32 %nb_2_ph, i32 %ob_2_ph, i32 %pending_0_load_3, i8 %out_r, i32 %oi_0, i32 %nb_0, i32 %ob_0" [./arith3.h:34->./arith3.h:49]   --->   Operation 131 'call' 'call_ln34' <Predicate = (icmp_ln48)> <Delay = 1.87> <CoreType = "Generic">   --->   Generic Core
ST_6 : Operation 132 [1/1] (0.47ns)   --->   "%store_ln0 = store i32 0, i32 %pending_0"   --->   Operation 132 'store' 'store_ln0' <Predicate = (icmp_ln48)> <Delay = 0.47>
ST_6 : Operation 133 [1/1] (0.42ns)   --->   "%br_ln0 = br void %for.inc"   --->   Operation 133 'br' 'br_ln0' <Predicate = (icmp_ln48)> <Delay = 0.42>
ST_6 : Operation 134 [1/1] (0.00ns)   --->   "%empty = phi i15 %xor_ln56_1, void %if.end25, i15 %trunc_ln47, void %while.cond11.preheader, i15 %trunc_ln47, void %while.cond.preheader" [./arith3.h:56]   --->   Operation 134 'phi' 'empty' <Predicate = true> <Delay = 0.00>
ST_6 : Operation 135 [1/1] (0.00ns)   --->   "%empty_45 = phi i15 %xor_ln, void %if.end25, i15 %trunc_ln47_1, void %while.cond11.preheader, i15 %trunc_ln47_1, void %while.cond.preheader" [./arith3.h:56]   --->   Operation 135 'phi' 'empty_45' <Predicate = true> <Delay = 0.00>
ST_6 : Operation 136 [1/1] (0.00ns)   --->   "%shl_ln1 = bitconcatenate i16 @_ssdm_op_BitConcatenate.i16.i15.i1, i15 %empty_45, i1 0" [./arith3.h:58]   --->   Operation 136 'bitconcatenate' 'shl_ln1' <Predicate = true> <Delay = 0.00>
ST_6 : Operation 137 [1/1] (0.00ns)   --->   "%zext_ln59 = zext i16 %shl_ln1" [./arith3.h:59]   --->   Operation 137 'zext' 'zext_ln59' <Predicate = true> <Delay = 0.00>
ST_6 : Operation 138 [1/1] (0.00ns)   --->   "%or_ln2 = bitconcatenate i16 @_ssdm_op_BitConcatenate.i16.i15.i1, i15 %empty, i1 1" [./arith3.h:59]   --->   Operation 138 'bitconcatenate' 'or_ln2' <Predicate = true> <Delay = 0.00>
ST_6 : Operation 139 [1/1] (0.00ns)   --->   "%zext_ln47 = zext i16 %or_ln2" [./arith3.h:47]   --->   Operation 139 'zext' 'zext_ln47' <Predicate = true> <Delay = 0.00>
ST_6 : Operation 140 [1/1] (0.42ns)   --->   "%store_ln38 = store i32 %zext_ln59, i32 %phi_ln64" [./arith3.h:38]   --->   Operation 140 'store' 'store_ln38' <Predicate = true> <Delay = 0.42>
ST_6 : Operation 141 [1/1] (0.42ns)   --->   "%store_ln38 = store i32 %zext_ln47, i32 %phi_ln64_1" [./arith3.h:38]   --->   Operation 141 'store' 'store_ln38' <Predicate = true> <Delay = 0.42>
ST_6 : Operation 142 [1/1] (0.42ns)   --->   "%store_ln47 = store i6 %r_2, i6 %r" [./arith3.h:47]   --->   Operation 142 'store' 'store_ln47' <Predicate = true> <Delay = 0.42>
ST_6 : Operation 143 [1/1] (0.00ns)   --->   "%br_ln47 = br void %for.body" [./arith3.h:47]   --->   Operation 143 'br' 'br_ln47' <Predicate = true> <Delay = 0.00>

State 7 <SV = 4> <Delay = 1.87>
ST_7 : Operation 144 [1/1] (0.00ns)   --->   "%oi_2_ph = phi i32 %oi_0_load, void %VITIS_LOOP_50_1, i32 %add_ln34, void %if.then.i" [./arith3.h:34->./arith3.h:49]   --->   Operation 144 'phi' 'oi_2_ph' <Predicate = true> <Delay = 0.00>
ST_7 : Operation 145 [1/1] (0.00ns)   --->   "%nb_2_ph = phi i32 %add_ln33, void %VITIS_LOOP_50_1, i32 0, void %if.then.i" [./arith3.h:33->./arith3.h:49]   --->   Operation 145 'phi' 'nb_2_ph' <Predicate = true> <Delay = 0.00>
ST_7 : Operation 146 [1/1] (0.00ns)   --->   "%ob_2_ph = phi i32 %shl_ln33, void %VITIS_LOOP_50_1, i32 0, void %if.then.i" [./arith3.h:33->./arith3.h:49]   --->   Operation 146 'phi' 'ob_2_ph' <Predicate = true> <Delay = 0.00>
ST_7 : Operation 147 [1/1] (0.00ns)   --->   "%pending_0_load_3 = load i32 %pending_0"   --->   Operation 147 'load' 'pending_0_load_3' <Predicate = true> <Delay = 0.00>
ST_7 : Operation 148 [2/2] (1.87ns)   --->   "%call_ln34 = call void @encode_bit.1_Pipeline_VITIS_LOOP_50_1, i32 %oi_2_ph, i32 %nb_2_ph, i32 %ob_2_ph, i32 %pending_0_load_3, i8 %out_r, i32 %oi_0, i32 %nb_0, i32 %ob_0" [./arith3.h:34->./arith3.h:49]   --->   Operation 148 'call' 'call_ln34' <Predicate = true> <Delay = 1.87> <CoreType = "Generic">   --->   Generic Core


============================================================
+ Verbose Summary: Binding
============================================================
STG Binding: 
---------------- STG Properties BEGIN ----------------
- Is combinational: 0
- Is one-state seq: 0
- Is datapath-only: 0
- Is pipelined: 0
- Is top level: 0
Port [ Return ] is wired: 1; IO mode=ap_ctrl_hs:ce=0
Port [ low_read]:  wired=1; compound=0; hidden=0; nouse=0; global=0; static=0; extern=0; dir=0; type=0; pingpong=0; private_global=0; IO mode=ap_none:ce=0
Port [ high_read]:  wired=1; compound=0; hidden=0; nouse=0; global=0; static=0; extern=0; dir=0; type=0; pingpong=0; private_global=0; IO mode=ap_none:ce=0
Port [ pending_read]:  wired=1; compound=0; hidden=0; nouse=0; global=0; static=0; extern=0; dir=0; type=0; pingpong=0; private_global=0; IO mode=ap_none:ce=0
Port [ ob_read]:  wired=1; compound=0; hidden=0; nouse=0; global=0; static=0; extern=0; dir=0; type=0; pingpong=0; private_global=0; IO mode=ap_none:ce=0
Port [ nb_read]:  wired=1; compound=0; hidden=0; nouse=0; global=0; static=0; extern=0; dir=0; type=0; pingpong=0; private_global=0; IO mode=ap_none:ce=0
Port [ out_r]:  wired=1; compound=1; hidden=0; nouse=0; global=0; static=0; extern=0; dir=1; type=1; pingpong=0; private_global=0; MemPort=[03]; IO mode=ap_memory:ce=0
Port [ oi_read]:  wired=1; compound=0; hidden=0; nouse=0; global=0; static=0; extern=0; dir=0; type=0; pingpong=0; private_global=0; IO mode=ap_none:ce=0
Port [ prob_read]:  wired=1; compound=0; hidden=0; nouse=0; global=0; static=0; extern=0; dir=0; type=0; pingpong=0; private_global=0; IO mode=ap_none:ce=0
Port [ bit_r]:  wired=1; compound=0; hidden=0; nouse=0; global=0; static=0; extern=0; dir=0; type=0; pingpong=0; private_global=0; IO mode=ap_none:ce=0
---------------- STG Properties END ------------------

---------------- Datapath Model BEGIN ----------------

<LifeTime>
<method=bitvector/>
r                      (alloca           ) [ 01111111]
pending_0              (alloca           ) [ 01111111]
phi_ln64_1             (alloca           ) [ 00111111]
phi_ln64               (alloca           ) [ 00111111]
oi_0                   (alloca           ) [ 01111111]
ob_0                   (alloca           ) [ 01111111]
nb_0                   (alloca           ) [ 01111111]
oi_read_1              (read             ) [ 00000000]
nb_read_1              (read             ) [ 00000000]
ob_read_1              (read             ) [ 00000000]
pending_read_1         (read             ) [ 00000000]
high_read_1            (read             ) [ 00110000]
low_read_1             (read             ) [ 00110000]
add_ln41               (add              ) [ 00000000]
range                  (sub              ) [ 00100000]
store_ln0              (store            ) [ 00000000]
store_ln0              (store            ) [ 00000000]
store_ln0              (store            ) [ 00000000]
store_ln0              (store            ) [ 00000000]
store_ln47             (store            ) [ 00000000]
prob_read_1            (read             ) [ 00011111]
mul_ln42               (mul              ) [ 00000000]
split                  (partselect       ) [ 00010000]
bit_read               (read             ) [ 00001111]
zext_ln42              (zext             ) [ 00000000]
add_ln43               (add              ) [ 00000000]
add_ln43_1             (add              ) [ 00000000]
select_ln43            (select           ) [ 00000000]
select_ln43_1          (select           ) [ 00000000]
store_ln38             (store            ) [ 00000000]
store_ln38             (store            ) [ 00000000]
br_ln47                (br               ) [ 00000000]
r_1                    (load             ) [ 00000000]
oi_0_load              (load             ) [ 00001111]
tmp                    (bitselect        ) [ 00001111]
r_2                    (add              ) [ 00000111]
br_ln47                (br               ) [ 00000000]
phi_ln64_1_load        (load             ) [ 00000000]
phi_ln64_load          (load             ) [ 00000000]
trunc_ln47             (trunc            ) [ 00001111]
trunc_ln47_1           (trunc            ) [ 00001111]
speclooptripcount_ln47 (speclooptripcount) [ 00000000]
specloopname_ln47      (specloopname     ) [ 00000000]
tmp_2                  (partselect       ) [ 00000000]
icmp_ln48              (icmp             ) [ 00001111]
br_ln48                (br               ) [ 00000000]
tmp_3                  (partselect       ) [ 00000000]
icmp_ln51              (icmp             ) [ 00001111]
br_ln51                (br               ) [ 00000000]
ob_0_load              (load             ) [ 00000000]
nb_0_load_1            (load             ) [ 00000000]
trunc_ln33_3           (trunc            ) [ 00000000]
trunc_ln33_4           (trunc            ) [ 00000000]
or_ln                  (bitconcatenate   ) [ 00001111]
add_ln33_1             (add              ) [ 00001111]
icmp_ln34_2            (icmp             ) [ 00001111]
br_ln34                (br               ) [ 00001111]
or_ln1                 (bitconcatenate   ) [ 00000000]
add_ln34_1             (add              ) [ 00001111]
zext_ln34_4            (zext             ) [ 00000000]
out_addr_3             (getelementptr    ) [ 00000000]
store_ln34             (store            ) [ 00000000]
br_ln34                (br               ) [ 00001111]
phi_ln64_1_load_1      (load             ) [ 00000000]
tmp_4                  (partselect       ) [ 00000000]
icmp_ln55              (icmp             ) [ 00000000]
icmp_ln55_1            (icmp             ) [ 00000000]
and_ln55               (and              ) [ 00001111]
br_ln55                (br               ) [ 00000000]
pending_0_load         (load             ) [ 00000000]
add_ln56               (add              ) [ 00000000]
bit_sel2               (bitselect        ) [ 00000000]
xor_ln56_2             (xor              ) [ 00000000]
trunc_ln56             (trunc            ) [ 00000000]
xor_ln                 (bitconcatenate   ) [ 00001111]
bit_sel                (bitselect        ) [ 00000000]
xor_ln56               (xor              ) [ 00000000]
trunc_ln56_1           (trunc            ) [ 00000000]
xor_ln56_1             (bitconcatenate   ) [ 00001111]
store_ln56             (store            ) [ 00000000]
br_ln0                 (br               ) [ 00001111]
ob_0_load_1            (load             ) [ 00000000]
nb_0_load              (load             ) [ 00000000]
trunc_ln33             (trunc            ) [ 00000000]
shl_ln33               (shl              ) [ 00001111]
add_ln33               (add              ) [ 00001111]
icmp_ln34              (icmp             ) [ 00001111]
br_ln34                (br               ) [ 00001111]
trunc_ln1              (bitconcatenate   ) [ 00000000]
add_ln34               (add              ) [ 00001111]
zext_ln34              (zext             ) [ 00000000]
out_addr               (getelementptr    ) [ 00000000]
store_ln34             (store            ) [ 00000000]
br_ln34                (br               ) [ 00001111]
pending_0_load_4       (load             ) [ 00000000]
phi_ln64_1_load_2      (load             ) [ 00000000]
phi_ln64_load_1        (load             ) [ 00000000]
ob_0_load_2            (load             ) [ 00000000]
nb_0_load_2            (load             ) [ 00000000]
lshr_ln                (partselect       ) [ 00000000]
zext_ln63              (zext             ) [ 00000000]
sub_ln63               (sub              ) [ 00000000]
sub_ln62               (sub              ) [ 00000000]
lshr_ln1               (partselect       ) [ 00000000]
zext_ln62              (zext             ) [ 00000000]
add_ln62               (add              ) [ 00000000]
select_ln62            (select           ) [ 00000000]
mrv_s                  (insertvalue      ) [ 00000000]
mrv_1                  (insertvalue      ) [ 00000000]
mrv_2                  (insertvalue      ) [ 00000000]
mrv_3                  (insertvalue      ) [ 00000000]
mrv_4                  (insertvalue      ) [ 00000000]
mrv_5                  (insertvalue      ) [ 00000000]
mrv_6                  (insertvalue      ) [ 00000000]
ret_ln64               (ret              ) [ 00000000]
oi_5_ph                (phi              ) [ 00000111]
nb_5_ph                (phi              ) [ 00000111]
ob_5_ph                (phi              ) [ 00000111]
pending_0_load44       (load             ) [ 00001011]
call_ln34              (call             ) [ 00000000]
store_ln0              (store            ) [ 00000000]
br_ln0                 (br               ) [ 00000000]
call_ln34              (call             ) [ 00000000]
store_ln0              (store            ) [ 00000000]
br_ln0                 (br               ) [ 00000000]
empty                  (phi              ) [ 00000010]
empty_45               (phi              ) [ 00000010]
shl_ln1                (bitconcatenate   ) [ 00000000]
zext_ln59              (zext             ) [ 00000000]
or_ln2                 (bitconcatenate   ) [ 00000000]
zext_ln47              (zext             ) [ 00000000]
store_ln38             (store            ) [ 00000000]
store_ln38             (store            ) [ 00000000]
store_ln47             (store            ) [ 00000000]
br_ln47                (br               ) [ 00000000]
oi_2_ph                (phi              ) [ 00000111]
nb_2_ph                (phi              ) [ 00000111]
ob_2_ph                (phi              ) [ 00000111]
pending_0_load_3       (load             ) [ 00001110]
</LifeTime>

<model>

<comp_list>
<comp id="0" class="1000" name="low_read">
<pin_list>
<pin id="1" dir="1" index="0" bw="1" slack="0"/>
</pin_list>
<bind>
<StgValue><ssdm name="low_read"/></StgValue>
</bind>
</comp>

<comp id="2" class="1000" name="high_read">
<pin_list>
<pin id="3" dir="1" index="0" bw="1" slack="0"/>
</pin_list>
<bind>
<StgValue><ssdm name="high_read"/></StgValue>
</bind>
</comp>

<comp id="4" class="1000" name="pending_read">
<pin_list>
<pin id="5" dir="1" index="0" bw="1" slack="0"/>
</pin_list>
<bind>
<StgValue><ssdm name="pending_read"/></StgValue>
</bind>
</comp>

<comp id="6" class="1000" name="ob_read">
<pin_list>
<pin id="7" dir="1" index="0" bw="1" slack="0"/>
</pin_list>
<bind>
<StgValue><ssdm name="ob_read"/></StgValue>
</bind>
</comp>

<comp id="8" class="1000" name="nb_read">
<pin_list>
<pin id="9" dir="1" index="0" bw="1" slack="0"/>
</pin_list>
<bind>
<StgValue><ssdm name="nb_read"/></StgValue>
</bind>
</comp>

<comp id="10" class="1000" name="out_r">
<pin_list>
<pin id="11" dir="1" index="0" bw="1" slack="0"/>
</pin_list>
<bind>
<StgValue><ssdm name="out_r"/><MemPortTyVec>0 3 </MemPortTyVec>
</StgValue>
</bind>
</comp>

<comp id="12" class="1000" name="oi_read">
<pin_list>
<pin id="13" dir="1" index="0" bw="1" slack="0"/>
</pin_list>
<bind>
<StgValue><ssdm name="oi_read"/></StgValue>
</bind>
</comp>

<comp id="14" class="1000" name="prob_read">
<pin_list>
<pin id="15" dir="1" index="0" bw="1" slack="0"/>
</pin_list>
<bind>
<StgValue><ssdm name="prob_read"/></StgValue>
</bind>
</comp>

<comp id="16" class="1000" name="bit_r">
<pin_list>
<pin id="17" dir="1" index="0" bw="1" slack="0"/>
</pin_list>
<bind>
<StgValue><ssdm name="bit_r"/></StgValue>
</bind>
</comp>

<comp id="18" class="1001" name="const_18">
<pin_list>
<pin id="19" dir="1" index="0" bw="1" slack="0"/>
</pin_list>
<bind>
<StgValue><ssdm name=""/></StgValue>
</bind>
</comp>

<comp id="20" class="1001" name="const_20">
<pin_list>
<pin id="21" dir="1" index="0" bw="1" slack="0"/>
</pin_list>
<bind>
<StgValue><ssdm name="_ssdm_op_Read.ap_auto.i32"/></StgValue>
</bind>
</comp>

<comp id="22" class="1001" name="const_22">
<pin_list>
<pin id="23" dir="1" index="0" bw="1" slack="0"/>
</pin_list>
<bind>
<StgValue><ssdm name=""/></StgValue>
</bind>
</comp>

<comp id="24" class="1001" name="const_24">
<pin_list>
<pin id="25" dir="1" index="0" bw="1" slack="0"/>
</pin_list>
<bind>
<StgValue><ssdm name="_ssdm_op_PartSelect.i20.i32.i32.i32"/></StgValue>
</bind>
</comp>

<comp id="26" class="1001" name="const_26">
<pin_list>
<pin id="27" dir="1" index="0" bw="1" slack="0"/>
</pin_list>
<bind>
<StgValue><ssdm name=""/></StgValue>
</bind>
</comp>

<comp id="28" class="1001" name="const_28">
<pin_list>
<pin id="29" dir="1" index="0" bw="1" slack="0"/>
</pin_list>
<bind>
<StgValue><ssdm name=""/></StgValue>
</bind>
</comp>

<comp id="30" class="1001" name="const_30">
<pin_list>
<pin id="31" dir="1" index="0" bw="1" slack="0"/>
</pin_list>
<bind>
<StgValue><ssdm name="_ssdm_op_Read.ap_auto.i1"/></StgValue>
</bind>
</comp>

<comp id="32" class="1001" name="const_32">
<pin_list>
<pin id="33" dir="1" index="0" bw="1" slack="0"/>
</pin_list>
<bind>
<StgValue><ssdm name=""/></StgValue>
</bind>
</comp>

<comp id="34" class="1001" name="const_34">
<pin_list>
<pin id="35" dir="1" index="0" bw="1" slack="0"/>
</pin_list>
<bind>
<StgValue><ssdm name="_ssdm_op_BitSelect.i1.i6.i32"/></StgValue>
</bind>
</comp>

<comp id="36" class="1001" name="const_36">
<pin_list>
<pin id="37" dir="1" index="0" bw="1" slack="0"/>
</pin_list>
<bind>
<StgValue><ssdm name=""/></StgValue>
</bind>
</comp>

<comp id="38" class="1001" name="const_38">
<pin_list>
<pin id="39" dir="1" index="0" bw="1" slack="0"/>
</pin_list>
<bind>
<StgValue><ssdm name=""/></StgValue>
</bind>
</comp>

<comp id="40" class="1001" name="const_40">
<pin_list>
<pin id="41" dir="1" index="0" bw="1" slack="2147483647"/>
</pin_list>
<bind>
<StgValue><ssdm name="_ssdm_op_SpecLoopTripCount"/></StgValue>
</bind>
</comp>

<comp id="42" class="1001" name="const_42">
<pin_list>
<pin id="43" dir="1" index="0" bw="1" slack="0"/>
</pin_list>
<bind>
<StgValue><ssdm name=""/></StgValue>
</bind>
</comp>

<comp id="44" class="1001" name="const_44">
<pin_list>
<pin id="45" dir="1" index="0" bw="1" slack="2147483647"/>
</pin_list>
<bind>
<StgValue><ssdm name=""/></StgValue>
</bind>
</comp>

<comp id="46" class="1001" name="const_46">
<pin_list>
<pin id="47" dir="1" index="0" bw="1" slack="2147483647"/>
</pin_list>
<bind>
<StgValue><ssdm name=""/></StgValue>
</bind>
</comp>

<comp id="48" class="1001" name="const_48">
<pin_list>
<pin id="49" dir="1" index="0" bw="1" slack="2147483647"/>
</pin_list>
<bind>
<StgValue><ssdm name="_ssdm_op_SpecLoopName"/></StgValue>
</bind>
</comp>

<comp id="50" class="1001" name="const_50">
<pin_list>
<pin id="51" dir="1" index="0" bw="1" slack="2147483647"/>
</pin_list>
<bind>
<StgValue><ssdm name="empty_20"/></StgValue>
</bind>
</comp>

<comp id="52" class="1001" name="const_52">
<pin_list>
<pin id="53" dir="1" index="0" bw="1" slack="0"/>
</pin_list>
<bind>
<StgValue><ssdm name="_ssdm_op_PartSelect.i17.i32.i32.i32"/></StgValue>
</bind>
</comp>

<comp id="54" class="1001" name="const_54">
<pin_list>
<pin id="55" dir="1" index="0" bw="1" slack="0"/>
</pin_list>
<bind>
<StgValue><ssdm name=""/></StgValue>
</bind>
</comp>

<comp id="56" class="1001" name="const_56">
<pin_list>
<pin id="57" dir="1" index="0" bw="1" slack="0"/>
</pin_list>
<bind>
<StgValue><ssdm name=""/></StgValue>
</bind>
</comp>

<comp id="58" class="1001" name="const_58">
<pin_list>
<pin id="59" dir="1" index="0" bw="1" slack="0"/>
</pin_list>
<bind>
<StgValue><ssdm name="_ssdm_op_BitConcatenate.i32.i31.i1"/></StgValue>
</bind>
</comp>

<comp id="60" class="1001" name="const_60">
<pin_list>
<pin id="61" dir="1" index="0" bw="1" slack="0"/>
</pin_list>
<bind>
<StgValue><ssdm name=""/></StgValue>
</bind>
</comp>

<comp id="62" class="1001" name="const_62">
<pin_list>
<pin id="63" dir="1" index="0" bw="1" slack="0"/>
</pin_list>
<bind>
<StgValue><ssdm name=""/></StgValue>
</bind>
</comp>

<comp id="64" class="1001" name="const_64">
<pin_list>
<pin id="65" dir="1" index="0" bw="1" slack="0"/>
</pin_list>
<bind>
<StgValue><ssdm name="_ssdm_op_BitConcatenate.i8.i7.i1"/></StgValue>
</bind>
</comp>

<comp id="66" class="1001" name="const_66">
<pin_list>
<pin id="67" dir="1" index="0" bw="1" slack="0"/>
</pin_list>
<bind>
<StgValue><ssdm name="_ssdm_op_PartSelect.i18.i32.i32.i32"/></StgValue>
</bind>
</comp>

<comp id="68" class="1001" name="const_68">
<pin_list>
<pin id="69" dir="1" index="0" bw="1" slack="0"/>
</pin_list>
<bind>
<StgValue><ssdm name=""/></StgValue>
</bind>
</comp>

<comp id="70" class="1001" name="const_70">
<pin_list>
<pin id="71" dir="1" index="0" bw="1" slack="0"/>
</pin_list>
<bind>
<StgValue><ssdm name=""/></StgValue>
</bind>
</comp>

<comp id="72" class="1001" name="const_72">
<pin_list>
<pin id="73" dir="1" index="0" bw="1" slack="0"/>
</pin_list>
<bind>
<StgValue><ssdm name=""/></StgValue>
</bind>
</comp>

<comp id="74" class="1001" name="const_74">
<pin_list>
<pin id="75" dir="1" index="0" bw="1" slack="0"/>
</pin_list>
<bind>
<StgValue><ssdm name="_ssdm_op_BitSelect.i1.i32.i32"/></StgValue>
</bind>
</comp>

<comp id="76" class="1001" name="const_76">
<pin_list>
<pin id="77" dir="1" index="0" bw="1" slack="0"/>
</pin_list>
<bind>
<StgValue><ssdm name="_ssdm_op_BitConcatenate.i15.i1.i14"/></StgValue>
</bind>
</comp>

<comp id="78" class="1001" name="const_78">
<pin_list>
<pin id="79" dir="1" index="0" bw="1" slack="0"/>
</pin_list>
<bind>
<StgValue><ssdm name=""/></StgValue>
</bind>
</comp>

<comp id="80" class="1001" name="const_80">
<pin_list>
<pin id="81" dir="1" index="0" bw="1" slack="0"/>
</pin_list>
<bind>
<StgValue><ssdm name="_ssdm_op_PartSelect.i27.i32.i32.i32"/></StgValue>
</bind>
</comp>

<comp id="82" class="1001" name="const_82">
<pin_list>
<pin id="83" dir="1" index="0" bw="1" slack="0"/>
</pin_list>
<bind>
<StgValue><ssdm name=""/></StgValue>
</bind>
</comp>

<comp id="84" class="1001" name="const_84">
<pin_list>
<pin id="85" dir="1" index="0" bw="1" slack="0"/>
</pin_list>
<bind>
<StgValue><ssdm name=""/></StgValue>
</bind>
</comp>

<comp id="86" class="1001" name="const_86">
<pin_list>
<pin id="87" dir="1" index="0" bw="1" slack="0"/>
</pin_list>
<bind>
<StgValue><ssdm name=""/></StgValue>
</bind>
</comp>

<comp id="88" class="1001" name="const_88">
<pin_list>
<pin id="89" dir="1" index="0" bw="1" slack="0"/>
</pin_list>
<bind>
<StgValue><ssdm name="encode_bit.1_Pipeline_VITIS_LOOP_53_2"/></StgValue>
</bind>
</comp>

<comp id="90" class="1001" name="const_90">
<pin_list>
<pin id="91" dir="1" index="0" bw="1" slack="0"/>
</pin_list>
<bind>
<StgValue><ssdm name="encode_bit.1_Pipeline_VITIS_LOOP_50_1"/></StgValue>
</bind>
</comp>

<comp id="92" class="1001" name="const_92">
<pin_list>
<pin id="93" dir="1" index="0" bw="1" slack="0"/>
</pin_list>
<bind>
<StgValue><ssdm name="_ssdm_op_BitConcatenate.i16.i15.i1"/></StgValue>
</bind>
</comp>

<comp id="94" class="1004" name="r_fu_94">
<pin_list>
<pin id="95" dir="0" index="0" bw="1" slack="0"/>
<pin id="96" dir="1" index="1" bw="6" slack="0"/>
</pin_list>
<bind>
<opcode="alloca(26) " fcode="alloca"/>
<opset="r/1 "/>
</bind>
</comp>

<comp id="98" class="1004" name="pending_0_fu_98">
<pin_list>
<pin id="99" dir="0" index="0" bw="1" slack="0"/>
<pin id="100" dir="1" index="1" bw="32" slack="0"/>
</pin_list>
<bind>
<opcode="alloca(26) " fcode="alloca"/>
<opset="pending_0/1 "/>
</bind>
</comp>

<comp id="102" class="1004" name="phi_ln64_1_fu_102">
<pin_list>
<pin id="103" dir="0" index="0" bw="1" slack="0"/>
<pin id="104" dir="1" index="1" bw="32" slack="2"/>
</pin_list>
<bind>
<opcode="alloca(26) " fcode="alloca"/>
<opset="phi_ln64_1/1 "/>
</bind>
</comp>

<comp id="106" class="1004" name="phi_ln64_fu_106">
<pin_list>
<pin id="107" dir="0" index="0" bw="1" slack="0"/>
<pin id="108" dir="1" index="1" bw="32" slack="2"/>
</pin_list>
<bind>
<opcode="alloca(26) " fcode="alloca"/>
<opset="phi_ln64/1 "/>
</bind>
</comp>

<comp id="110" class="1004" name="oi_0_fu_110">
<pin_list>
<pin id="111" dir="0" index="0" bw="1" slack="0"/>
<pin id="112" dir="1" index="1" bw="32" slack="0"/>
</pin_list>
<bind>
<opcode="alloca(26) " fcode="alloca"/>
<opset="oi_0/1 "/>
</bind>
</comp>

<comp id="114" class="1004" name="ob_0_fu_114">
<pin_list>
<pin id="115" dir="0" index="0" bw="1" slack="0"/>
<pin id="116" dir="1" index="1" bw="32" slack="0"/>
</pin_list>
<bind>
<opcode="alloca(26) " fcode="alloca"/>
<opset="ob_0/1 "/>
</bind>
</comp>

<comp id="118" class="1004" name="nb_0_fu_118">
<pin_list>
<pin id="119" dir="0" index="0" bw="1" slack="0"/>
<pin id="120" dir="1" index="1" bw="32" slack="0"/>
</pin_list>
<bind>
<opcode="alloca(26) " fcode="alloca"/>
<opset="nb_0/1 "/>
</bind>
</comp>

<comp id="122" class="1004" name="oi_read_1_read_fu_122">
<pin_list>
<pin id="123" dir="0" index="0" bw="32" slack="0"/>
<pin id="124" dir="0" index="1" bw="32" slack="0"/>
<pin id="125" dir="1" index="2" bw="32" slack="0"/>
</pin_list>
<bind>
<opcode="read(1150) " fcode="read"/>
<opset="oi_read_1/1 "/>
</bind>
</comp>

<comp id="128" class="1004" name="nb_read_1_read_fu_128">
<pin_list>
<pin id="129" dir="0" index="0" bw="32" slack="0"/>
<pin id="130" dir="0" index="1" bw="32" slack="0"/>
<pin id="131" dir="1" index="2" bw="32" slack="0"/>
</pin_list>
<bind>
<opcode="read(1150) " fcode="read"/>
<opset="nb_read_1/1 "/>
</bind>
</comp>

<comp id="134" class="1004" name="ob_read_1_read_fu_134">
<pin_list>
<pin id="135" dir="0" index="0" bw="32" slack="0"/>
<pin id="136" dir="0" index="1" bw="32" slack="0"/>
<pin id="137" dir="1" index="2" bw="32" slack="0"/>
</pin_list>
<bind>
<opcode="read(1150) " fcode="read"/>
<opset="ob_read_1/1 "/>
</bind>
</comp>

<comp id="140" class="1004" name="pending_read_1_read_fu_140">
<pin_list>
<pin id="141" dir="0" index="0" bw="32" slack="0"/>
<pin id="142" dir="0" index="1" bw="32" slack="0"/>
<pin id="143" dir="1" index="2" bw="32" slack="0"/>
</pin_list>
<bind>
<opcode="read(1150) " fcode="read"/>
<opset="pending_read_1/1 "/>
</bind>
</comp>

<comp id="146" class="1004" name="high_read_1_read_fu_146">
<pin_list>
<pin id="147" dir="0" index="0" bw="32" slack="0"/>
<pin id="148" dir="0" index="1" bw="32" slack="0"/>
<pin id="149" dir="1" index="2" bw="32" slack="0"/>
</pin_list>
<bind>
<opcode="read(1150) " fcode="read"/>
<opset="high_read_1/1 "/>
</bind>
</comp>

<comp id="152" class="1004" name="low_read_1_read_fu_152">
<pin_list>
<pin id="153" dir="0" index="0" bw="32" slack="0"/>
<pin id="154" dir="0" index="1" bw="32" slack="0"/>
<pin id="155" dir="1" index="2" bw="32" slack="0"/>
</pin_list>
<bind>
<opcode="read(1150) " fcode="read"/>
<opset="low_read_1/1 "/>
</bind>
</comp>

<comp id="158" class="1004" name="prob_read_1_read_fu_158">
<pin_list>
<pin id="159" dir="0" index="0" bw="32" slack="0"/>
<pin id="160" dir="0" index="1" bw="32" slack="0"/>
<pin id="161" dir="1" index="2" bw="32" slack="0"/>
</pin_list>
<bind>
<opcode="read(1150) " fcode="read"/>
<opset="prob_read_1/2 "/>
</bind>
</comp>

<comp id="164" class="1004" name="bit_read_read_fu_164">
<pin_list>
<pin id="165" dir="0" index="0" bw="1" slack="0"/>
<pin id="166" dir="0" index="1" bw="1" slack="0"/>
<pin id="167" dir="1" index="2" bw="1" slack="0"/>
</pin_list>
<bind>
<opcode="read(1150) " fcode="read"/>
<opset="bit_read/3 "/>
</bind>
</comp>

<comp id="170" class="1004" name="out_addr_3_gep_fu_170">
<pin_list>
<pin id="171" dir="0" index="0" bw="8" slack="0"/>
<pin id="172" dir="0" index="1" bw="1" slack="0"/>
<pin id="173" dir="0" index="2" bw="32" slack="0"/>
<pin id="174" dir="1" index="3" bw="10" slack="0"/>
</pin_list>
<bind>
<opcode="getelementptr(29) " fcode="getelementptr"/>
<opset="out_addr_3/4 "/>
</bind>
</comp>

<comp id="177" class="1004" name="grp_access_fu_177">
<pin_list>
<pin id="178" dir="0" index="0" bw="10" slack="0"/>
<pin id="179" dir="0" index="1" bw="8" slack="0"/>
<pin id="180" dir="0" index="2" bw="0" slack="2147483647"/>
<pin id="181" dir="1" index="3" bw="8" slack="2147483647"/>
</pin_list>
<bind>
<opcode="store(28) " fcode="store"/>
<opset="store_ln34/4 store_ln34/4 "/>
</bind>
</comp>

<comp id="183" class="1004" name="out_addr_gep_fu_183">
<pin_list>
<pin id="184" dir="0" index="0" bw="8" slack="0"/>
<pin id="185" dir="0" index="1" bw="1" slack="0"/>
<pin id="186" dir="0" index="2" bw="32" slack="0"/>
<pin id="187" dir="1" index="3" bw="10" slack="0"/>
</pin_list>
<bind>
<opcode="getelementptr(29) " fcode="getelementptr"/>
<opset="out_addr/4 "/>
</bind>
</comp>

<comp id="191" class="1005" name="oi_5_ph_reg_191">
<pin_list>
<pin id="192" dir="0" index="0" bw="32" slack="1"/>
<pin id="193" dir="1" index="1" bw="32" slack="2147483647"/>
</pin_list>
<bind>
<opset="oi_5_ph (phireg) "/>
</bind>
</comp>

<comp id="194" class="1004" name="oi_5_ph_phi_fu_194">
<pin_list>
<pin id="195" dir="0" index="0" bw="32" slack="2147483647"/>
<pin id="196" dir="0" index="1" bw="0" slack="2147483647"/>
<pin id="197" dir="0" index="2" bw="32" slack="1"/>
<pin id="198" dir="0" index="3" bw="0" slack="2147483647"/>
<pin id="199" dir="1" index="4" bw="32" slack="0"/>
</pin_list>
<bind>
<opcode="phi(47) " fcode="phi"/>
<opset="oi_5_ph/5 "/>
</bind>
</comp>

<comp id="201" class="1005" name="nb_5_ph_reg_201">
<pin_list>
<pin id="202" dir="0" index="0" bw="32" slack="1"/>
<pin id="203" dir="1" index="1" bw="32" slack="1"/>
</pin_list>
<bind>
<opset="nb_5_ph (phireg) "/>
</bind>
</comp>

<comp id="205" class="1004" name="nb_5_ph_phi_fu_205">
<pin_list>
<pin id="206" dir="0" index="0" bw="32" slack="1"/>
<pin id="207" dir="0" index="1" bw="0" slack="2147483647"/>
<pin id="208" dir="0" index="2" bw="1" slack="1"/>
<pin id="209" dir="0" index="3" bw="0" slack="2147483647"/>
<pin id="210" dir="1" index="4" bw="32" slack="0"/>
</pin_list>
<bind>
<opcode="phi(47) " fcode="phi"/>
<opset="nb_5_ph/5 "/>
</bind>
</comp>

<comp id="213" class="1005" name="ob_5_ph_reg_213">
<pin_list>
<pin id="214" dir="0" index="0" bw="32" slack="1"/>
<pin id="215" dir="1" index="1" bw="32" slack="1"/>
</pin_list>
<bind>
<opset="ob_5_ph (phireg) "/>
</bind>
</comp>

<comp id="217" class="1004" name="ob_5_ph_phi_fu_217">
<pin_list>
<pin id="218" dir="0" index="0" bw="32" slack="1"/>
<pin id="219" dir="0" index="1" bw="0" slack="2147483647"/>
<pin id="220" dir="0" index="2" bw="1" slack="1"/>
<pin id="221" dir="0" index="3" bw="0" slack="2147483647"/>
<pin id="222" dir="1" index="4" bw="32" slack="0"/>
</pin_list>
<bind>
<opcode="phi(47) " fcode="phi"/>
<opset="ob_5_ph/5 "/>
</bind>
</comp>

<comp id="225" class="1005" name="empty_reg_225">
<pin_list>
<pin id="226" dir="0" index="0" bw="15" slack="2147483647"/>
<pin id="227" dir="1" index="1" bw="15" slack="2147483647"/>
</pin_list>
<bind>
<opset="empty (phireg) "/>
</bind>
</comp>

<comp id="228" class="1004" name="empty_phi_fu_228">
<pin_list>
<pin id="229" dir="0" index="0" bw="15" slack="2"/>
<pin id="230" dir="0" index="1" bw="0" slack="2147483647"/>
<pin id="231" dir="0" index="2" bw="15" slack="2"/>
<pin id="232" dir="0" index="3" bw="0" slack="2147483647"/>
<pin id="233" dir="0" index="4" bw="15" slack="2"/>
<pin id="234" dir="0" index="5" bw="0" slack="2147483647"/>
<pin id="235" dir="1" index="6" bw="15" slack="0"/>
</pin_list>
<bind>
<opcode="phi(47) " fcode="phi"/>
<opset="empty/6 "/>
</bind>
</comp>

<comp id="236" class="1005" name="empty_45_reg_236">
<pin_list>
<pin id="237" dir="0" index="0" bw="15" slack="2147483647"/>
<pin id="238" dir="1" index="1" bw="15" slack="2147483647"/>
</pin_list>
<bind>
<opset="empty_45 (phireg) "/>
</bind>
</comp>

<comp id="239" class="1004" name="empty_45_phi_fu_239">
<pin_list>
<pin id="240" dir="0" index="0" bw="15" slack="2"/>
<pin id="241" dir="0" index="1" bw="0" slack="2147483647"/>
<pin id="242" dir="0" index="2" bw="15" slack="2"/>
<pin id="243" dir="0" index="3" bw="0" slack="2147483647"/>
<pin id="244" dir="0" index="4" bw="15" slack="2"/>
<pin id="245" dir="0" index="5" bw="0" slack="2147483647"/>
<pin id="246" dir="1" index="6" bw="15" slack="0"/>
</pin_list>
<bind>
<opcode="phi(47) " fcode="phi"/>
<opset="empty_45/6 "/>
</bind>
</comp>

<comp id="247" class="1005" name="oi_2_ph_reg_247">
<pin_list>
<pin id="248" dir="0" index="0" bw="32" slack="1"/>
<pin id="249" dir="1" index="1" bw="32" slack="2147483647"/>
</pin_list>
<bind>
<opset="oi_2_ph (phireg) "/>
</bind>
</comp>

<comp id="250" class="1004" name="oi_2_ph_phi_fu_250">
<pin_list>
<pin id="251" dir="0" index="0" bw="32" slack="1"/>
<pin id="252" dir="0" index="1" bw="0" slack="2147483647"/>
<pin id="253" dir="0" index="2" bw="32" slack="1"/>
<pin id="254" dir="0" index="3" bw="0" slack="2147483647"/>
<pin id="255" dir="1" index="4" bw="32" slack="0"/>
</pin_list>
<bind>
<opcode="phi(47) " fcode="phi"/>
<opset="oi_2_ph/7 "/>
</bind>
</comp>

<comp id="257" class="1005" name="nb_2_ph_reg_257">
<pin_list>
<pin id="258" dir="0" index="0" bw="32" slack="1"/>
<pin id="259" dir="1" index="1" bw="32" slack="1"/>
</pin_list>
<bind>
<opset="nb_2_ph (phireg) "/>
</bind>
</comp>

<comp id="261" class="1004" name="nb_2_ph_phi_fu_261">
<pin_list>
<pin id="262" dir="0" index="0" bw="32" slack="1"/>
<pin id="263" dir="0" index="1" bw="0" slack="2147483647"/>
<pin id="264" dir="0" index="2" bw="1" slack="1"/>
<pin id="265" dir="0" index="3" bw="0" slack="2147483647"/>
<pin id="266" dir="1" index="4" bw="32" slack="0"/>
</pin_list>
<bind>
<opcode="phi(47) " fcode="phi"/>
<opset="nb_2_ph/7 "/>
</bind>
</comp>

<comp id="269" class="1005" name="ob_2_ph_reg_269">
<pin_list>
<pin id="270" dir="0" index="0" bw="32" slack="1"/>
<pin id="271" dir="1" index="1" bw="32" slack="1"/>
</pin_list>
<bind>
<opset="ob_2_ph (phireg) "/>
</bind>
</comp>

<comp id="273" class="1004" name="ob_2_ph_phi_fu_273">
<pin_list>
<pin id="274" dir="0" index="0" bw="32" slack="1"/>
<pin id="275" dir="0" index="1" bw="0" slack="2147483647"/>
<pin id="276" dir="0" index="2" bw="1" slack="1"/>
<pin id="277" dir="0" index="3" bw="0" slack="2147483647"/>
<pin id="278" dir="1" index="4" bw="32" slack="0"/>
</pin_list>
<bind>
<opcode="phi(47) " fcode="phi"/>
<opset="ob_2_ph/7 "/>
</bind>
</comp>

<comp id="281" class="1004" name="grp_encode_bit_1_Pipeline_VITIS_LOOP_53_2_fu_281">
<pin_list>
<pin id="282" dir="0" index="0" bw="0" slack="0"/>
<pin id="283" dir="0" index="1" bw="32" slack="0"/>
<pin id="284" dir="0" index="2" bw="32" slack="0"/>
<pin id="285" dir="0" index="3" bw="32" slack="0"/>
<pin id="286" dir="0" index="4" bw="32" slack="0"/>
<pin id="287" dir="0" index="5" bw="8" slack="0"/>
<pin id="288" dir="0" index="6" bw="32" slack="4"/>
<pin id="289" dir="0" index="7" bw="32" slack="4"/>
<pin id="290" dir="0" index="8" bw="32" slack="4"/>
<pin id="291" dir="1" index="9" bw="0" slack="2147483647"/>
</pin_list>
<bind>
<opcode="call(48) " fcode="call"/>
<opset="call_ln34/5 "/>
</bind>
</comp>

<comp id="297" class="1004" name="grp_encode_bit_1_Pipeline_VITIS_LOOP_50_1_fu_297">
<pin_list>
<pin id="298" dir="0" index="0" bw="0" slack="0"/>
<pin id="299" dir="0" index="1" bw="32" slack="0"/>
<pin id="300" dir="0" index="2" bw="32" slack="0"/>
<pin id="301" dir="0" index="3" bw="32" slack="0"/>
<pin id="302" dir="0" index="4" bw="32" slack="0"/>
<pin id="303" dir="0" index="5" bw="8" slack="0"/>
<pin id="304" dir="0" index="6" bw="32" slack="4"/>
<pin id="305" dir="0" index="7" bw="32" slack="4"/>
<pin id="306" dir="0" index="8" bw="32" slack="4"/>
<pin id="307" dir="1" index="9" bw="0" slack="2147483647"/>
</pin_list>
<bind>
<opcode="call(48) " fcode="call"/>
<opset="call_ln34/7 "/>
</bind>
</comp>

<comp id="313" class="1004" name="mul_ln42_fu_313">
<pin_list>
<pin id="314" dir="0" index="0" bw="32" slack="1"/>
<pin id="315" dir="0" index="1" bw="32" slack="0"/>
<pin id="316" dir="1" index="2" bw="32" slack="0"/>
</pin_list>
<bind>
<opcode="mul(12) " fcode="mul"/>
<opset="mul_ln42/2 "/>
</bind>
</comp>

<comp id="318" class="1004" name="grp_load_fu_318">
<pin_list>
<pin id="319" dir="0" index="0" bw="32" slack="3"/>
<pin id="320" dir="1" index="1" bw="32" slack="0"/>
</pin_list>
<bind>
<opcode="load(27) " fcode="load"/>
<opset="ob_0_load/4 ob_0_load_1/4 ob_0_load_2/4 "/>
</bind>
</comp>

<comp id="321" class="1004" name="grp_load_fu_321">
<pin_list>
<pin id="322" dir="0" index="0" bw="32" slack="3"/>
<pin id="323" dir="1" index="1" bw="32" slack="0"/>
</pin_list>
<bind>
<opcode="load(27) " fcode="load"/>
<opset="nb_0_load_1/4 nb_0_load/4 nb_0_load_2/4 "/>
</bind>
</comp>

<comp id="324" class="1004" name="grp_fu_324">
<pin_list>
<pin id="325" dir="0" index="0" bw="32" slack="0"/>
<pin id="326" dir="0" index="1" bw="1" slack="0"/>
<pin id="327" dir="1" index="2" bw="32" slack="0"/>
</pin_list>
<bind>
<opcode="add(8) " fcode="add"/>
<opset="add_ln33_1/4 add_ln33/4 "/>
</bind>
</comp>

<comp id="330" class="1004" name="grp_fu_330">
<pin_list>
<pin id="331" dir="0" index="0" bw="32" slack="0"/>
<pin id="332" dir="0" index="1" bw="5" slack="0"/>
<pin id="333" dir="1" index="2" bw="1" slack="2147483647"/>
</pin_list>
<bind>
<opcode="icmp(45) " fcode="icmp"/>
<opset="icmp_ln34_2/4 icmp_ln34/4 "/>
</bind>
</comp>

<comp id="336" class="1004" name="grp_fu_336">
<pin_list>
<pin id="337" dir="0" index="0" bw="32" slack="0"/>
<pin id="338" dir="0" index="1" bw="1" slack="0"/>
<pin id="339" dir="1" index="2" bw="32" slack="1"/>
</pin_list>
<bind>
<opcode="add(8) " fcode="add"/>
<opset="add_ln34_1/4 add_ln34/4 "/>
</bind>
</comp>

<comp id="341" class="1004" name="grp_load_fu_341">
<pin_list>
<pin id="342" dir="0" index="0" bw="32" slack="3"/>
<pin id="343" dir="1" index="1" bw="32" slack="0"/>
</pin_list>
<bind>
<opcode="load(27) " fcode="load"/>
<opset="pending_0_load/4 pending_0_load_4/4 pending_0_load44/5 pending_0_load_3/7 "/>
</bind>
</comp>

<comp id="346" class="1005" name="reg_346">
<pin_list>
<pin id="347" dir="0" index="0" bw="32" slack="1"/>
<pin id="348" dir="1" index="1" bw="32" slack="1"/>
</pin_list>
<bind>
<opset="add_ln33_1 add_ln33 "/>
</bind>
</comp>

<comp id="352" class="1005" name="reg_352">
<pin_list>
<pin id="353" dir="0" index="0" bw="32" slack="1"/>
<pin id="354" dir="1" index="1" bw="32" slack="1"/>
</pin_list>
<bind>
<opset="add_ln34_1 add_ln34 "/>
</bind>
</comp>

<comp id="358" class="1004" name="add_ln41_fu_358">
<pin_list>
<pin id="359" dir="0" index="0" bw="32" slack="0"/>
<pin id="360" dir="0" index="1" bw="1" slack="0"/>
<pin id="361" dir="1" index="2" bw="32" slack="0"/>
</pin_list>
<bind>
<opcode="add(8) " fcode="add"/>
<opset="add_ln41/1 "/>
</bind>
</comp>

<comp id="364" class="1004" name="range_fu_364">
<pin_list>
<pin id="365" dir="0" index="0" bw="32" slack="0"/>
<pin id="366" dir="0" index="1" bw="32" slack="0"/>
<pin id="367" dir="1" index="2" bw="32" slack="1"/>
</pin_list>
<bind>
<opcode="sub(10) " fcode="sub"/>
<opset="range/1 "/>
</bind>
</comp>

<comp id="370" class="1004" name="store_ln0_store_fu_370">
<pin_list>
<pin id="371" dir="0" index="0" bw="32" slack="0"/>
<pin id="372" dir="0" index="1" bw="32" slack="0"/>
<pin id="373" dir="1" index="2" bw="0" slack="2147483647"/>
</pin_list>
<bind>
<opcode="store(28) " fcode="store"/>
<opset="store_ln0/1 "/>
</bind>
</comp>

<comp id="375" class="1004" name="store_ln0_store_fu_375">
<pin_list>
<pin id="376" dir="0" index="0" bw="32" slack="0"/>
<pin id="377" dir="0" index="1" bw="32" slack="0"/>
<pin id="378" dir="1" index="2" bw="0" slack="2147483647"/>
</pin_list>
<bind>
<opcode="store(28) " fcode="store"/>
<opset="store_ln0/1 "/>
</bind>
</comp>

<comp id="380" class="1004" name="store_ln0_store_fu_380">
<pin_list>
<pin id="381" dir="0" index="0" bw="32" slack="0"/>
<pin id="382" dir="0" index="1" bw="32" slack="0"/>
<pin id="383" dir="1" index="2" bw="0" slack="2147483647"/>
</pin_list>
<bind>
<opcode="store(28) " fcode="store"/>
<opset="store_ln0/1 "/>
</bind>
</comp>

<comp id="385" class="1004" name="store_ln0_store_fu_385">
<pin_list>
<pin id="386" dir="0" index="0" bw="32" slack="0"/>
<pin id="387" dir="0" index="1" bw="32" slack="0"/>
<pin id="388" dir="1" index="2" bw="0" slack="2147483647"/>
</pin_list>
<bind>
<opcode="store(28) " fcode="store"/>
<opset="store_ln0/1 "/>
</bind>
</comp>

<comp id="390" class="1004" name="store_ln47_store_fu_390">
<pin_list>
<pin id="391" dir="0" index="0" bw="1" slack="0"/>
<pin id="392" dir="0" index="1" bw="6" slack="0"/>
<pin id="393" dir="1" index="2" bw="0" slack="2147483647"/>
</pin_list>
<bind>
<opcode="store(28) " fcode="store"/>
<opset="store_ln47/1 "/>
</bind>
</comp>

<comp id="395" class="1004" name="split_fu_395">
<pin_list>
<pin id="396" dir="0" index="0" bw="20" slack="0"/>
<pin id="397" dir="0" index="1" bw="32" slack="0"/>
<pin id="398" dir="0" index="2" bw="5" slack="0"/>
<pin id="399" dir="0" index="3" bw="6" slack="0"/>
<pin id="400" dir="1" index="4" bw="20" slack="1"/>
</pin_list>
<bind>
<opcode="partselect(1002) " fcode="partselect"/>
<opset="split/2 "/>
</bind>
</comp>

<comp id="405" class="1004" name="zext_ln42_fu_405">
<pin_list>
<pin id="406" dir="0" index="0" bw="20" slack="1"/>
<pin id="407" dir="1" index="1" bw="32" slack="0"/>
</pin_list>
<bind>
<opcode="zext(34) " fcode="zext"/>
<opset="zext_ln42/3 "/>
</bind>
</comp>

<comp id="408" class="1004" name="add_ln43_fu_408">
<pin_list>
<pin id="409" dir="0" index="0" bw="20" slack="0"/>
<pin id="410" dir="0" index="1" bw="32" slack="2"/>
<pin id="411" dir="1" index="2" bw="32" slack="0"/>
</pin_list>
<bind>
<opcode="add(8) " fcode="add"/>
<opset="add_ln43/3 "/>
</bind>
</comp>

<comp id="413" class="1004" name="add_ln43_1_fu_413">
<pin_list>
<pin id="414" dir="0" index="0" bw="32" slack="0"/>
<pin id="415" dir="0" index="1" bw="1" slack="0"/>
<pin id="416" dir="1" index="2" bw="32" slack="0"/>
</pin_list>
<bind>
<opcode="add(8) " fcode="add"/>
<opset="add_ln43_1/3 "/>
</bind>
</comp>

<comp id="419" class="1004" name="select_ln43_fu_419">
<pin_list>
<pin id="420" dir="0" index="0" bw="1" slack="0"/>
<pin id="421" dir="0" index="1" bw="32" slack="0"/>
<pin id="422" dir="0" index="2" bw="32" slack="2"/>
<pin id="423" dir="1" index="3" bw="32" slack="0"/>
</pin_list>
<bind>
<opcode="select(49) " fcode="select"/>
<opset="select_ln43/3 "/>
</bind>
</comp>

<comp id="426" class="1004" name="select_ln43_1_fu_426">
<pin_list>
<pin id="427" dir="0" index="0" bw="1" slack="0"/>
<pin id="428" dir="0" index="1" bw="32" slack="2"/>
<pin id="429" dir="0" index="2" bw="32" slack="0"/>
<pin id="430" dir="1" index="3" bw="32" slack="0"/>
</pin_list>
<bind>
<opcode="select(49) " fcode="select"/>
<opset="select_ln43_1/3 "/>
</bind>
</comp>

<comp id="433" class="1004" name="store_ln38_store_fu_433">
<pin_list>
<pin id="434" dir="0" index="0" bw="32" slack="0"/>
<pin id="435" dir="0" index="1" bw="32" slack="2"/>
<pin id="436" dir="1" index="2" bw="0" slack="2147483647"/>
</pin_list>
<bind>
<opcode="store(28) " fcode="store"/>
<opset="store_ln38/3 "/>
</bind>
</comp>

<comp id="438" class="1004" name="store_ln38_store_fu_438">
<pin_list>
<pin id="439" dir="0" index="0" bw="32" slack="0"/>
<pin id="440" dir="0" index="1" bw="32" slack="2"/>
<pin id="441" dir="1" index="2" bw="0" slack="2147483647"/>
</pin_list>
<bind>
<opcode="store(28) " fcode="store"/>
<opset="store_ln38/3 "/>
</bind>
</comp>

<comp id="443" class="1004" name="r_1_load_fu_443">
<pin_list>
<pin id="444" dir="0" index="0" bw="6" slack="3"/>
<pin id="445" dir="1" index="1" bw="6" slack="0"/>
</pin_list>
<bind>
<opcode="load(27) " fcode="load"/>
<opset="r_1/4 "/>
</bind>
</comp>

<comp id="446" class="1004" name="oi_0_load_load_fu_446">
<pin_list>
<pin id="447" dir="0" index="0" bw="32" slack="3"/>
<pin id="448" dir="1" index="1" bw="32" slack="0"/>
</pin_list>
<bind>
<opcode="load(27) " fcode="load"/>
<opset="oi_0_load/4 "/>
</bind>
</comp>

<comp id="450" class="1004" name="tmp_fu_450">
<pin_list>
<pin id="451" dir="0" index="0" bw="1" slack="0"/>
<pin id="452" dir="0" index="1" bw="6" slack="0"/>
<pin id="453" dir="0" index="2" bw="4" slack="0"/>
<pin id="454" dir="1" index="3" bw="1" slack="2147483647"/>
</pin_list>
<bind>
<opcode="bitselect(1000) " fcode="bitselect"/>
<opset="tmp/4 "/>
</bind>
</comp>

<comp id="458" class="1004" name="r_2_fu_458">
<pin_list>
<pin id="459" dir="0" index="0" bw="6" slack="0"/>
<pin id="460" dir="0" index="1" bw="1" slack="0"/>
<pin id="461" dir="1" index="2" bw="6" slack="2"/>
</pin_list>
<bind>
<opcode="add(8) " fcode="add"/>
<opset="r_2/4 "/>
</bind>
</comp>

<comp id="464" class="1004" name="phi_ln64_1_load_load_fu_464">
<pin_list>
<pin id="465" dir="0" index="0" bw="32" slack="3"/>
<pin id="466" dir="1" index="1" bw="32" slack="0"/>
</pin_list>
<bind>
<opcode="load(27) " fcode="load"/>
<opset="phi_ln64_1_load/4 "/>
</bind>
</comp>

<comp id="467" class="1004" name="phi_ln64_load_load_fu_467">
<pin_list>
<pin id="468" dir="0" index="0" bw="32" slack="3"/>
<pin id="469" dir="1" index="1" bw="32" slack="0"/>
</pin_list>
<bind>
<opcode="load(27) " fcode="load"/>
<opset="phi_ln64_load/4 "/>
</bind>
</comp>

<comp id="470" class="1004" name="trunc_ln47_fu_470">
<pin_list>
<pin id="471" dir="0" index="0" bw="32" slack="0"/>
<pin id="472" dir="1" index="1" bw="15" slack="2"/>
</pin_list>
<bind>
<opcode="trunc(33) " fcode="trunc"/>
<opset="trunc_ln47/4 "/>
</bind>
</comp>

<comp id="474" class="1004" name="trunc_ln47_1_fu_474">
<pin_list>
<pin id="475" dir="0" index="0" bw="32" slack="0"/>
<pin id="476" dir="1" index="1" bw="15" slack="2"/>
</pin_list>
<bind>
<opcode="trunc(33) " fcode="trunc"/>
<opset="trunc_ln47_1/4 "/>
</bind>
</comp>

<comp id="478" class="1004" name="tmp_2_fu_478">
<pin_list>
<pin id="479" dir="0" index="0" bw="17" slack="0"/>
<pin id="480" dir="0" index="1" bw="32" slack="0"/>
<pin id="481" dir="0" index="2" bw="5" slack="0"/>
<pin id="482" dir="0" index="3" bw="6" slack="0"/>
<pin id="483" dir="1" index="4" bw="17" slack="0"/>
</pin_list>
<bind>
<opcode="partselect(1002) " fcode="partselect"/>
<opset="tmp_2/4 "/>
</bind>
</comp>

<comp id="488" class="1004" name="icmp_ln48_fu_488">
<pin_list>
<pin id="489" dir="0" index="0" bw="17" slack="0"/>
<pin id="490" dir="0" index="1" bw="1" slack="0"/>
<pin id="491" dir="1" index="2" bw="1" slack="2"/>
</pin_list>
<bind>
<opcode="icmp(45) " fcode="icmp"/>
<opset="icmp_ln48/4 "/>
</bind>
</comp>

<comp id="494" class="1004" name="tmp_3_fu_494">
<pin_list>
<pin id="495" dir="0" index="0" bw="17" slack="0"/>
<pin id="496" dir="0" index="1" bw="32" slack="0"/>
<pin id="497" dir="0" index="2" bw="5" slack="0"/>
<pin id="498" dir="0" index="3" bw="6" slack="0"/>
<pin id="499" dir="1" index="4" bw="17" slack="0"/>
</pin_list>
<bind>
<opcode="partselect(1002) " fcode="partselect"/>
<opset="tmp_3/4 "/>
</bind>
</comp>

<comp id="504" class="1004" name="icmp_ln51_fu_504">
<pin_list>
<pin id="505" dir="0" index="0" bw="17" slack="0"/>
<pin id="506" dir="0" index="1" bw="1" slack="0"/>
<pin id="507" dir="1" index="2" bw="1" slack="2"/>
</pin_list>
<bind>
<opcode="icmp(45) " fcode="icmp"/>
<opset="icmp_ln51/4 "/>
</bind>
</comp>

<comp id="510" class="1004" name="trunc_ln33_3_fu_510">
<pin_list>
<pin id="511" dir="0" index="0" bw="32" slack="0"/>
<pin id="512" dir="1" index="1" bw="31" slack="0"/>
</pin_list>
<bind>
<opcode="trunc(33) " fcode="trunc"/>
<opset="trunc_ln33_3/4 "/>
</bind>
</comp>

<comp id="514" class="1004" name="trunc_ln33_4_fu_514">
<pin_list>
<pin id="515" dir="0" index="0" bw="32" slack="0"/>
<pin id="516" dir="1" index="1" bw="7" slack="0"/>
</pin_list>
<bind>
<opcode="trunc(33) " fcode="trunc"/>
<opset="trunc_ln33_4/4 "/>
</bind>
</comp>

<comp id="518" class="1004" name="or_ln_fu_518">
<pin_list>
<pin id="519" dir="0" index="0" bw="32" slack="0"/>
<pin id="520" dir="0" index="1" bw="31" slack="0"/>
<pin id="521" dir="0" index="2" bw="1" slack="0"/>
<pin id="522" dir="1" index="3" bw="32" slack="1"/>
</pin_list>
<bind>
<opcode="bitconcatenate(1004) " fcode="bitconcatenate"/>
<opset="or_ln/4 "/>
</bind>
</comp>

<comp id="526" class="1004" name="or_ln1_fu_526">
<pin_list>
<pin id="527" dir="0" index="0" bw="8" slack="0"/>
<pin id="528" dir="0" index="1" bw="7" slack="0"/>
<pin id="529" dir="0" index="2" bw="1" slack="0"/>
<pin id="530" dir="1" index="3" bw="8" slack="0"/>
</pin_list>
<bind>
<opcode="bitconcatenate(1004) " fcode="bitconcatenate"/>
<opset="or_ln1/4 "/>
</bind>
</comp>

<comp id="535" class="1004" name="zext_ln34_4_fu_535">
<pin_list>
<pin id="536" dir="0" index="0" bw="32" slack="0"/>
<pin id="537" dir="1" index="1" bw="64" slack="0"/>
</pin_list>
<bind>
<opcode="zext(34) " fcode="zext"/>
<opset="zext_ln34_4/4 "/>
</bind>
</comp>

<comp id="540" class="1004" name="phi_ln64_1_load_1_load_fu_540">
<pin_list>
<pin id="541" dir="0" index="0" bw="32" slack="3"/>
<pin id="542" dir="1" index="1" bw="32" slack="0"/>
</pin_list>
<bind>
<opcode="load(27) " fcode="load"/>
<opset="phi_ln64_1_load_1/4 "/>
</bind>
</comp>

<comp id="543" class="1004" name="tmp_4_fu_543">
<pin_list>
<pin id="544" dir="0" index="0" bw="18" slack="0"/>
<pin id="545" dir="0" index="1" bw="32" slack="0"/>
<pin id="546" dir="0" index="2" bw="5" slack="0"/>
<pin id="547" dir="0" index="3" bw="6" slack="0"/>
<pin id="548" dir="1" index="4" bw="18" slack="0"/>
</pin_list>
<bind>
<opcode="partselect(1002) " fcode="partselect"/>
<opset="tmp_4/4 "/>
</bind>
</comp>

<comp id="553" class="1004" name="icmp_ln55_fu_553">
<pin_list>
<pin id="554" dir="0" index="0" bw="18" slack="0"/>
<pin id="555" dir="0" index="1" bw="1" slack="0"/>
<pin id="556" dir="1" index="2" bw="1" slack="0"/>
</pin_list>
<bind>
<opcode="icmp(45) " fcode="icmp"/>
<opset="icmp_ln55/4 "/>
</bind>
</comp>

<comp id="559" class="1004" name="icmp_ln55_1_fu_559">
<pin_list>
<pin id="560" dir="0" index="0" bw="32" slack="0"/>
<pin id="561" dir="0" index="1" bw="17" slack="0"/>
<pin id="562" dir="1" index="2" bw="1" slack="0"/>
</pin_list>
<bind>
<opcode="icmp(45) " fcode="icmp"/>
<opset="icmp_ln55_1/4 "/>
</bind>
</comp>

<comp id="565" class="1004" name="and_ln55_fu_565">
<pin_list>
<pin id="566" dir="0" index="0" bw="1" slack="0"/>
<pin id="567" dir="0" index="1" bw="1" slack="0"/>
<pin id="568" dir="1" index="2" bw="1" slack="2147483647"/>
</pin_list>
<bind>
<opcode="and(23) " fcode="and"/>
<opset="and_ln55/4 "/>
</bind>
</comp>

<comp id="571" class="1004" name="add_ln56_fu_571">
<pin_list>
<pin id="572" dir="0" index="0" bw="32" slack="0"/>
<pin id="573" dir="0" index="1" bw="1" slack="0"/>
<pin id="574" dir="1" index="2" bw="32" slack="0"/>
</pin_list>
<bind>
<opcode="add(8) " fcode="add"/>
<opset="add_ln56/4 "/>
</bind>
</comp>

<comp id="577" class="1004" name="bit_sel2_fu_577">
<pin_list>
<pin id="578" dir="0" index="0" bw="1" slack="0"/>
<pin id="579" dir="0" index="1" bw="32" slack="0"/>
<pin id="580" dir="0" index="2" bw="5" slack="0"/>
<pin id="581" dir="1" index="3" bw="1" slack="0"/>
</pin_list>
<bind>
<opcode="bitselect(1000) " fcode="bitselect"/>
<opset="bit_sel2/4 "/>
</bind>
</comp>

<comp id="585" class="1004" name="xor_ln56_2_fu_585">
<pin_list>
<pin id="586" dir="0" index="0" bw="1" slack="0"/>
<pin id="587" dir="0" index="1" bw="1" slack="0"/>
<pin id="588" dir="1" index="2" bw="1" slack="0"/>
</pin_list>
<bind>
<opcode="xor(25) " fcode="xor"/>
<opset="xor_ln56_2/4 "/>
</bind>
</comp>

<comp id="591" class="1004" name="trunc_ln56_fu_591">
<pin_list>
<pin id="592" dir="0" index="0" bw="32" slack="0"/>
<pin id="593" dir="1" index="1" bw="14" slack="0"/>
</pin_list>
<bind>
<opcode="trunc(33) " fcode="trunc"/>
<opset="trunc_ln56/4 "/>
</bind>
</comp>

<comp id="595" class="1004" name="xor_ln_fu_595">
<pin_list>
<pin id="596" dir="0" index="0" bw="15" slack="0"/>
<pin id="597" dir="0" index="1" bw="1" slack="0"/>
<pin id="598" dir="0" index="2" bw="14" slack="0"/>
<pin id="599" dir="1" index="3" bw="15" slack="2"/>
</pin_list>
<bind>
<opcode="bitconcatenate(1004) " fcode="bitconcatenate"/>
<opset="xor_ln/4 "/>
</bind>
</comp>

<comp id="603" class="1004" name="bit_sel_fu_603">
<pin_list>
<pin id="604" dir="0" index="0" bw="1" slack="0"/>
<pin id="605" dir="0" index="1" bw="32" slack="0"/>
<pin id="606" dir="0" index="2" bw="5" slack="0"/>
<pin id="607" dir="1" index="3" bw="1" slack="0"/>
</pin_list>
<bind>
<opcode="bitselect(1000) " fcode="bitselect"/>
<opset="bit_sel/4 "/>
</bind>
</comp>

<comp id="611" class="1004" name="xor_ln56_fu_611">
<pin_list>
<pin id="612" dir="0" index="0" bw="1" slack="0"/>
<pin id="613" dir="0" index="1" bw="1" slack="0"/>
<pin id="614" dir="1" index="2" bw="1" slack="0"/>
</pin_list>
<bind>
<opcode="xor(25) " fcode="xor"/>
<opset="xor_ln56/4 "/>
</bind>
</comp>

<comp id="617" class="1004" name="trunc_ln56_1_fu_617">
<pin_list>
<pin id="618" dir="0" index="0" bw="32" slack="0"/>
<pin id="619" dir="1" index="1" bw="14" slack="0"/>
</pin_list>
<bind>
<opcode="trunc(33) " fcode="trunc"/>
<opset="trunc_ln56_1/4 "/>
</bind>
</comp>

<comp id="621" class="1004" name="xor_ln56_1_fu_621">
<pin_list>
<pin id="622" dir="0" index="0" bw="15" slack="0"/>
<pin id="623" dir="0" index="1" bw="1" slack="0"/>
<pin id="624" dir="0" index="2" bw="14" slack="0"/>
<pin id="625" dir="1" index="3" bw="15" slack="2"/>
</pin_list>
<bind>
<opcode="bitconcatenate(1004) " fcode="bitconcatenate"/>
<opset="xor_ln56_1/4 "/>
</bind>
</comp>

<comp id="629" class="1004" name="store_ln56_store_fu_629">
<pin_list>
<pin id="630" dir="0" index="0" bw="32" slack="0"/>
<pin id="631" dir="0" index="1" bw="32" slack="3"/>
<pin id="632" dir="1" index="2" bw="0" slack="2147483647"/>
</pin_list>
<bind>
<opcode="store(28) " fcode="store"/>
<opset="store_ln56/4 "/>
</bind>
</comp>

<comp id="634" class="1004" name="trunc_ln33_fu_634">
<pin_list>
<pin id="635" dir="0" index="0" bw="32" slack="0"/>
<pin id="636" dir="1" index="1" bw="7" slack="0"/>
</pin_list>
<bind>
<opcode="trunc(33) " fcode="trunc"/>
<opset="trunc_ln33/4 "/>
</bind>
</comp>

<comp id="638" class="1004" name="shl_ln33_fu_638">
<pin_list>
<pin id="639" dir="0" index="0" bw="32" slack="0"/>
<pin id="640" dir="0" index="1" bw="1" slack="0"/>
<pin id="641" dir="1" index="2" bw="32" slack="1"/>
</pin_list>
<bind>
<opcode="shl(20) " fcode="shl"/>
<opset="shl_ln33/4 "/>
</bind>
</comp>

<comp id="644" class="1004" name="trunc_ln1_fu_644">
<pin_list>
<pin id="645" dir="0" index="0" bw="8" slack="0"/>
<pin id="646" dir="0" index="1" bw="7" slack="0"/>
<pin id="647" dir="0" index="2" bw="1" slack="0"/>
<pin id="648" dir="1" index="3" bw="8" slack="0"/>
</pin_list>
<bind>
<opcode="bitconcatenate(1004) " fcode="bitconcatenate"/>
<opset="trunc_ln1/4 "/>
</bind>
</comp>

<comp id="653" class="1004" name="zext_ln34_fu_653">
<pin_list>
<pin id="654" dir="0" index="0" bw="32" slack="0"/>
<pin id="655" dir="1" index="1" bw="64" slack="0"/>
</pin_list>
<bind>
<opcode="zext(34) " fcode="zext"/>
<opset="zext_ln34/4 "/>
</bind>
</comp>

<comp id="658" class="1004" name="phi_ln64_1_load_2_load_fu_658">
<pin_list>
<pin id="659" dir="0" index="0" bw="32" slack="3"/>
<pin id="660" dir="1" index="1" bw="32" slack="0"/>
</pin_list>
<bind>
<opcode="load(27) " fcode="load"/>
<opset="phi_ln64_1_load_2/4 "/>
</bind>
</comp>

<comp id="661" class="1004" name="phi_ln64_load_1_load_fu_661">
<pin_list>
<pin id="662" dir="0" index="0" bw="32" slack="3"/>
<pin id="663" dir="1" index="1" bw="32" slack="0"/>
</pin_list>
<bind>
<opcode="load(27) " fcode="load"/>
<opset="phi_ln64_load_1/4 "/>
</bind>
</comp>

<comp id="664" class="1004" name="lshr_ln_fu_664">
<pin_list>
<pin id="665" dir="0" index="0" bw="27" slack="0"/>
<pin id="666" dir="0" index="1" bw="32" slack="2"/>
<pin id="667" dir="0" index="2" bw="4" slack="0"/>
<pin id="668" dir="0" index="3" bw="6" slack="0"/>
<pin id="669" dir="1" index="4" bw="27" slack="0"/>
</pin_list>
<bind>
<opcode="partselect(1002) " fcode="partselect"/>
<opset="lshr_ln/4 "/>
</bind>
</comp>

<comp id="673" class="1004" name="zext_ln63_fu_673">
<pin_list>
<pin id="674" dir="0" index="0" bw="27" slack="0"/>
<pin id="675" dir="1" index="1" bw="32" slack="0"/>
</pin_list>
<bind>
<opcode="zext(34) " fcode="zext"/>
<opset="zext_ln63/4 "/>
</bind>
</comp>

<comp id="677" class="1004" name="sub_ln63_fu_677">
<pin_list>
<pin id="678" dir="0" index="0" bw="32" slack="2"/>
<pin id="679" dir="0" index="1" bw="27" slack="0"/>
<pin id="680" dir="1" index="2" bw="32" slack="0"/>
</pin_list>
<bind>
<opcode="sub(10) " fcode="sub"/>
<opset="sub_ln63/4 "/>
</bind>
</comp>

<comp id="682" class="1004" name="sub_ln62_fu_682">
<pin_list>
<pin id="683" dir="0" index="0" bw="14" slack="0"/>
<pin id="684" dir="0" index="1" bw="32" slack="2"/>
<pin id="685" dir="1" index="2" bw="32" slack="0"/>
</pin_list>
<bind>
<opcode="sub(10) " fcode="sub"/>
<opset="sub_ln62/4 "/>
</bind>
</comp>

<comp id="687" class="1004" name="lshr_ln1_fu_687">
<pin_list>
<pin id="688" dir="0" index="0" bw="27" slack="0"/>
<pin id="689" dir="0" index="1" bw="32" slack="0"/>
<pin id="690" dir="0" index="2" bw="4" slack="0"/>
<pin id="691" dir="0" index="3" bw="6" slack="0"/>
<pin id="692" dir="1" index="4" bw="27" slack="0"/>
</pin_list>
<bind>
<opcode="partselect(1002) " fcode="partselect"/>
<opset="lshr_ln1/4 "/>
</bind>
</comp>

<comp id="697" class="1004" name="zext_ln62_fu_697">
<pin_list>
<pin id="698" dir="0" index="0" bw="27" slack="0"/>
<pin id="699" dir="1" index="1" bw="32" slack="0"/>
</pin_list>
<bind>
<opcode="zext(34) " fcode="zext"/>
<opset="zext_ln62/4 "/>
</bind>
</comp>

<comp id="701" class="1004" name="add_ln62_fu_701">
<pin_list>
<pin id="702" dir="0" index="0" bw="27" slack="0"/>
<pin id="703" dir="0" index="1" bw="32" slack="2"/>
<pin id="704" dir="1" index="2" bw="32" slack="0"/>
</pin_list>
<bind>
<opcode="add(8) " fcode="add"/>
<opset="add_ln62/4 "/>
</bind>
</comp>

<comp id="706" class="1004" name="select_ln62_fu_706">
<pin_list>
<pin id="707" dir="0" index="0" bw="1" slack="1"/>
<pin id="708" dir="0" index="1" bw="32" slack="0"/>
<pin id="709" dir="0" index="2" bw="32" slack="0"/>
<pin id="710" dir="1" index="3" bw="32" slack="0"/>
</pin_list>
<bind>
<opcode="select(49) " fcode="select"/>
<opset="select_ln62/4 "/>
</bind>
</comp>

<comp id="713" class="1004" name="mrv_s_fu_713">
<pin_list>
<pin id="714" dir="0" index="0" bw="224" slack="0"/>
<pin id="715" dir="0" index="1" bw="32" slack="0"/>
<pin id="716" dir="1" index="2" bw="224" slack="0"/>
</pin_list>
<bind>
<opcode="insertvalue(57) " fcode="insertvalue"/>
<opset="mrv_s/4 "/>
</bind>
</comp>

<comp id="719" class="1004" name="mrv_1_fu_719">
<pin_list>
<pin id="720" dir="0" index="0" bw="224" slack="0"/>
<pin id="721" dir="0" index="1" bw="32" slack="0"/>
<pin id="722" dir="1" index="2" bw="224" slack="0"/>
</pin_list>
<bind>
<opcode="insertvalue(57) " fcode="insertvalue"/>
<opset="mrv_1/4 "/>
</bind>
</comp>

<comp id="725" class="1004" name="mrv_2_fu_725">
<pin_list>
<pin id="726" dir="0" index="0" bw="224" slack="0"/>
<pin id="727" dir="0" index="1" bw="32" slack="0"/>
<pin id="728" dir="1" index="2" bw="224" slack="0"/>
</pin_list>
<bind>
<opcode="insertvalue(57) " fcode="insertvalue"/>
<opset="mrv_2/4 "/>
</bind>
</comp>

<comp id="731" class="1004" name="mrv_3_fu_731">
<pin_list>
<pin id="732" dir="0" index="0" bw="224" slack="0"/>
<pin id="733" dir="0" index="1" bw="32" slack="0"/>
<pin id="734" dir="1" index="2" bw="224" slack="0"/>
</pin_list>
<bind>
<opcode="insertvalue(57) " fcode="insertvalue"/>
<opset="mrv_3/4 "/>
</bind>
</comp>

<comp id="737" class="1004" name="mrv_4_fu_737">
<pin_list>
<pin id="738" dir="0" index="0" bw="224" slack="0"/>
<pin id="739" dir="0" index="1" bw="32" slack="0"/>
<pin id="740" dir="1" index="2" bw="224" slack="0"/>
</pin_list>
<bind>
<opcode="insertvalue(57) " fcode="insertvalue"/>
<opset="mrv_4/4 "/>
</bind>
</comp>

<comp id="743" class="1004" name="mrv_5_fu_743">
<pin_list>
<pin id="744" dir="0" index="0" bw="224" slack="0"/>
<pin id="745" dir="0" index="1" bw="32" slack="0"/>
<pin id="746" dir="1" index="2" bw="224" slack="0"/>
</pin_list>
<bind>
<opcode="insertvalue(57) " fcode="insertvalue"/>
<opset="mrv_5/4 "/>
</bind>
</comp>

<comp id="749" class="1004" name="mrv_6_fu_749">
<pin_list>
<pin id="750" dir="0" index="0" bw="224" slack="0"/>
<pin id="751" dir="0" index="1" bw="32" slack="0"/>
<pin id="752" dir="1" index="2" bw="224" slack="2147483647"/>
</pin_list>
<bind>
<opcode="insertvalue(57) " fcode="insertvalue"/>
<opset="mrv_6/4 "/>
</bind>
</comp>

<comp id="755" class="1004" name="store_ln0_store_fu_755">
<pin_list>
<pin id="756" dir="0" index="0" bw="1" slack="0"/>
<pin id="757" dir="0" index="1" bw="32" slack="5"/>
<pin id="758" dir="1" index="2" bw="0" slack="2147483647"/>
</pin_list>
<bind>
<opcode="store(28) " fcode="store"/>
<opset="store_ln0/6 "/>
</bind>
</comp>

<comp id="760" class="1004" name="store_ln0_store_fu_760">
<pin_list>
<pin id="761" dir="0" index="0" bw="1" slack="0"/>
<pin id="762" dir="0" index="1" bw="32" slack="5"/>
<pin id="763" dir="1" index="2" bw="0" slack="2147483647"/>
</pin_list>
<bind>
<opcode="store(28) " fcode="store"/>
<opset="store_ln0/6 "/>
</bind>
</comp>

<comp id="765" class="1004" name="shl_ln1_fu_765">
<pin_list>
<pin id="766" dir="0" index="0" bw="16" slack="0"/>
<pin id="767" dir="0" index="1" bw="15" slack="0"/>
<pin id="768" dir="0" index="2" bw="1" slack="0"/>
<pin id="769" dir="1" index="3" bw="16" slack="0"/>
</pin_list>
<bind>
<opcode="bitconcatenate(1004) " fcode="bitconcatenate"/>
<opset="shl_ln1/6 "/>
</bind>
</comp>

<comp id="773" class="1004" name="zext_ln59_fu_773">
<pin_list>
<pin id="774" dir="0" index="0" bw="16" slack="0"/>
<pin id="775" dir="1" index="1" bw="32" slack="0"/>
</pin_list>
<bind>
<opcode="zext(34) " fcode="zext"/>
<opset="zext_ln59/6 "/>
</bind>
</comp>

<comp id="777" class="1004" name="or_ln2_fu_777">
<pin_list>
<pin id="778" dir="0" index="0" bw="16" slack="0"/>
<pin id="779" dir="0" index="1" bw="15" slack="0"/>
<pin id="780" dir="0" index="2" bw="1" slack="0"/>
<pin id="781" dir="1" index="3" bw="16" slack="0"/>
</pin_list>
<bind>
<opcode="bitconcatenate(1004) " fcode="bitconcatenate"/>
<opset="or_ln2/6 "/>
</bind>
</comp>

<comp id="785" class="1004" name="zext_ln47_fu_785">
<pin_list>
<pin id="786" dir="0" index="0" bw="16" slack="0"/>
<pin id="787" dir="1" index="1" bw="32" slack="0"/>
</pin_list>
<bind>
<opcode="zext(34) " fcode="zext"/>
<opset="zext_ln47/6 "/>
</bind>
</comp>

<comp id="789" class="1004" name="store_ln38_store_fu_789">
<pin_list>
<pin id="790" dir="0" index="0" bw="16" slack="0"/>
<pin id="791" dir="0" index="1" bw="32" slack="5"/>
<pin id="792" dir="1" index="2" bw="0" slack="2147483647"/>
</pin_list>
<bind>
<opcode="store(28) " fcode="store"/>
<opset="store_ln38/6 "/>
</bind>
</comp>

<comp id="794" class="1004" name="store_ln38_store_fu_794">
<pin_list>
<pin id="795" dir="0" index="0" bw="16" slack="0"/>
<pin id="796" dir="0" index="1" bw="32" slack="5"/>
<pin id="797" dir="1" index="2" bw="0" slack="2147483647"/>
</pin_list>
<bind>
<opcode="store(28) " fcode="store"/>
<opset="store_ln38/6 "/>
</bind>
</comp>

<comp id="799" class="1004" name="store_ln47_store_fu_799">
<pin_list>
<pin id="800" dir="0" index="0" bw="6" slack="2"/>
<pin id="801" dir="0" index="1" bw="6" slack="5"/>
<pin id="802" dir="1" index="2" bw="0" slack="2147483647"/>
</pin_list>
<bind>
<opcode="store(28) " fcode="store"/>
<opset="store_ln47/6 "/>
</bind>
</comp>

<comp id="803" class="1005" name="r_reg_803">
<pin_list>
<pin id="804" dir="0" index="0" bw="6" slack="0"/>
<pin id="805" dir="1" index="1" bw="6" slack="0"/>
</pin_list>
<bind>
<opset="r "/>
</bind>
</comp>

<comp id="810" class="1005" name="pending_0_reg_810">
<pin_list>
<pin id="811" dir="0" index="0" bw="32" slack="0"/>
<pin id="812" dir="1" index="1" bw="32" slack="0"/>
</pin_list>
<bind>
<opset="pending_0 "/>
</bind>
</comp>

<comp id="819" class="1005" name="phi_ln64_1_reg_819">
<pin_list>
<pin id="820" dir="0" index="0" bw="32" slack="2"/>
<pin id="821" dir="1" index="1" bw="32" slack="2"/>
</pin_list>
<bind>
<opset="phi_ln64_1 "/>
</bind>
</comp>

<comp id="828" class="1005" name="phi_ln64_reg_828">
<pin_list>
<pin id="829" dir="0" index="0" bw="32" slack="2"/>
<pin id="830" dir="1" index="1" bw="32" slack="2"/>
</pin_list>
<bind>
<opset="phi_ln64 "/>
</bind>
</comp>

<comp id="836" class="1005" name="oi_0_reg_836">
<pin_list>
<pin id="837" dir="0" index="0" bw="32" slack="0"/>
<pin id="838" dir="1" index="1" bw="32" slack="0"/>
</pin_list>
<bind>
<opset="oi_0 "/>
</bind>
</comp>

<comp id="844" class="1005" name="ob_0_reg_844">
<pin_list>
<pin id="845" dir="0" index="0" bw="32" slack="0"/>
<pin id="846" dir="1" index="1" bw="32" slack="0"/>
</pin_list>
<bind>
<opset="ob_0 "/>
</bind>
</comp>

<comp id="852" class="1005" name="nb_0_reg_852">
<pin_list>
<pin id="853" dir="0" index="0" bw="32" slack="0"/>
<pin id="854" dir="1" index="1" bw="32" slack="0"/>
</pin_list>
<bind>
<opset="nb_0 "/>
</bind>
</comp>

<comp id="860" class="1005" name="high_read_1_reg_860">
<pin_list>
<pin id="861" dir="0" index="0" bw="32" slack="2"/>
<pin id="862" dir="1" index="1" bw="32" slack="2"/>
</pin_list>
<bind>
<opset="high_read_1 "/>
</bind>
</comp>

<comp id="865" class="1005" name="low_read_1_reg_865">
<pin_list>
<pin id="866" dir="0" index="0" bw="32" slack="2"/>
<pin id="867" dir="1" index="1" bw="32" slack="2"/>
</pin_list>
<bind>
<opset="low_read_1 "/>
</bind>
</comp>

<comp id="871" class="1005" name="range_reg_871">
<pin_list>
<pin id="872" dir="0" index="0" bw="32" slack="1"/>
<pin id="873" dir="1" index="1" bw="32" slack="1"/>
</pin_list>
<bind>
<opset="range "/>
</bind>
</comp>

<comp id="876" class="1005" name="prob_read_1_reg_876">
<pin_list>
<pin id="877" dir="0" index="0" bw="32" slack="2"/>
<pin id="878" dir="1" index="1" bw="32" slack="2"/>
</pin_list>
<bind>
<opset="prob_read_1 "/>
</bind>
</comp>

<comp id="884" class="1005" name="split_reg_884">
<pin_list>
<pin id="885" dir="0" index="0" bw="20" slack="1"/>
<pin id="886" dir="1" index="1" bw="20" slack="1"/>
</pin_list>
<bind>
<opset="split "/>
</bind>
</comp>

<comp id="889" class="1005" name="bit_read_reg_889">
<pin_list>
<pin id="890" dir="0" index="0" bw="1" slack="1"/>
<pin id="891" dir="1" index="1" bw="1" slack="1"/>
</pin_list>
<bind>
<opset="bit_read "/>
</bind>
</comp>

<comp id="894" class="1005" name="oi_0_load_reg_894">
<pin_list>
<pin id="895" dir="0" index="0" bw="32" slack="1"/>
<pin id="896" dir="1" index="1" bw="32" slack="1"/>
</pin_list>
<bind>
<opset="oi_0_load "/>
</bind>
</comp>

<comp id="902" class="1005" name="r_2_reg_902">
<pin_list>
<pin id="903" dir="0" index="0" bw="6" slack="2"/>
<pin id="904" dir="1" index="1" bw="6" slack="2"/>
</pin_list>
<bind>
<opset="r_2 "/>
</bind>
</comp>

<comp id="907" class="1005" name="trunc_ln47_reg_907">
<pin_list>
<pin id="908" dir="0" index="0" bw="15" slack="2"/>
<pin id="909" dir="1" index="1" bw="15" slack="2"/>
</pin_list>
<bind>
<opset="trunc_ln47 "/>
</bind>
</comp>

<comp id="913" class="1005" name="trunc_ln47_1_reg_913">
<pin_list>
<pin id="914" dir="0" index="0" bw="15" slack="2"/>
<pin id="915" dir="1" index="1" bw="15" slack="2"/>
</pin_list>
<bind>
<opset="trunc_ln47_1 "/>
</bind>
</comp>

<comp id="919" class="1005" name="icmp_ln48_reg_919">
<pin_list>
<pin id="920" dir="0" index="0" bw="1" slack="2"/>
<pin id="921" dir="1" index="1" bw="1" slack="2147483647"/>
</pin_list>
<bind>
<opset="icmp_ln48 "/>
</bind>
</comp>

<comp id="923" class="1005" name="icmp_ln51_reg_923">
<pin_list>
<pin id="924" dir="0" index="0" bw="1" slack="2"/>
<pin id="925" dir="1" index="1" bw="1" slack="2147483647"/>
</pin_list>
<bind>
<opset="icmp_ln51 "/>
</bind>
</comp>

<comp id="927" class="1005" name="or_ln_reg_927">
<pin_list>
<pin id="928" dir="0" index="0" bw="32" slack="1"/>
<pin id="929" dir="1" index="1" bw="32" slack="1"/>
</pin_list>
<bind>
<opset="or_ln "/>
</bind>
</comp>

<comp id="938" class="1005" name="xor_ln_reg_938">
<pin_list>
<pin id="939" dir="0" index="0" bw="15" slack="2"/>
<pin id="940" dir="1" index="1" bw="15" slack="2"/>
</pin_list>
<bind>
<opset="xor_ln "/>
</bind>
</comp>

<comp id="943" class="1005" name="xor_ln56_1_reg_943">
<pin_list>
<pin id="944" dir="0" index="0" bw="15" slack="2"/>
<pin id="945" dir="1" index="1" bw="15" slack="2"/>
</pin_list>
<bind>
<opset="xor_ln56_1 "/>
</bind>
</comp>

<comp id="948" class="1005" name="shl_ln33_reg_948">
<pin_list>
<pin id="949" dir="0" index="0" bw="32" slack="1"/>
<pin id="950" dir="1" index="1" bw="32" slack="1"/>
</pin_list>
<bind>
<opset="shl_ln33 "/>
</bind>
</comp>

<comp id="956" class="1005" name="pending_0_load44_reg_956">
<pin_list>
<pin id="957" dir="0" index="0" bw="32" slack="1"/>
<pin id="958" dir="1" index="1" bw="32" slack="1"/>
</pin_list>
<bind>
<opset="pending_0_load44 "/>
</bind>
</comp>

<comp id="961" class="1005" name="pending_0_load_3_reg_961">
<pin_list>
<pin id="962" dir="0" index="0" bw="32" slack="1"/>
<pin id="963" dir="1" index="1" bw="32" slack="1"/>
</pin_list>
<bind>
<opset="pending_0_load_3 "/>
</bind>
</comp>

</comp_list>

<net_list>
<net id="97"><net_src comp="18" pin="0"/><net_sink comp="94" pin=0"/></net>

<net id="101"><net_src comp="18" pin="0"/><net_sink comp="98" pin=0"/></net>

<net id="105"><net_src comp="18" pin="0"/><net_sink comp="102" pin=0"/></net>

<net id="109"><net_src comp="18" pin="0"/><net_sink comp="106" pin=0"/></net>

<net id="113"><net_src comp="18" pin="0"/><net_sink comp="110" pin=0"/></net>

<net id="117"><net_src comp="18" pin="0"/><net_sink comp="114" pin=0"/></net>

<net id="121"><net_src comp="18" pin="0"/><net_sink comp="118" pin=0"/></net>

<net id="126"><net_src comp="20" pin="0"/><net_sink comp="122" pin=0"/></net>

<net id="127"><net_src comp="12" pin="0"/><net_sink comp="122" pin=1"/></net>

<net id="132"><net_src comp="20" pin="0"/><net_sink comp="128" pin=0"/></net>

<net id="133"><net_src comp="8" pin="0"/><net_sink comp="128" pin=1"/></net>

<net id="138"><net_src comp="20" pin="0"/><net_sink comp="134" pin=0"/></net>

<net id="139"><net_src comp="6" pin="0"/><net_sink comp="134" pin=1"/></net>

<net id="144"><net_src comp="20" pin="0"/><net_sink comp="140" pin=0"/></net>

<net id="145"><net_src comp="4" pin="0"/><net_sink comp="140" pin=1"/></net>

<net id="150"><net_src comp="20" pin="0"/><net_sink comp="146" pin=0"/></net>

<net id="151"><net_src comp="2" pin="0"/><net_sink comp="146" pin=1"/></net>

<net id="156"><net_src comp="20" pin="0"/><net_sink comp="152" pin=0"/></net>

<net id="157"><net_src comp="0" pin="0"/><net_sink comp="152" pin=1"/></net>

<net id="162"><net_src comp="20" pin="0"/><net_sink comp="158" pin=0"/></net>

<net id="163"><net_src comp="14" pin="0"/><net_sink comp="158" pin=1"/></net>

<net id="168"><net_src comp="30" pin="0"/><net_sink comp="164" pin=0"/></net>

<net id="169"><net_src comp="16" pin="0"/><net_sink comp="164" pin=1"/></net>

<net id="175"><net_src comp="10" pin="0"/><net_sink comp="170" pin=0"/></net>

<net id="176"><net_src comp="42" pin="0"/><net_sink comp="170" pin=1"/></net>

<net id="182"><net_src comp="170" pin="3"/><net_sink comp="177" pin=0"/></net>

<net id="188"><net_src comp="10" pin="0"/><net_sink comp="183" pin=0"/></net>

<net id="189"><net_src comp="42" pin="0"/><net_sink comp="183" pin=1"/></net>

<net id="190"><net_src comp="183" pin="3"/><net_sink comp="177" pin=0"/></net>

<net id="200"><net_src comp="194" pin="4"/><net_sink comp="191" pin=0"/></net>

<net id="204"><net_src comp="86" pin="0"/><net_sink comp="201" pin=0"/></net>

<net id="211"><net_src comp="201" pin="1"/><net_sink comp="205" pin=2"/></net>

<net id="212"><net_src comp="205" pin="4"/><net_sink comp="201" pin=0"/></net>

<net id="216"><net_src comp="86" pin="0"/><net_sink comp="213" pin=0"/></net>

<net id="223"><net_src comp="213" pin="1"/><net_sink comp="217" pin=2"/></net>

<net id="224"><net_src comp="217" pin="4"/><net_sink comp="213" pin=0"/></net>

<net id="256"><net_src comp="250" pin="4"/><net_sink comp="247" pin=0"/></net>

<net id="260"><net_src comp="86" pin="0"/><net_sink comp="257" pin=0"/></net>

<net id="267"><net_src comp="257" pin="1"/><net_sink comp="261" pin=2"/></net>

<net id="268"><net_src comp="261" pin="4"/><net_sink comp="257" pin=0"/></net>

<net id="272"><net_src comp="86" pin="0"/><net_sink comp="269" pin=0"/></net>

<net id="279"><net_src comp="269" pin="1"/><net_sink comp="273" pin=2"/></net>

<net id="280"><net_src comp="273" pin="4"/><net_sink comp="269" pin=0"/></net>

<net id="292"><net_src comp="88" pin="0"/><net_sink comp="281" pin=0"/></net>

<net id="293"><net_src comp="194" pin="4"/><net_sink comp="281" pin=1"/></net>

<net id="294"><net_src comp="205" pin="4"/><net_sink comp="281" pin=2"/></net>

<net id="295"><net_src comp="217" pin="4"/><net_sink comp="281" pin=3"/></net>

<net id="296"><net_src comp="10" pin="0"/><net_sink comp="281" pin=5"/></net>

<net id="308"><net_src comp="90" pin="0"/><net_sink comp="297" pin=0"/></net>

<net id="309"><net_src comp="250" pin="4"/><net_sink comp="297" pin=1"/></net>

<net id="310"><net_src comp="261" pin="4"/><net_sink comp="297" pin=2"/></net>

<net id="311"><net_src comp="273" pin="4"/><net_sink comp="297" pin=3"/></net>

<net id="312"><net_src comp="10" pin="0"/><net_sink comp="297" pin=5"/></net>

<net id="317"><net_src comp="158" pin="2"/><net_sink comp="313" pin=1"/></net>

<net id="328"><net_src comp="321" pin="1"/><net_sink comp="324" pin=0"/></net>

<net id="329"><net_src comp="18" pin="0"/><net_sink comp="324" pin=1"/></net>

<net id="334"><net_src comp="324" pin="2"/><net_sink comp="330" pin=0"/></net>

<net id="335"><net_src comp="62" pin="0"/><net_sink comp="330" pin=1"/></net>

<net id="340"><net_src comp="18" pin="0"/><net_sink comp="336" pin=1"/></net>

<net id="344"><net_src comp="341" pin="1"/><net_sink comp="281" pin=4"/></net>

<net id="345"><net_src comp="341" pin="1"/><net_sink comp="297" pin=4"/></net>

<net id="349"><net_src comp="324" pin="2"/><net_sink comp="346" pin=0"/></net>

<net id="350"><net_src comp="346" pin="1"/><net_sink comp="205" pin=0"/></net>

<net id="351"><net_src comp="346" pin="1"/><net_sink comp="261" pin=0"/></net>

<net id="355"><net_src comp="336" pin="2"/><net_sink comp="352" pin=0"/></net>

<net id="356"><net_src comp="352" pin="1"/><net_sink comp="194" pin=2"/></net>

<net id="357"><net_src comp="352" pin="1"/><net_sink comp="250" pin=2"/></net>

<net id="362"><net_src comp="146" pin="2"/><net_sink comp="358" pin=0"/></net>

<net id="363"><net_src comp="18" pin="0"/><net_sink comp="358" pin=1"/></net>

<net id="368"><net_src comp="358" pin="2"/><net_sink comp="364" pin=0"/></net>

<net id="369"><net_src comp="152" pin="2"/><net_sink comp="364" pin=1"/></net>

<net id="374"><net_src comp="128" pin="2"/><net_sink comp="370" pin=0"/></net>

<net id="379"><net_src comp="134" pin="2"/><net_sink comp="375" pin=0"/></net>

<net id="384"><net_src comp="122" pin="2"/><net_sink comp="380" pin=0"/></net>

<net id="389"><net_src comp="140" pin="2"/><net_sink comp="385" pin=0"/></net>

<net id="394"><net_src comp="22" pin="0"/><net_sink comp="390" pin=0"/></net>

<net id="401"><net_src comp="24" pin="0"/><net_sink comp="395" pin=0"/></net>

<net id="402"><net_src comp="313" pin="2"/><net_sink comp="395" pin=1"/></net>

<net id="403"><net_src comp="26" pin="0"/><net_sink comp="395" pin=2"/></net>

<net id="404"><net_src comp="28" pin="0"/><net_sink comp="395" pin=3"/></net>

<net id="412"><net_src comp="405" pin="1"/><net_sink comp="408" pin=0"/></net>

<net id="417"><net_src comp="408" pin="2"/><net_sink comp="413" pin=0"/></net>

<net id="418"><net_src comp="32" pin="0"/><net_sink comp="413" pin=1"/></net>

<net id="424"><net_src comp="164" pin="2"/><net_sink comp="419" pin=0"/></net>

<net id="425"><net_src comp="408" pin="2"/><net_sink comp="419" pin=1"/></net>

<net id="431"><net_src comp="164" pin="2"/><net_sink comp="426" pin=0"/></net>

<net id="432"><net_src comp="413" pin="2"/><net_sink comp="426" pin=2"/></net>

<net id="437"><net_src comp="419" pin="3"/><net_sink comp="433" pin=0"/></net>

<net id="442"><net_src comp="426" pin="3"/><net_sink comp="438" pin=0"/></net>

<net id="449"><net_src comp="446" pin="1"/><net_sink comp="336" pin=0"/></net>

<net id="455"><net_src comp="34" pin="0"/><net_sink comp="450" pin=0"/></net>

<net id="456"><net_src comp="443" pin="1"/><net_sink comp="450" pin=1"/></net>

<net id="457"><net_src comp="36" pin="0"/><net_sink comp="450" pin=2"/></net>

<net id="462"><net_src comp="443" pin="1"/><net_sink comp="458" pin=0"/></net>

<net id="463"><net_src comp="38" pin="0"/><net_sink comp="458" pin=1"/></net>

<net id="473"><net_src comp="464" pin="1"/><net_sink comp="470" pin=0"/></net>

<net id="477"><net_src comp="467" pin="1"/><net_sink comp="474" pin=0"/></net>

<net id="484"><net_src comp="52" pin="0"/><net_sink comp="478" pin=0"/></net>

<net id="485"><net_src comp="464" pin="1"/><net_sink comp="478" pin=1"/></net>

<net id="486"><net_src comp="54" pin="0"/><net_sink comp="478" pin=2"/></net>

<net id="487"><net_src comp="28" pin="0"/><net_sink comp="478" pin=3"/></net>

<net id="492"><net_src comp="478" pin="4"/><net_sink comp="488" pin=0"/></net>

<net id="493"><net_src comp="56" pin="0"/><net_sink comp="488" pin=1"/></net>

<net id="500"><net_src comp="52" pin="0"/><net_sink comp="494" pin=0"/></net>

<net id="501"><net_src comp="467" pin="1"/><net_sink comp="494" pin=1"/></net>

<net id="502"><net_src comp="54" pin="0"/><net_sink comp="494" pin=2"/></net>

<net id="503"><net_src comp="28" pin="0"/><net_sink comp="494" pin=3"/></net>

<net id="508"><net_src comp="494" pin="4"/><net_sink comp="504" pin=0"/></net>

<net id="509"><net_src comp="56" pin="0"/><net_sink comp="504" pin=1"/></net>

<net id="513"><net_src comp="318" pin="1"/><net_sink comp="510" pin=0"/></net>

<net id="517"><net_src comp="318" pin="1"/><net_sink comp="514" pin=0"/></net>

<net id="523"><net_src comp="58" pin="0"/><net_sink comp="518" pin=0"/></net>

<net id="524"><net_src comp="510" pin="1"/><net_sink comp="518" pin=1"/></net>

<net id="525"><net_src comp="60" pin="0"/><net_sink comp="518" pin=2"/></net>

<net id="531"><net_src comp="64" pin="0"/><net_sink comp="526" pin=0"/></net>

<net id="532"><net_src comp="514" pin="1"/><net_sink comp="526" pin=1"/></net>

<net id="533"><net_src comp="60" pin="0"/><net_sink comp="526" pin=2"/></net>

<net id="534"><net_src comp="526" pin="3"/><net_sink comp="177" pin=1"/></net>

<net id="538"><net_src comp="446" pin="1"/><net_sink comp="535" pin=0"/></net>

<net id="539"><net_src comp="535" pin="1"/><net_sink comp="170" pin=2"/></net>

<net id="549"><net_src comp="66" pin="0"/><net_sink comp="543" pin=0"/></net>

<net id="550"><net_src comp="467" pin="1"/><net_sink comp="543" pin=1"/></net>

<net id="551"><net_src comp="68" pin="0"/><net_sink comp="543" pin=2"/></net>

<net id="552"><net_src comp="28" pin="0"/><net_sink comp="543" pin=3"/></net>

<net id="557"><net_src comp="543" pin="4"/><net_sink comp="553" pin=0"/></net>

<net id="558"><net_src comp="70" pin="0"/><net_sink comp="553" pin=1"/></net>

<net id="563"><net_src comp="540" pin="1"/><net_sink comp="559" pin=0"/></net>

<net id="564"><net_src comp="72" pin="0"/><net_sink comp="559" pin=1"/></net>

<net id="569"><net_src comp="553" pin="2"/><net_sink comp="565" pin=0"/></net>

<net id="570"><net_src comp="559" pin="2"/><net_sink comp="565" pin=1"/></net>

<net id="575"><net_src comp="341" pin="1"/><net_sink comp="571" pin=0"/></net>

<net id="576"><net_src comp="18" pin="0"/><net_sink comp="571" pin=1"/></net>

<net id="582"><net_src comp="74" pin="0"/><net_sink comp="577" pin=0"/></net>

<net id="583"><net_src comp="467" pin="1"/><net_sink comp="577" pin=1"/></net>

<net id="584"><net_src comp="68" pin="0"/><net_sink comp="577" pin=2"/></net>

<net id="589"><net_src comp="577" pin="3"/><net_sink comp="585" pin=0"/></net>

<net id="590"><net_src comp="60" pin="0"/><net_sink comp="585" pin=1"/></net>

<net id="594"><net_src comp="467" pin="1"/><net_sink comp="591" pin=0"/></net>

<net id="600"><net_src comp="76" pin="0"/><net_sink comp="595" pin=0"/></net>

<net id="601"><net_src comp="585" pin="2"/><net_sink comp="595" pin=1"/></net>

<net id="602"><net_src comp="591" pin="1"/><net_sink comp="595" pin=2"/></net>

<net id="608"><net_src comp="74" pin="0"/><net_sink comp="603" pin=0"/></net>

<net id="609"><net_src comp="540" pin="1"/><net_sink comp="603" pin=1"/></net>

<net id="610"><net_src comp="68" pin="0"/><net_sink comp="603" pin=2"/></net>

<net id="615"><net_src comp="603" pin="3"/><net_sink comp="611" pin=0"/></net>

<net id="616"><net_src comp="60" pin="0"/><net_sink comp="611" pin=1"/></net>

<net id="620"><net_src comp="540" pin="1"/><net_sink comp="617" pin=0"/></net>

<net id="626"><net_src comp="76" pin="0"/><net_sink comp="621" pin=0"/></net>

<net id="627"><net_src comp="611" pin="2"/><net_sink comp="621" pin=1"/></net>

<net id="628"><net_src comp="617" pin="1"/><net_sink comp="621" pin=2"/></net>

<net id="633"><net_src comp="571" pin="2"/><net_sink comp="629" pin=0"/></net>

<net id="637"><net_src comp="318" pin="1"/><net_sink comp="634" pin=0"/></net>

<net id="642"><net_src comp="318" pin="1"/><net_sink comp="638" pin=0"/></net>

<net id="643"><net_src comp="18" pin="0"/><net_sink comp="638" pin=1"/></net>

<net id="649"><net_src comp="64" pin="0"/><net_sink comp="644" pin=0"/></net>

<net id="650"><net_src comp="634" pin="1"/><net_sink comp="644" pin=1"/></net>

<net id="651"><net_src comp="78" pin="0"/><net_sink comp="644" pin=2"/></net>

<net id="652"><net_src comp="644" pin="3"/><net_sink comp="177" pin=1"/></net>

<net id="656"><net_src comp="446" pin="1"/><net_sink comp="653" pin=0"/></net>

<net id="657"><net_src comp="653" pin="1"/><net_sink comp="183" pin=2"/></net>

<net id="670"><net_src comp="80" pin="0"/><net_sink comp="664" pin=0"/></net>

<net id="671"><net_src comp="36" pin="0"/><net_sink comp="664" pin=2"/></net>

<net id="672"><net_src comp="28" pin="0"/><net_sink comp="664" pin=3"/></net>

<net id="676"><net_src comp="664" pin="4"/><net_sink comp="673" pin=0"/></net>

<net id="681"><net_src comp="673" pin="1"/><net_sink comp="677" pin=1"/></net>

<net id="686"><net_src comp="82" pin="0"/><net_sink comp="682" pin=0"/></net>

<net id="693"><net_src comp="80" pin="0"/><net_sink comp="687" pin=0"/></net>

<net id="694"><net_src comp="682" pin="2"/><net_sink comp="687" pin=1"/></net>

<net id="695"><net_src comp="36" pin="0"/><net_sink comp="687" pin=2"/></net>

<net id="696"><net_src comp="28" pin="0"/><net_sink comp="687" pin=3"/></net>

<net id="700"><net_src comp="687" pin="4"/><net_sink comp="697" pin=0"/></net>

<net id="705"><net_src comp="697" pin="1"/><net_sink comp="701" pin=0"/></net>

<net id="711"><net_src comp="677" pin="2"/><net_sink comp="706" pin=1"/></net>

<net id="712"><net_src comp="701" pin="2"/><net_sink comp="706" pin=2"/></net>

<net id="717"><net_src comp="84" pin="0"/><net_sink comp="713" pin=0"/></net>

<net id="718"><net_src comp="341" pin="1"/><net_sink comp="713" pin=1"/></net>

<net id="723"><net_src comp="713" pin="2"/><net_sink comp="719" pin=0"/></net>

<net id="724"><net_src comp="318" pin="1"/><net_sink comp="719" pin=1"/></net>

<net id="729"><net_src comp="719" pin="2"/><net_sink comp="725" pin=0"/></net>

<net id="730"><net_src comp="321" pin="1"/><net_sink comp="725" pin=1"/></net>

<net id="735"><net_src comp="725" pin="2"/><net_sink comp="731" pin=0"/></net>

<net id="736"><net_src comp="446" pin="1"/><net_sink comp="731" pin=1"/></net>

<net id="741"><net_src comp="731" pin="2"/><net_sink comp="737" pin=0"/></net>

<net id="742"><net_src comp="661" pin="1"/><net_sink comp="737" pin=1"/></net>

<net id="747"><net_src comp="737" pin="2"/><net_sink comp="743" pin=0"/></net>

<net id="748"><net_src comp="658" pin="1"/><net_sink comp="743" pin=1"/></net>

<net id="753"><net_src comp="743" pin="2"/><net_sink comp="749" pin=0"/></net>

<net id="754"><net_src comp="706" pin="3"/><net_sink comp="749" pin=1"/></net>

<net id="759"><net_src comp="86" pin="0"/><net_sink comp="755" pin=0"/></net>

<net id="764"><net_src comp="86" pin="0"/><net_sink comp="760" pin=0"/></net>

<net id="770"><net_src comp="92" pin="0"/><net_sink comp="765" pin=0"/></net>

<net id="771"><net_src comp="239" pin="6"/><net_sink comp="765" pin=1"/></net>

<net id="772"><net_src comp="78" pin="0"/><net_sink comp="765" pin=2"/></net>

<net id="776"><net_src comp="765" pin="3"/><net_sink comp="773" pin=0"/></net>

<net id="782"><net_src comp="92" pin="0"/><net_sink comp="777" pin=0"/></net>

<net id="783"><net_src comp="228" pin="6"/><net_sink comp="777" pin=1"/></net>

<net id="784"><net_src comp="60" pin="0"/><net_sink comp="777" pin=2"/></net>

<net id="788"><net_src comp="777" pin="3"/><net_sink comp="785" pin=0"/></net>

<net id="793"><net_src comp="773" pin="1"/><net_sink comp="789" pin=0"/></net>

<net id="798"><net_src comp="785" pin="1"/><net_sink comp="794" pin=0"/></net>

<net id="806"><net_src comp="94" pin="1"/><net_sink comp="803" pin=0"/></net>

<net id="807"><net_src comp="803" pin="1"/><net_sink comp="390" pin=1"/></net>

<net id="808"><net_src comp="803" pin="1"/><net_sink comp="443" pin=0"/></net>

<net id="809"><net_src comp="803" pin="1"/><net_sink comp="799" pin=1"/></net>

<net id="813"><net_src comp="98" pin="1"/><net_sink comp="810" pin=0"/></net>

<net id="814"><net_src comp="810" pin="1"/><net_sink comp="385" pin=1"/></net>

<net id="815"><net_src comp="810" pin="1"/><net_sink comp="341" pin=0"/></net>

<net id="816"><net_src comp="810" pin="1"/><net_sink comp="629" pin=1"/></net>

<net id="817"><net_src comp="810" pin="1"/><net_sink comp="755" pin=1"/></net>

<net id="818"><net_src comp="810" pin="1"/><net_sink comp="760" pin=1"/></net>

<net id="822"><net_src comp="102" pin="1"/><net_sink comp="819" pin=0"/></net>

<net id="823"><net_src comp="819" pin="1"/><net_sink comp="438" pin=1"/></net>

<net id="824"><net_src comp="819" pin="1"/><net_sink comp="464" pin=0"/></net>

<net id="825"><net_src comp="819" pin="1"/><net_sink comp="540" pin=0"/></net>

<net id="826"><net_src comp="819" pin="1"/><net_sink comp="658" pin=0"/></net>

<net id="827"><net_src comp="819" pin="1"/><net_sink comp="794" pin=1"/></net>

<net id="831"><net_src comp="106" pin="1"/><net_sink comp="828" pin=0"/></net>

<net id="832"><net_src comp="828" pin="1"/><net_sink comp="433" pin=1"/></net>

<net id="833"><net_src comp="828" pin="1"/><net_sink comp="467" pin=0"/></net>

<net id="834"><net_src comp="828" pin="1"/><net_sink comp="661" pin=0"/></net>

<net id="835"><net_src comp="828" pin="1"/><net_sink comp="789" pin=1"/></net>

<net id="839"><net_src comp="110" pin="1"/><net_sink comp="836" pin=0"/></net>

<net id="840"><net_src comp="836" pin="1"/><net_sink comp="380" pin=1"/></net>

<net id="841"><net_src comp="836" pin="1"/><net_sink comp="446" pin=0"/></net>

<net id="842"><net_src comp="836" pin="1"/><net_sink comp="281" pin=6"/></net>

<net id="843"><net_src comp="836" pin="1"/><net_sink comp="297" pin=6"/></net>

<net id="847"><net_src comp="114" pin="1"/><net_sink comp="844" pin=0"/></net>

<net id="848"><net_src comp="844" pin="1"/><net_sink comp="375" pin=1"/></net>

<net id="849"><net_src comp="844" pin="1"/><net_sink comp="318" pin=0"/></net>

<net id="850"><net_src comp="844" pin="1"/><net_sink comp="281" pin=8"/></net>

<net id="851"><net_src comp="844" pin="1"/><net_sink comp="297" pin=8"/></net>

<net id="855"><net_src comp="118" pin="1"/><net_sink comp="852" pin=0"/></net>

<net id="856"><net_src comp="852" pin="1"/><net_sink comp="370" pin=1"/></net>

<net id="857"><net_src comp="852" pin="1"/><net_sink comp="321" pin=0"/></net>

<net id="858"><net_src comp="852" pin="1"/><net_sink comp="281" pin=7"/></net>

<net id="859"><net_src comp="852" pin="1"/><net_sink comp="297" pin=7"/></net>

<net id="863"><net_src comp="146" pin="2"/><net_sink comp="860" pin=0"/></net>

<net id="864"><net_src comp="860" pin="1"/><net_sink comp="426" pin=1"/></net>

<net id="868"><net_src comp="152" pin="2"/><net_sink comp="865" pin=0"/></net>

<net id="869"><net_src comp="865" pin="1"/><net_sink comp="408" pin=1"/></net>

<net id="870"><net_src comp="865" pin="1"/><net_sink comp="419" pin=2"/></net>

<net id="874"><net_src comp="364" pin="2"/><net_sink comp="871" pin=0"/></net>

<net id="875"><net_src comp="871" pin="1"/><net_sink comp="313" pin=0"/></net>

<net id="879"><net_src comp="158" pin="2"/><net_sink comp="876" pin=0"/></net>

<net id="880"><net_src comp="876" pin="1"/><net_sink comp="664" pin=1"/></net>

<net id="881"><net_src comp="876" pin="1"/><net_sink comp="677" pin=0"/></net>

<net id="882"><net_src comp="876" pin="1"/><net_sink comp="682" pin=1"/></net>

<net id="883"><net_src comp="876" pin="1"/><net_sink comp="701" pin=1"/></net>

<net id="887"><net_src comp="395" pin="4"/><net_sink comp="884" pin=0"/></net>

<net id="888"><net_src comp="884" pin="1"/><net_sink comp="405" pin=0"/></net>

<net id="892"><net_src comp="164" pin="2"/><net_sink comp="889" pin=0"/></net>

<net id="893"><net_src comp="889" pin="1"/><net_sink comp="706" pin=0"/></net>

<net id="897"><net_src comp="446" pin="1"/><net_sink comp="894" pin=0"/></net>

<net id="898"><net_src comp="894" pin="1"/><net_sink comp="250" pin=0"/></net>

<net id="905"><net_src comp="458" pin="2"/><net_sink comp="902" pin=0"/></net>

<net id="906"><net_src comp="902" pin="1"/><net_sink comp="799" pin=0"/></net>

<net id="910"><net_src comp="470" pin="1"/><net_sink comp="907" pin=0"/></net>

<net id="911"><net_src comp="907" pin="1"/><net_sink comp="228" pin=2"/></net>

<net id="912"><net_src comp="907" pin="1"/><net_sink comp="228" pin=4"/></net>

<net id="916"><net_src comp="474" pin="1"/><net_sink comp="913" pin=0"/></net>

<net id="917"><net_src comp="913" pin="1"/><net_sink comp="239" pin=2"/></net>

<net id="918"><net_src comp="913" pin="1"/><net_sink comp="239" pin=4"/></net>

<net id="922"><net_src comp="488" pin="2"/><net_sink comp="919" pin=0"/></net>

<net id="926"><net_src comp="504" pin="2"/><net_sink comp="923" pin=0"/></net>

<net id="930"><net_src comp="518" pin="3"/><net_sink comp="927" pin=0"/></net>

<net id="931"><net_src comp="927" pin="1"/><net_sink comp="217" pin=0"/></net>

<net id="941"><net_src comp="595" pin="3"/><net_sink comp="938" pin=0"/></net>

<net id="942"><net_src comp="938" pin="1"/><net_sink comp="239" pin=0"/></net>

<net id="946"><net_src comp="621" pin="3"/><net_sink comp="943" pin=0"/></net>

<net id="947"><net_src comp="943" pin="1"/><net_sink comp="228" pin=0"/></net>

<net id="951"><net_src comp="638" pin="2"/><net_sink comp="948" pin=0"/></net>

<net id="952"><net_src comp="948" pin="1"/><net_sink comp="273" pin=0"/></net>

<net id="959"><net_src comp="341" pin="1"/><net_sink comp="956" pin=0"/></net>

<net id="960"><net_src comp="956" pin="1"/><net_sink comp="281" pin=4"/></net>

<net id="964"><net_src comp="341" pin="1"/><net_sink comp="961" pin=0"/></net>

<net id="965"><net_src comp="961" pin="1"/><net_sink comp="297" pin=4"/></net>

</net_list>

</model> 
---------------- Datapath Model END ------------------

* FSMD analyzer results:
  - Output states:
	Port: out_r | {4 5 6 7 }
 - Input state : 
	Port: encode_bit.1 : low_read | {1 }
	Port: encode_bit.1 : high_read | {1 }
	Port: encode_bit.1 : pending_read | {1 }
	Port: encode_bit.1 : ob_read | {1 }
	Port: encode_bit.1 : nb_read | {1 }
	Port: encode_bit.1 : oi_read | {1 }
	Port: encode_bit.1 : prob_read | {2 }
	Port: encode_bit.1 : bit_r | {3 }
  - Chain level:
	State 1
		range : 1
		store_ln47 : 1
	State 2
		split : 1
	State 3
		add_ln43 : 1
		add_ln43_1 : 2
		select_ln43 : 2
		select_ln43_1 : 3
		store_ln38 : 3
		store_ln38 : 4
	State 4
		tmp : 1
		r_2 : 1
		br_ln47 : 2
		trunc_ln47 : 1
		trunc_ln47_1 : 1
		tmp_2 : 1
		icmp_ln48 : 2
		br_ln48 : 3
		tmp_3 : 1
		icmp_ln51 : 2
		br_ln51 : 3
		trunc_ln33_3 : 1
		trunc_ln33_4 : 1
		or_ln : 2
		add_ln33_1 : 1
		icmp_ln34_2 : 2
		br_ln34 : 3
		or_ln1 : 2
		add_ln34_1 : 1
		zext_ln34_4 : 1
		out_addr_3 : 2
		store_ln34 : 3
		tmp_4 : 1
		icmp_ln55 : 2
		icmp_ln55_1 : 1
		and_ln55 : 3
		br_ln55 : 3
		add_ln56 : 1
		bit_sel2 : 1
		xor_ln56_2 : 2
		trunc_ln56 : 1
		xor_ln : 2
		bit_sel : 1
		xor_ln56 : 2
		trunc_ln56_1 : 1
		xor_ln56_1 : 2
		store_ln56 : 2
		trunc_ln33 : 1
		shl_ln33 : 1
		add_ln33 : 1
		icmp_ln34 : 2
		br_ln34 : 3
		trunc_ln1 : 2
		add_ln34 : 1
		zext_ln34 : 1
		out_addr : 2
		store_ln34 : 3
		zext_ln63 : 1
		sub_ln63 : 2
		lshr_ln1 : 1
		zext_ln62 : 2
		add_ln62 : 3
		select_ln62 : 4
		mrv_s : 1
		mrv_1 : 2
		mrv_2 : 3
		mrv_3 : 4
		mrv_4 : 5
		mrv_5 : 6
		mrv_6 : 7
		ret_ln64 : 8
	State 5
		call_ln34 : 1
	State 6
		empty : 1
		empty_45 : 1
		shl_ln1 : 2
		zext_ln59 : 3
		or_ln2 : 2
		zext_ln47 : 3
		store_ln38 : 4
		store_ln38 : 4
	State 7
		call_ln34 : 1


============================================================
+ Verbose Summary: Datapath Resource usage 
============================================================

* Functional unit list:
|----------|--------------------------------------------------|---------|---------|---------|
| Operation|                  Functional Unit                 |   DSP   |    FF   |   LUT   |
|----------|--------------------------------------------------|---------|---------|---------|
|   call   | grp_encode_bit_1_Pipeline_VITIS_LOOP_53_2_fu_281 |    0    |    32   |   195   |
|          | grp_encode_bit_1_Pipeline_VITIS_LOOP_50_1_fu_297 |    0    |    32   |   195   |
|----------|--------------------------------------------------|---------|---------|---------|
|          |                    grp_fu_324                    |    0    |    0    |    39   |
|          |                    grp_fu_336                    |    0    |    0    |    39   |
|          |                  add_ln41_fu_358                 |    0    |    0    |    32   |
|    add   |                  add_ln43_fu_408                 |    0    |    0    |    39   |
|          |                 add_ln43_1_fu_413                |    0    |    0    |    39   |
|          |                    r_2_fu_458                    |    0    |    0    |    13   |
|          |                  add_ln56_fu_571                 |    0    |    0    |    39   |
|          |                  add_ln62_fu_701                 |    0    |    0    |    39   |
|----------|--------------------------------------------------|---------|---------|---------|
|          |                    grp_fu_330                    |    0    |    0    |    39   |
|          |                 icmp_ln48_fu_488                 |    0    |    0    |    24   |
|   icmp   |                 icmp_ln51_fu_504                 |    0    |    0    |    24   |
|          |                 icmp_ln55_fu_553                 |    0    |    0    |    25   |
|          |                icmp_ln55_1_fu_559                |    0    |    0    |    39   |
|----------|--------------------------------------------------|---------|---------|---------|
|          |                   range_fu_364                   |    0    |    0    |    32   |
|    sub   |                  sub_ln63_fu_677                 |    0    |    0    |    39   |
|          |                  sub_ln62_fu_682                 |    0    |    0    |    39   |
|----------|--------------------------------------------------|---------|---------|---------|
|          |                select_ln43_fu_419                |    0    |    0    |    32   |
|  select  |               select_ln43_1_fu_426               |    0    |    0    |    32   |
|          |                select_ln62_fu_706                |    0    |    0    |    32   |
|----------|--------------------------------------------------|---------|---------|---------|
|    mul   |                  mul_ln42_fu_313                 |    3    |    0    |    20   |
|----------|--------------------------------------------------|---------|---------|---------|
|    xor   |                 xor_ln56_2_fu_585                |    0    |    0    |    2    |
|          |                  xor_ln56_fu_611                 |    0    |    0    |    2    |
|----------|--------------------------------------------------|---------|---------|---------|
|    and   |                  and_ln55_fu_565                 |    0    |    0    |    2    |
|----------|--------------------------------------------------|---------|---------|---------|
|          |               oi_read_1_read_fu_122              |    0    |    0    |    0    |
|          |               nb_read_1_read_fu_128              |    0    |    0    |    0    |
|          |               ob_read_1_read_fu_134              |    0    |    0    |    0    |
|   read   |            pending_read_1_read_fu_140            |    0    |    0    |    0    |
|          |              high_read_1_read_fu_146             |    0    |    0    |    0    |
|          |              low_read_1_read_fu_152              |    0    |    0    |    0    |
|          |              prob_read_1_read_fu_158             |    0    |    0    |    0    |
|          |               bit_read_read_fu_164               |    0    |    0    |    0    |
|----------|--------------------------------------------------|---------|---------|---------|
|          |                   split_fu_395                   |    0    |    0    |    0    |
|          |                   tmp_2_fu_478                   |    0    |    0    |    0    |
|partselect|                   tmp_3_fu_494                   |    0    |    0    |    0    |
|          |                   tmp_4_fu_543                   |    0    |    0    |    0    |
|          |                  lshr_ln_fu_664                  |    0    |    0    |    0    |
|          |                  lshr_ln1_fu_687                 |    0    |    0    |    0    |
|----------|--------------------------------------------------|---------|---------|---------|
|          |                 zext_ln42_fu_405                 |    0    |    0    |    0    |
|          |                zext_ln34_4_fu_535                |    0    |    0    |    0    |
|          |                 zext_ln34_fu_653                 |    0    |    0    |    0    |
|   zext   |                 zext_ln63_fu_673                 |    0    |    0    |    0    |
|          |                 zext_ln62_fu_697                 |    0    |    0    |    0    |
|          |                 zext_ln59_fu_773                 |    0    |    0    |    0    |
|          |                 zext_ln47_fu_785                 |    0    |    0    |    0    |
|----------|--------------------------------------------------|---------|---------|---------|
|          |                    tmp_fu_450                    |    0    |    0    |    0    |
| bitselect|                  bit_sel2_fu_577                 |    0    |    0    |    0    |
|          |                  bit_sel_fu_603                  |    0    |    0    |    0    |
|----------|--------------------------------------------------|---------|---------|---------|
|          |                 trunc_ln47_fu_470                |    0    |    0    |    0    |
|          |                trunc_ln47_1_fu_474               |    0    |    0    |    0    |
|          |                trunc_ln33_3_fu_510               |    0    |    0    |    0    |
|   trunc  |                trunc_ln33_4_fu_514               |    0    |    0    |    0    |
|          |                 trunc_ln56_fu_591                |    0    |    0    |    0    |
|          |                trunc_ln56_1_fu_617               |    0    |    0    |    0    |
|          |                 trunc_ln33_fu_634                |    0    |    0    |    0    |
|----------|--------------------------------------------------|---------|---------|---------|
|          |                   or_ln_fu_518                   |    0    |    0    |    0    |
|          |                   or_ln1_fu_526                  |    0    |    0    |    0    |
|          |                   xor_ln_fu_595                  |    0    |    0    |    0    |
|bitconcatenate|                 xor_ln56_1_fu_621                |    0    |    0    |    0    |
|          |                 trunc_ln1_fu_644                 |    0    |    0    |    0    |
|          |                  shl_ln1_fu_765                  |    0    |    0    |    0    |
|          |                   or_ln2_fu_777                  |    0    |    0    |    0    |
|----------|--------------------------------------------------|---------|---------|---------|
|    shl   |                  shl_ln33_fu_638                 |    0    |    0    |    0    |
|----------|--------------------------------------------------|---------|---------|---------|
|          |                   mrv_s_fu_713                   |    0    |    0    |    0    |
|          |                   mrv_1_fu_719                   |    0    |    0    |    0    |
|          |                   mrv_2_fu_725                   |    0    |    0    |    0    |
|insertvalue|                   mrv_3_fu_731                   |    0    |    0    |    0    |
|          |                   mrv_4_fu_737                   |    0    |    0    |    0    |
|          |                   mrv_5_fu_743                   |    0    |    0    |    0    |
|          |                   mrv_6_fu_749                   |    0    |    0    |    0    |
|----------|--------------------------------------------------|---------|---------|---------|
|   Total  |                                                  |    3    |    64   |   1052  |
|----------|--------------------------------------------------|---------|---------|---------|

Memories:
N/A

* Register list:
+------------------------+--------+
|                        |   FF   |
+------------------------+--------+
|    bit_read_reg_889    |    1   |
|    empty_45_reg_236    |   15   |
|      empty_reg_225     |   15   |
|   high_read_1_reg_860  |   32   |
|    icmp_ln48_reg_919   |    1   |
|    icmp_ln51_reg_923   |    1   |
|   low_read_1_reg_865   |   32   |
|      nb_0_reg_852      |   32   |
|     nb_2_ph_reg_257    |   32   |
|     nb_5_ph_reg_201    |   32   |
|      ob_0_reg_844      |   32   |
|     ob_2_ph_reg_269    |   32   |
|     ob_5_ph_reg_213    |   32   |
|    oi_0_load_reg_894   |   32   |
|      oi_0_reg_836      |   32   |
|     oi_2_ph_reg_247    |   32   |
|     oi_5_ph_reg_191    |   32   |
|      or_ln_reg_927     |   32   |
|pending_0_load44_reg_956|   32   |
|pending_0_load_3_reg_961|   32   |
|    pending_0_reg_810   |   32   |
|   phi_ln64_1_reg_819   |   32   |
|    phi_ln64_reg_828    |   32   |
|   prob_read_1_reg_876  |   32   |
|       r_2_reg_902      |    6   |
|        r_reg_803       |    6   |
|      range_reg_871     |   32   |
|         reg_346        |   32   |
|         reg_352        |   32   |
|    shl_ln33_reg_948    |   32   |
|      split_reg_884     |   20   |
|  trunc_ln47_1_reg_913  |   15   |
|   trunc_ln47_reg_907   |   15   |
|   xor_ln56_1_reg_943   |   15   |
|     xor_ln_reg_938     |   15   |
+------------------------+--------+
|          Total         |   861  |
+------------------------+--------+

* Multiplexer (MUX) list: 
|--------------------------------------------------|------|------|------|--------||---------||---------||---------|
|                       Comp                       |  Pin | Size |  BW  | S x BW ||  Delay  ||    FF   ||   LUT   |
|--------------------------------------------------|------|------|------|--------||---------||---------||---------|
|                 grp_access_fu_177                |  p0  |   2  |  10  |   20   ||    0    ||    9    |
|                 grp_access_fu_177                |  p1  |   2  |   8  |   16   ||    0    ||    9    |
|                  nb_5_ph_reg_201                 |  p0  |   2  |  32  |   64   ||    0    ||    9    |
|                  ob_5_ph_reg_213                 |  p0  |   2  |  32  |   64   ||    0    ||    9    |
|                  nb_2_ph_reg_257                 |  p0  |   2  |  32  |   64   ||    0    ||    9    |
|                  ob_2_ph_reg_269                 |  p0  |   2  |  32  |   64   ||    0    ||    9    |
| grp_encode_bit_1_Pipeline_VITIS_LOOP_53_2_fu_281 |  p4  |   2  |  32  |   64   ||    0    ||    9    |
| grp_encode_bit_1_Pipeline_VITIS_LOOP_50_1_fu_297 |  p4  |   2  |  32  |   64   ||    0    ||    9    |
|--------------------------------------------------|------|------|------|--------||---------||---------||---------|
|                       Total                      |      |      |      |   420  ||  3.416  ||    0    ||    72   |
|--------------------------------------------------|------|------|------|--------||---------||---------||---------|



* Summary:
+-----------+--------+--------+--------+--------+
|           |   DSP  |  Delay |   FF   |   LUT  |
+-----------+--------+--------+--------+--------+
|  Function |    3   |    -   |   64   |  1052  |
|   Memory  |    -   |    -   |    -   |    -   |
|Multiplexer|    -   |    3   |    0   |   72   |
|  Register |    -   |    -   |   861  |    -   |
+-----------+--------+--------+--------+--------+
|   Total   |    3   |    3   |   925  |  1124  |
+-----------+--------+--------+--------+--------+
