

================================================================
== Synthesis Summary Report of 'arith_encode'
================================================================
+ General Information: 
    * Date:           Sat Aug  1 19:34:11 2026
    * Version:        2025.2.1 (Build 6397637 on Mar 18 2026)
    * Project:        work_k8_report
    * Solution:       hls (Vitis Kernel Flow Target)
    * Product family: zynquplus
    * Target device:  xck26-sfvc784-2LV-c
    

* Performance & Resource Estimates: 
+-----------------------------------------------+------+---------------+-----------+---------+-----------+----------+------------+-----------+------+---------+---------+-------------+-------------+-----+
|                    Modules                    | Issue|               | Iteration |         |    Trip   |          |         Latency        |      |         |         |             |             |     |
|                    & Loops                    | Type | Violation Type|  Latency  | Interval|   Count   | Pipelined|  (cycles)  |    (ns)   | Slack|  BRAM   |   DSP   |      FF     |     LUT     | URAM|
+-----------------------------------------------+------+---------------+-----------+---------+-----------+----------+------------+-----------+------+---------+---------+-------------+-------------+-----+
|+ arith_encode                                 |     -|              -|          -|        -|          -|        no|           -|          -|  0.00|  26 (9%)|  48 (3%)|  24339 (10%)|  43573 (37%)|    -|
| + encode_chunk                                |     -|              -|          -|        -|          -|        no|           -|          -|  0.15|  1 (~0%)|  6 (~0%)|    2561 (1%)|    4749 (4%)|    -|
|  + encode_chunk_Pipeline_VITIS_LOOP_17_1      |     -|              -|          -|        -|          -|       yes|         258|  1.290e+03|  1.21|        -|        -|     11 (~0%)|     60 (~0%)|    -|
|   o VITIS_LOOP_17_1                           |     -|              -|          1|        1|        256|       yes|         256|  1.280e+03|  3.65|        -|        -|            -|            -|    -|
|  + encode_chunk_Pipeline_VITIS_LOOP_33_5      |     -|              -|          -|        -|          -|       yes|           -|          -|  0.38|        -|        -|    107 (~0%)|    270 (~0%)|    -|
|   o VITIS_LOOP_33_5                           |     -|              -|          2|        1|          -|       yes|           -|          -|  3.65|        -|        -|            -|            -|    -|
|  + encode_chunk_Pipeline_VITIS_LOOP_32_4      |     -|              -|          -|        -|          -|       yes|           -|          -|  0.38|        -|        -|    107 (~0%)|    270 (~0%)|    -|
|   o VITIS_LOOP_32_4                           |     -|              -|          2|        1|          -|       yes|           -|          -|  3.65|        -|        -|            -|            -|    -|
|  o VITIS_LOOP_21_2                            |     -|              -|          -|        -|          -|        no|           -|          -|  3.65|        -|        -|            -|            -|    -|
|   + encode_bit                                |     -|              -|          -|        -|          -|        no|           -|          -|  0.23|        -|  3 (~0%)|    717 (~0%)|    1630 (1%)|    -|
|    o Renorm                                   |     -|              -|          -|        -|         32|        no|           -|          -|  3.65|        -|        -|            -|            -|    -|
|     + encode_bit_Pipeline_VITIS_LOOP_53_2     |     -|              -|          -|        -|          -|       yes|           -|          -|  0.38|        -|        -|     35 (~0%)|    287 (~0%)|    -|
|      o VITIS_LOOP_53_2                        |     -|              -|          2|        1|          -|       yes|           -|          -|  3.65|        -|        -|            -|            -|    -|
|     + encode_bit_Pipeline_VITIS_LOOP_50_1     |     -|              -|          -|        -|          -|       yes|           -|          -|  0.38|        -|        -|     35 (~0%)|    287 (~0%)|    -|
|      o VITIS_LOOP_50_1                        |     -|              -|          2|        1|          -|       yes|           -|          -|  3.65|        -|        -|            -|            -|    -|
|   o VITIS_LOOP_24_3                           |     -|              -|          -|        -|          8|        no|           -|          -|  3.65|        -|        -|            -|            -|    -|
|    + encode_bit_1                             |     -|              -|          -|        -|          -|        no|           -|          -|  0.23|        -|  3 (~0%)|    653 (~0%)|    1548 (1%)|    -|
|     o Renorm                                  |     -|              -|          -|        -|         32|        no|           -|          -|  3.65|        -|        -|            -|            -|    -|
|      + encode_bit_1_Pipeline_VITIS_LOOP_53_2  |     -|              -|          -|        -|          -|       yes|           -|          -|  0.38|        -|        -|     35 (~0%)|    287 (~0%)|    -|
|       o VITIS_LOOP_53_2                       |     -|              -|          2|        1|          -|       yes|           -|          -|  3.65|        -|        -|            -|            -|    -|
|      + encode_bit_1_Pipeline_VITIS_LOOP_50_1  |     -|              -|          -|        -|          -|       yes|           -|          -|  0.38|        -|        -|     35 (~0%)|    287 (~0%)|    -|
|       o VITIS_LOOP_50_1                       |     -|              -|          2|        1|          -|       yes|           -|          -|  3.65|        -|        -|            -|            -|    -|
| + encode_chunk                                |     -|              -|          -|        -|          -|        no|           -|          -|  0.15|  1 (~0%)|  6 (~0%)|    2561 (1%)|    4749 (4%)|    -|
|  + encode_chunk_Pipeline_VITIS_LOOP_17_1      |     -|              -|          -|        -|          -|       yes|         258|  1.290e+03|  1.21|        -|        -|     11 (~0%)|     60 (~0%)|    -|
|   o VITIS_LOOP_17_1                           |     -|              -|          1|        1|        256|       yes|         256|  1.280e+03|  3.65|        -|        -|            -|            -|    -|
|  + encode_chunk_Pipeline_VITIS_LOOP_33_5      |     -|              -|          -|        -|          -|       yes|           -|          -|  0.38|        -|        -|    107 (~0%)|    270 (~0%)|    -|
|   o VITIS_LOOP_33_5                           |     -|              -|          2|        1|          -|       yes|           -|          -|  3.65|        -|        -|            -|            -|    -|
|  + encode_chunk_Pipeline_VITIS_LOOP_32_4      |     -|              -|          -|        -|          -|       yes|           -|          -|  0.38|        -|        -|    107 (~0%)|    270 (~0%)|    -|
|   o VITIS_LOOP_32_4                           |     -|              -|          2|        1|          -|       yes|           -|          -|  3.65|        -|        -|            -|            -|    -|
|  o VITIS_LOOP_21_2                            |     -|              -|          -|        -|          -|        no|           -|          -|  3.65|        -|        -|            -|            -|    -|
|   + encode_bit                                |     -|              -|          -|        -|          -|        no|           -|          -|  0.23|        -|  3 (~0%)|    717 (~0%)|    1630 (1%)|    -|
|    o Renorm                                   |     -|              -|          -|        -|         32|        no|           -|          -|  3.65|        -|        -|            -|            -|    -|
|     + encode_bit_Pipeline_VITIS_LOOP_53_2     |     -|              -|          -|        -|          -|       yes|           -|          -|  0.38|        -|        -|     35 (~0%)|    287 (~0%)|    -|
|      o VITIS_LOOP_53_2                        |     -|              -|          2|        1|          -|       yes|           -|          -|  3.65|        -|        -|            -|            -|    -|
|     + encode_bit_Pipeline_VITIS_LOOP_50_1     |     -|              -|          -|        -|          -|       yes|           -|          -|  0.38|        -|        -|     35 (~0%)|    287 (~0%)|    -|
|      o VITIS_LOOP_50_1                        |     -|              -|          2|        1|          -|       yes|           -|          -|  3.65|        -|        -|            -|            -|    -|
|   o VITIS_LOOP_24_3                           |     -|              -|          -|        -|          8|        no|           -|          -|  3.65|        -|        -|            -|            -|    -|
|    + encode_bit_1                             |     -|              -|          -|        -|          -|        no|           -|          -|  0.23|        -|  3 (~0%)|    653 (~0%)|    1548 (1%)|    -|
|     o Renorm                                  |     -|              -|          -|        -|         32|        no|           -|          -|  3.65|        -|        -|            -|            -|    -|
|      + encode_bit_1_Pipeline_VITIS_LOOP_53_2  |     -|              -|          -|        -|          -|       yes|           -|          -|  0.38|        -|        -|     35 (~0%)|    287 (~0%)|    -|
|       o VITIS_LOOP_53_2                       |     -|              -|          2|        1|          -|       yes|           -|          -|  3.65|        -|        -|            -|            -|    -|
|      + encode_bit_1_Pipeline_VITIS_LOOP_50_1  |     -|              -|          -|        -|          -|       yes|           -|          -|  0.38|        -|        -|     35 (~0%)|    287 (~0%)|    -|
|       o VITIS_LOOP_50_1                       |     -|              -|          2|        1|          -|       yes|           -|          -|  3.65|        -|        -|            -|            -|    -|
| + encode_chunk                                |     -|              -|          -|        -|          -|        no|           -|          -|  0.15|  1 (~0%)|  6 (~0%)|    2561 (1%)|    4749 (4%)|    -|
|  + encode_chunk_Pipeline_VITIS_LOOP_17_1      |     -|              -|          -|        -|          -|       yes|         258|  1.290e+03|  1.21|        -|        -|     11 (~0%)|     60 (~0%)|    -|
|   o VITIS_LOOP_17_1                           |     -|              -|          1|        1|        256|       yes|         256|  1.280e+03|  3.65|        -|        -|            -|            -|    -|
|  + encode_chunk_Pipeline_VITIS_LOOP_33_5      |     -|              -|          -|        -|          -|       yes|           -|          -|  0.38|        -|        -|    107 (~0%)|    270 (~0%)|    -|
|   o VITIS_LOOP_33_5                           |     -|              -|          2|        1|          -|       yes|           -|          -|  3.65|        -|        -|            -|            -|    -|
|  + encode_chunk_Pipeline_VITIS_LOOP_32_4      |     -|              -|          -|        -|          -|       yes|           -|          -|  0.38|        -|        -|    107 (~0%)|    270 (~0%)|    -|
|   o VITIS_LOOP_32_4                           |     -|              -|          2|        1|          -|       yes|           -|          -|  3.65|        -|        -|            -|            -|    -|
|  o VITIS_LOOP_21_2                            |     -|              -|          -|        -|          -|        no|           -|          -|  3.65|        -|        -|            -|            -|    -|
|   + encode_bit                                |     -|              -|          -|        -|          -|        no|           -|          -|  0.23|        -|  3 (~0%)|    717 (~0%)|    1630 (1%)|    -|
|    o Renorm                                   |     -|              -|          -|        -|         32|        no|           -|          -|  3.65|        -|        -|            -|            -|    -|
|     + encode_bit_Pipeline_VITIS_LOOP_53_2     |     -|              -|          -|        -|          -|       yes|           -|          -|  0.38|        -|        -|     35 (~0%)|    287 (~0%)|    -|
|      o VITIS_LOOP_53_2                        |     -|              -|          2|        1|          -|       yes|           -|          -|  3.65|        -|        -|            -|            -|    -|
|     + encode_bit_Pipeline_VITIS_LOOP_50_1     |     -|              -|          -|        -|          -|       yes|           -|          -|  0.38|        -|        -|     35 (~0%)|    287 (~0%)|    -|
|      o VITIS_LOOP_50_1                        |     -|              -|          2|        1|          -|       yes|           -|          -|  3.65|        -|        -|            -|            -|    -|
|   o VITIS_LOOP_24_3                           |     -|              -|          -|        -|          8|        no|           -|          -|  3.65|        -|        -|            -|            -|    -|
|    + encode_bit_1                             |     -|              -|          -|        -|          -|        no|           -|          -|  0.23|        -|  3 (~0%)|    653 (~0%)|    1548 (1%)|    -|
|     o Renorm                                  |     -|              -|          -|        -|         32|        no|           -|          -|  3.65|        -|        -|            -|            -|    -|
|      + encode_bit_1_Pipeline_VITIS_LOOP_53_2  |     -|              -|          -|        -|          -|       yes|           -|          -|  0.38|        -|        -|     35 (~0%)|    287 (~0%)|    -|
|       o VITIS_LOOP_53_2                       |     -|              -|          2|        1|          -|       yes|           -|          -|  3.65|        -|        -|            -|            -|    -|
|      + encode_bit_1_Pipeline_VITIS_LOOP_50_1  |     -|              -|          -|        -|          -|       yes|           -|          -|  0.38|        -|        -|     35 (~0%)|    287 (~0%)|    -|
|       o VITIS_LOOP_50_1                       |     -|              -|          2|        1|          -|       yes|           -|          -|  3.65|        -|        -|            -|            -|    -|
| + encode_chunk                                |     -|              -|          -|        -|          -|        no|           -|          -|  0.15|  1 (~0%)|  6 (~0%)|    2561 (1%)|    4749 (4%)|    -|
|  + encode_chunk_Pipeline_VITIS_LOOP_17_1      |     -|              -|          -|        -|          -|       yes|         258|  1.290e+03|  1.21|        -|        -|     11 (~0%)|     60 (~0%)|    -|
|   o VITIS_LOOP_17_1                           |     -|              -|          1|        1|        256|       yes|         256|  1.280e+03|  3.65|        -|        -|            -|            -|    -|
|  + encode_chunk_Pipeline_VITIS_LOOP_33_5      |     -|              -|          -|        -|          -|       yes|           -|          -|  0.38|        -|        -|    107 (~0%)|    270 (~0%)|    -|
|   o VITIS_LOOP_33_5                           |     -|              -|          2|        1|          -|       yes|           -|          -|  3.65|        -|        -|            -|            -|    -|
|  + encode_chunk_Pipeline_VITIS_LOOP_32_4      |     -|              -|          -|        -|          -|       yes|           -|          -|  0.38|        -|        -|    107 (~0%)|    270 (~0%)|    -|
|   o VITIS_LOOP_32_4                           |     -|              -|          2|        1|          -|       yes|           -|          -|  3.65|        -|        -|            -|            -|    -|
|  o VITIS_LOOP_21_2                            |     -|              -|          -|        -|          -|        no|           -|          -|  3.65|        -|        -|            -|            -|    -|
|   + encode_bit                                |     -|              -|          -|        -|          -|        no|           -|          -|  0.23|        -|  3 (~0%)|    717 (~0%)|    1630 (1%)|    -|
|    o Renorm                                   |     -|              -|          -|        -|         32|        no|           -|          -|  3.65|        -|        -|            -|            -|    -|
|     + encode_bit_Pipeline_VITIS_LOOP_53_2     |     -|              -|          -|        -|          -|       yes|           -|          -|  0.38|        -|        -|     35 (~0%)|    287 (~0%)|    -|
|      o VITIS_LOOP_53_2                        |     -|              -|          2|        1|          -|       yes|           -|          -|  3.65|        -|        -|            -|            -|    -|
|     + encode_bit_Pipeline_VITIS_LOOP_50_1     |     -|              -|          -|        -|          -|       yes|           -|          -|  0.38|        -|        -|     35 (~0%)|    287 (~0%)|    -|
|      o VITIS_LOOP_50_1                        |     -|              -|          2|        1|          -|       yes|           -|          -|  3.65|        -|        -|            -|            -|    -|
|   o VITIS_LOOP_24_3                           |     -|              -|          -|        -|          8|        no|           -|          -|  3.65|        -|        -|            -|            -|    -|
|    + encode_bit_1                             |     -|              -|          -|        -|          -|        no|           -|          -|  0.23|        -|  3 (~0%)|    653 (~0%)|    1548 (1%)|    -|
|     o Renorm                                  |     -|              -|          -|        -|         32|        no|           -|          -|  3.65|        -|        -|            -|            -|    -|
|      + encode_bit_1_Pipeline_VITIS_LOOP_53_2  |     -|              -|          -|        -|          -|       yes|           -|          -|  0.38|        -|        -|     35 (~0%)|    287 (~0%)|    -|
|       o VITIS_LOOP_53_2                       |     -|              -|          2|        1|          -|       yes|           -|          -|  3.65|        -|        -|            -|            -|    -|
|      + encode_bit_1_Pipeline_VITIS_LOOP_50_1  |     -|              -|          -|        -|          -|       yes|           -|          -|  0.38|        -|        -|     35 (~0%)|    287 (~0%)|    -|
|       o VITIS_LOOP_50_1                       |     -|              -|          2|        1|          -|       yes|           -|          -|  3.65|        -|        -|            -|            -|    -|
| + encode_chunk                                |     -|              -|          -|        -|          -|        no|           -|          -|  0.15|  1 (~0%)|  6 (~0%)|    2561 (1%)|    4749 (4%)|    -|
|  + encode_chunk_Pipeline_VITIS_LOOP_17_1      |     -|              -|          -|        -|          -|       yes|         258|  1.290e+03|  1.21|        -|        -|     11 (~0%)|     60 (~0%)|    -|
|   o VITIS_LOOP_17_1                           |     -|              -|          1|        1|        256|       yes|         256|  1.280e+03|  3.65|        -|        -|            -|            -|    -|
|  + encode_chunk_Pipeline_VITIS_LOOP_33_5      |     -|              -|          -|        -|          -|       yes|           -|          -|  0.38|        -|        -|    107 (~0%)|    270 (~0%)|    -|
|   o VITIS_LOOP_33_5                           |     -|              -|          2|        1|          -|       yes|           -|          -|  3.65|        -|        -|            -|            -|    -|
|  + encode_chunk_Pipeline_VITIS_LOOP_32_4      |     -|              -|          -|        -|          -|       yes|           -|          -|  0.38|        -|        -|    107 (~0%)|    270 (~0%)|    -|
|   o VITIS_LOOP_32_4                           |     -|              -|          2|        1|          -|       yes|           -|          -|  3.65|        -|        -|            -|            -|    -|
|  o VITIS_LOOP_21_2                            |     -|              -|          -|        -|          -|        no|           -|          -|  3.65|        -|        -|            -|            -|    -|
|   + encode_bit                                |     -|              -|          -|        -|          -|        no|           -|          -|  0.23|        -|  3 (~0%)|    717 (~0%)|    1630 (1%)|    -|
|    o Renorm                                   |     -|              -|          -|        -|         32|        no|           -|          -|  3.65|        -|        -|            -|            -|    -|
|     + encode_bit_Pipeline_VITIS_LOOP_53_2     |     -|              -|          -|        -|          -|       yes|           -|          -|  0.38|        -|        -|     35 (~0%)|    287 (~0%)|    -|
|      o VITIS_LOOP_53_2                        |     -|              -|          2|        1|          -|       yes|           -|          -|  3.65|        -|        -|            -|            -|    -|
|     + encode_bit_Pipeline_VITIS_LOOP_50_1     |     -|              -|          -|        -|          -|       yes|           -|          -|  0.38|        -|        -|     35 (~0%)|    287 (~0%)|    -|
|      o VITIS_LOOP_50_1                        |     -|              -|          2|        1|          -|       yes|           -|          -|  3.65|        -|        -|            -|            -|    -|
|   o VITIS_LOOP_24_3                           |     -|              -|          -|        -|          8|        no|           -|          -|  3.65|        -|        -|            -|            -|    -|
|    + encode_bit_1                             |     -|              -|          -|        -|          -|        no|           -|          -|  0.23|        -|  3 (~0%)|    653 (~0%)|    1548 (1%)|    -|
|     o Renorm                                  |     -|              -|          -|        -|         32|        no|           -|          -|  3.65|        -|        -|            -|            -|    -|
|      + encode_bit_1_Pipeline_VITIS_LOOP_53_2  |     -|              -|          -|        -|          -|       yes|           -|          -|  0.38|        -|        -|     35 (~0%)|    287 (~0%)|    -|
|       o VITIS_LOOP_53_2                       |     -|              -|          2|        1|          -|       yes|           -|          -|  3.65|        -|        -|            -|            -|    -|
|      + encode_bit_1_Pipeline_VITIS_LOOP_50_1  |     -|              -|          -|        -|          -|       yes|           -|          -|  0.38|        -|        -|     35 (~0%)|    287 (~0%)|    -|
|       o VITIS_LOOP_50_1                       |     -|              -|          2|        1|          -|       yes|           -|          -|  3.65|        -|        -|            -|            -|    -|
| + encode_chunk                                |     -|              -|          -|        -|          -|        no|           -|          -|  0.15|  1 (~0%)|  6 (~0%)|    2561 (1%)|    4749 (4%)|    -|
|  + encode_chunk_Pipeline_VITIS_LOOP_17_1      |     -|              -|          -|        -|          -|       yes|         258|  1.290e+03|  1.21|        -|        -|     11 (~0%)|     60 (~0%)|    -|
|   o VITIS_LOOP_17_1                           |     -|              -|          1|        1|        256|       yes|         256|  1.280e+03|  3.65|        -|        -|            -|            -|    -|
|  + encode_chunk_Pipeline_VITIS_LOOP_33_5      |     -|              -|          -|        -|          -|       yes|           -|          -|  0.38|        -|        -|    107 (~0%)|    270 (~0%)|    -|
|   o VITIS_LOOP_33_5                           |     -|              -|          2|        1|          -|       yes|           -|          -|  3.65|        -|        -|            -|            -|    -|
|  + encode_chunk_Pipeline_VITIS_LOOP_32_4      |     -|              -|          -|        -|          -|       yes|           -|          -|  0.38|        -|        -|    107 (~0%)|    270 (~0%)|    -|
|   o VITIS_LOOP_32_4                           |     -|              -|          2|        1|          -|       yes|           -|          -|  3.65|        -|        -|            -|            -|    -|
|  o VITIS_LOOP_21_2                            |     -|              -|          -|        -|          -|        no|           -|          -|  3.65|        -|        -|            -|            -|    -|
|   + encode_bit                                |     -|              -|          -|        -|          -|        no|           -|          -|  0.23|        -|  3 (~0%)|    717 (~0%)|    1630 (1%)|    -|
|    o Renorm                                   |     -|              -|          -|        -|         32|        no|           -|          -|  3.65|        -|        -|            -|            -|    -|
|     + encode_bit_Pipeline_VITIS_LOOP_53_2     |     -|              -|          -|        -|          -|       yes|           -|          -|  0.38|        -|        -|     35 (~0%)|    287 (~0%)|    -|
|      o VITIS_LOOP_53_2                        |     -|              -|          2|        1|          -|       yes|           -|          -|  3.65|        -|        -|            -|            -|    -|
|     + encode_bit_Pipeline_VITIS_LOOP_50_1     |     -|              -|          -|        -|          -|       yes|           -|          -|  0.38|        -|        -|     35 (~0%)|    287 (~0%)|    -|
|      o VITIS_LOOP_50_1                        |     -|              -|          2|        1|          -|       yes|           -|          -|  3.65|        -|        -|            -|            -|    -|
|   o VITIS_LOOP_24_3                           |     -|              -|          -|        -|          8|        no|           -|          -|  3.65|        -|        -|            -|            -|    -|
|    + encode_bit_1                             |     -|              -|          -|        -|          -|        no|           -|          -|  0.23|        -|  3 (~0%)|    653 (~0%)|    1548 (1%)|    -|
|     o Renorm                                  |     -|              -|          -|        -|         32|        no|           -|          -|  3.65|        -|        -|            -|            -|    -|
|      + encode_bit_1_Pipeline_VITIS_LOOP_53_2  |     -|              -|          -|        -|          -|       yes|           -|          -|  0.38|        -|        -|     35 (~0%)|    287 (~0%)|    -|
|       o VITIS_LOOP_53_2                       |     -|              -|          2|        1|          -|       yes|           -|          -|  3.65|        -|        -|            -|            -|    -|
|      + encode_bit_1_Pipeline_VITIS_LOOP_50_1  |     -|              -|          -|        -|          -|       yes|           -|          -|  0.38|        -|        -|     35 (~0%)|    287 (~0%)|    -|
|       o VITIS_LOOP_50_1                       |     -|              -|          2|        1|          -|       yes|           -|          -|  3.65|        -|        -|            -|            -|    -|
| + encode_chunk                                |     -|              -|          -|        -|          -|        no|           -|          -|  0.15|  1 (~0%)|  6 (~0%)|    2561 (1%)|    4749 (4%)|    -|
|  + encode_chunk_Pipeline_VITIS_LOOP_17_1      |     -|              -|          -|        -|          -|       yes|         258|  1.290e+03|  1.21|        -|        -|     11 (~0%)|     60 (~0%)|    -|
|   o VITIS_LOOP_17_1                           |     -|              -|          1|        1|        256|       yes|         256|  1.280e+03|  3.65|        -|        -|            -|            -|    -|
|  + encode_chunk_Pipeline_VITIS_LOOP_33_5      |     -|              -|          -|        -|          -|       yes|           -|          -|  0.38|        -|        -|    107 (~0%)|    270 (~0%)|    -|
|   o VITIS_LOOP_33_5                           |     -|              -|          2|        1|          -|       yes|           -|          -|  3.65|        -|        -|            -|            -|    -|
|  + encode_chunk_Pipeline_VITIS_LOOP_32_4      |     -|              -|          -|        -|          -|       yes|           -|          -|  0.38|        -|        -|    107 (~0%)|    270 (~0%)|    -|
|   o VITIS_LOOP_32_4                           |     -|              -|          2|        1|          -|       yes|           -|          -|  3.65|        -|        -|            -|            -|    -|
|  o VITIS_LOOP_21_2                            |     -|              -|          -|        -|          -|        no|           -|          -|  3.65|        -|        -|            -|            -|    -|
|   + encode_bit                                |     -|              -|          -|        -|          -|        no|           -|          -|  0.23|        -|  3 (~0%)|    717 (~0%)|    1630 (1%)|    -|
|    o Renorm                                   |     -|              -|          -|        -|         32|        no|           -|          -|  3.65|        -|        -|            -|            -|    -|
|     + encode_bit_Pipeline_VITIS_LOOP_53_2     |     -|              -|          -|        -|          -|       yes|           -|          -|  0.38|        -|        -|     35 (~0%)|    287 (~0%)|    -|
|      o VITIS_LOOP_53_2                        |     -|              -|          2|        1|          -|       yes|           -|          -|  3.65|        -|        -|            -|            -|    -|
|     + encode_bit_Pipeline_VITIS_LOOP_50_1     |     -|              -|          -|        -|          -|       yes|           -|          -|  0.38|        -|        -|     35 (~0%)|    287 (~0%)|    -|
|      o VITIS_LOOP_50_1                        |     -|              -|          2|        1|          -|       yes|           -|          -|  3.65|        -|        -|            -|            -|    -|
|   o VITIS_LOOP_24_3                           |     -|              -|          -|        -|          8|        no|           -|          -|  3.65|        -|        -|            -|            -|    -|
|    + encode_bit_1                             |     -|              -|          -|        -|          -|        no|           -|          -|  0.23|        -|  3 (~0%)|    653 (~0%)|    1548 (1%)|    -|
|     o Renorm                                  |     -|              -|          -|        -|         32|        no|           -|          -|  3.65|        -|        -|            -|            -|    -|
|      + encode_bit_1_Pipeline_VITIS_LOOP_53_2  |     -|              -|          -|        -|          -|       yes|           -|          -|  0.38|        -|        -|     35 (~0%)|    287 (~0%)|    -|
|       o VITIS_LOOP_53_2                       |     -|              -|          2|        1|          -|       yes|           -|          -|  3.65|        -|        -|            -|            -|    -|
|      + encode_bit_1_Pipeline_VITIS_LOOP_50_1  |     -|              -|          -|        -|          -|       yes|           -|          -|  0.38|        -|        -|     35 (~0%)|    287 (~0%)|    -|
|       o VITIS_LOOP_50_1                       |     -|              -|          2|        1|          -|       yes|           -|          -|  3.65|        -|        -|            -|            -|    -|
| + encode_chunk                                |     -|              -|          -|        -|          -|        no|           -|          -|  0.15|  1 (~0%)|  6 (~0%)|    2561 (1%)|    4749 (4%)|    -|
|  + encode_chunk_Pipeline_VITIS_LOOP_17_1      |     -|              -|          -|        -|          -|       yes|         258|  1.290e+03|  1.21|        -|        -|     11 (~0%)|     60 (~0%)|    -|
|   o VITIS_LOOP_17_1                           |     -|              -|          1|        1|        256|       yes|         256|  1.280e+03|  3.65|        -|        -|            -|            -|    -|
|  + encode_chunk_Pipeline_VITIS_LOOP_33_5      |     -|              -|          -|        -|          -|       yes|           -|          -|  0.38|        -|        -|    107 (~0%)|    270 (~0%)|    -|
|   o VITIS_LOOP_33_5                           |     -|              -|          2|        1|          -|       yes|           -|          -|  3.65|        -|        -|            -|            -|    -|
|  + encode_chunk_Pipeline_VITIS_LOOP_32_4      |     -|              -|          -|        -|          -|       yes|           -|          -|  0.38|        -|        -|    107 (~0%)|    270 (~0%)|    -|
|   o VITIS_LOOP_32_4                           |     -|              -|          2|        1|          -|       yes|           -|          -|  3.65|        -|        -|            -|            -|    -|
|  o VITIS_LOOP_21_2                            |     -|              -|          -|        -|          -|        no|           -|          -|  3.65|        -|        -|            -|            -|    -|
|   + encode_bit                                |     -|              -|          -|        -|          -|        no|           -|          -|  0.23|        -|  3 (~0%)|    717 (~0%)|    1630 (1%)|    -|
|    o Renorm                                   |     -|              -|          -|        -|         32|        no|           -|          -|  3.65|        -|        -|            -|            -|    -|
|     + encode_bit_Pipeline_VITIS_LOOP_53_2     |     -|              -|          -|        -|          -|       yes|           -|          -|  0.38|        -|        -|     35 (~0%)|    287 (~0%)|    -|
|      o VITIS_LOOP_53_2                        |     -|              -|          2|        1|          -|       yes|           -|          -|  3.65|        -|        -|            -|            -|    -|
|     + encode_bit_Pipeline_VITIS_LOOP_50_1     |     -|              -|          -|        -|          -|       yes|           -|          -|  0.38|        -|        -|     35 (~0%)|    287 (~0%)|    -|
|      o VITIS_LOOP_50_1                        |     -|              -|          2|        1|          -|       yes|           -|          -|  3.65|        -|        -|            -|            -|    -|
|   o VITIS_LOOP_24_3                           |     -|              -|          -|        -|          8|        no|           -|          -|  3.65|        -|        -|            -|            -|    -|
|    + encode_bit_1                             |     -|              -|          -|        -|          -|        no|           -|          -|  0.23|        -|  3 (~0%)|    653 (~0%)|    1548 (1%)|    -|
|     o Renorm                                  |     -|              -|          -|        -|         32|        no|           -|          -|  3.65|        -|        -|            -|            -|    -|
|      + encode_bit_1_Pipeline_VITIS_LOOP_53_2  |     -|              -|          -|        -|          -|       yes|           -|          -|  0.38|        -|        -|     35 (~0%)|    287 (~0%)|    -|
|       o VITIS_LOOP_53_2                       |     -|              -|          2|        1|          -|       yes|           -|          -|  3.65|        -|        -|            -|            -|    -|
|      + encode_bit_1_Pipeline_VITIS_LOOP_50_1  |     -|              -|          -|        -|          -|       yes|           -|          -|  0.38|        -|        -|     35 (~0%)|    287 (~0%)|    -|
|       o VITIS_LOOP_50_1                       |     -|              -|          2|        1|          -|       yes|           -|          -|  3.65|        -|        -|            -|            -|    -|
| + arith_encode_Pipeline_Header                |     -|              -|          -|        -|          -|       yes|          10|     50.000|  2.43|        -|        -|    135 (~0%)|    105 (~0%)|    -|
|  o Header                                     |     -|              -|          1|        1|          8|       yes|           8|     40.000|  3.65|        -|        -|            -|            -|    -|
| o Split                                       |     -|              -|  268435533|        -|          8|        no|  2147484264|  1.074e+10|  3.65|        -|        -|            -|            -|    -|
|  + arith_encode_Pipeline_VITIS_LOOP_66_1      |     -|              -|          -|        -|          -|       yes|   268435458|  1.342e+09|  0.00|        -|        -|     44 (~0%)|    104 (~0%)|    -|
|   o VITIS_LOOP_66_1                           |     -|              -|          3|        1|  268435455|       yes|   268435456|  1.342e+09|  3.65|        -|        -|            -|            -|    -|
| o Concat                                      |     -|              -|          -|        -|          8|        no|           -|          -|  3.65|        -|        -|            -|            -|    -|
|  + arith_encode_Pipeline_VITIS_LOOP_89_2      |     -|              -|          -|        -|          -|       yes|           -|          -|  0.00|        -|        -|    380 (~0%)|    760 (~0%)|    -|
|   o VITIS_LOOP_89_2                           |     -|              -|         71|        1|          -|       yes|           -|          -|  3.65|        -|        -|            -|            -|    -|
+-----------------------------------------------+------+---------------+-----------+---------+-----------+----------+------------+-----------+------+---------+---------+-------------+-------------+-----+
    Name Prefix: '+' for module, 'o' for loop, '*' for dataflow


================================================================
== HW Interfaces
================================================================
* M_AXI
+-------------+------------+------------+---------------+---------+--------+----------+-----------+--------------+--------------+-------------+-------------+-------------------+
| Interface   | Read/Write | Data Width | Address Width | Latency | Offset | Register | Max Widen | Max Read     | Max Write    | Num Read    | Num Write   | Resource Estimate |
|             |            | (SW->HW)   |               |         |        |          | Bitwidth  | Burst Length | Burst Length | Outstanding | Outstanding |                   |
+-------------+------------+------------+---------------+---------+--------+----------+-----------+--------------+--------------+-------------+-------------+-------------------+
| m_axi_gmem0 | READ_ONLY  | 8 -> 8     | 64            | 64      | slave  | 0        | 512       | 16           | 16           | 16          | 16          | BRAM=2            |
| m_axi_gmem1 | WRITE_ONLY | 8 -> 128   | 64            | 64      | slave  | 0        | 512       | 16           | 16           | 16          | 16          |                   |
+-------------+------------+------------+---------------+---------+--------+----------+-----------+--------------+--------------+-------------+-------------+-------------------+

* S_AXILITE Interfaces
+---------------+------------+---------------+--------+----------+
| Interface     | Data Width | Address Width | Offset | Register |
+---------------+------------+---------------+--------+----------+
| s_axi_control | 32         | 6             | 24     | 0        |
+---------------+------------+---------------+--------+----------+

* S_AXILITE Registers
+---------------+-----------+--------+-------+--------+----------------------------------+------------------------------------------------------------------------------------+
| Interface     | Register  | Offset | Width | Access | Description                      | Bit Fields                                                                         |
+---------------+-----------+--------+-------+--------+----------------------------------+------------------------------------------------------------------------------------+
| s_axi_control | CTRL      | 0x00   | 32    | RW     | Control signals                  | 0=AP_START 1=AP_DONE 2=AP_IDLE 3=AP_READY 4=AP_CONTINUE 7=AUTO_RESTART 9=INTERRUPT |
| s_axi_control | GIER      | 0x04   | 32    | RW     | Global Interrupt Enable Register | 0=Enable                                                                           |
| s_axi_control | IP_IER    | 0x08   | 32    | RW     | IP Interrupt Enable Register     | 0=CHAN0_INT_EN 1=CHAN1_INT_EN                                                      |
| s_axi_control | IP_ISR    | 0x0c   | 32    | RW     | IP Interrupt Status Register     | 0=CHAN0_INT_ST 1=CHAN1_INT_ST                                                      |
| s_axi_control | ap_return | 0x10   | 32    | R      | Data signal of ap_return         |                                                                                    |
| s_axi_control | in_r_1    | 0x18   | 32    | W      | Data signal of in_r              |                                                                                    |
| s_axi_control | in_r_2    | 0x1c   | 32    | W      | Data signal of in_r              |                                                                                    |
| s_axi_control | n         | 0x24   | 32    | W      | Data signal of n                 |                                                                                    |
| s_axi_control | out_r_1   | 0x2c   | 32    | W      | Data signal of out_r             |                                                                                    |
| s_axi_control | out_r_2   | 0x30   | 32    | W      | Data signal of out_r             |                                                                                    |
+---------------+-----------+--------+-------+--------+----------------------------------+------------------------------------------------------------------------------------+

* TOP LEVEL CONTROL
+-----------+---------------+-----------+
| Interface | Type          | Ports     |
+-----------+---------------+-----------+
| ap_clk    | clock         | ap_clk    |
| ap_rst_n  | reset         | ap_rst_n  |
| interrupt | interrupt     | interrupt |
| ap_ctrl   | ap_ctrl_chain |           |
+-----------+---------------+-----------+


================================================================
== SW I/O Information
================================================================
* Top Function Arguments
+----------+-----------+-----------------------+
| Argument | Direction | Datatype              |
+----------+-----------+-----------------------+
| in       | in        | unsigned char const * |
| n        | in        | int                   |
| out      | out       | unsigned char*        |
| return   | out       | int                   |
+----------+-----------+-----------------------+

* SW-to-HW Mapping
+----------+---------------+-----------+----------+-------------------------------------+
| Argument | HW Interface  | HW Type   | HW Usage | HW Info                             |
+----------+---------------+-----------+----------+-------------------------------------+
| in       | m_axi_gmem0   | interface |          | channel=0                           |
| in       | s_axi_control | register  | offset   | name=in_r_1 offset=0x18 range=32    |
| in       | s_axi_control | register  | offset   | name=in_r_2 offset=0x1c range=32    |
| n        | s_axi_control | register  |          | name=n offset=0x24 range=32         |
| out      | m_axi_gmem1   | interface |          | channel=0                           |
| out      | s_axi_control | register  | offset   | name=out_r_1 offset=0x2c range=32   |
| out      | s_axi_control | register  | offset   | name=out_r_2 offset=0x30 range=32   |
| return   | s_axi_control | register  |          | name=ap_return offset=0x10 range=32 |
+----------+---------------+-----------+----------+-------------------------------------+


================================================================
== M_AXI Burst Information
================================================================
 Note: All burst requests might be further partitioned into multiple requests during RTL generation based on max_read_burst_length or max_write_burst_length settings.

* Inferred Burst Summary
+--------------+-----------+----------+-------+-----------------+------------------+
| HW Interface | Direction | Length   | Width | Loop            | Loop Location    |
+--------------+-----------+----------+-------+-----------------+------------------+
| m_axi_gmem0  | read      | variable | 8     | VITIS_LOOP_66_1 | arith5.cpp:66:26 |
+--------------+-----------+----------+-------+-----------------+------------------+

* All M_AXI Variable Accesses
+--------------+----------+------------------+-----------+--------------+----------+-----------------+------------------+------------+---------------------------------------------------------------------------------------------+
| HW Interface | Variable | Access Location  | Direction | Burst Status | Length   | Loop            | Loop Location    | Resolution | Problem                                                                                     |
+--------------+----------+------------------+-----------+--------------+----------+-----------------+------------------+------------+---------------------------------------------------------------------------------------------+
| m_axi_gmem0  | in       | arith5.cpp:66:68 | read      | Widen Fail   |          | VITIS_LOOP_66_1 | arith5.cpp:66:26 | 214-307    | Could not widen since type i8 size is greater than or equal to alignment 1(bytes)           |
| m_axi_gmem0  | in       | arith5.cpp:66:68 | read      | Fail         |          | Split           | arith5.cpp:63:5  | 214-232    | Access call is in the conditional branch                                                    |
| m_axi_gmem0  | in       | arith5.cpp:66:68 | read      | Inferred     | variable | VITIS_LOOP_66_1 | arith5.cpp:66:26 |            |                                                                                             |
| m_axi_gmem1  | out      | arith5.cpp:83:5  | write     | Widened      | 1        | Header          | arith5.cpp:83:5  |            |                                                                                             |
| m_axi_gmem1  | out      | arith5.cpp:84:19 | write     | Widened      | 8        | Header          | arith5.cpp:83:5  |            |                                                                                             |
| m_axi_gmem1  | out      | arith5.cpp:84:19 | write     | Inferred     | 16       | Header          | arith5.cpp:83:5  |            |                                                                                             |
| m_axi_gmem1  | out      | arith5.cpp:85:19 | write     | Widened      | 8        | Header          | arith5.cpp:83:5  |            |                                                                                             |
| m_axi_gmem1  | out      | arith5.cpp:85:19 | write     | Inferred     | 16       | Header          | arith5.cpp:83:5  |            |                                                                                             |
| m_axi_gmem1  | out_r    | arith5.cpp:89:70 | write     | Fail         |          |                 |                  |            | Inferred burst reverted due to burst accesses data width is different from m_axi port width |
| m_axi_gmem1  | out      | arith5.cpp:89:70 | write     | Widen Fail   |          | VITIS_LOOP_89_2 | arith5.cpp:89:26 | 214-307    | Could not widen since type i8 size is greater than or equal to alignment 1(bytes)           |
| m_axi_gmem1  | out      | arith5.cpp:89:70 | write     | Fail         |          | Concat          | arith5.cpp:88:5  | 214-232    | Access call is in the conditional branch                                                    |
| m_axi_gmem1  | out      | arith5.cpp:89:70 | write     | Inferred     | variable | VITIS_LOOP_89_2 | arith5.cpp:89:26 |            |                                                                                             |
+--------------+----------+------------------+-----------+--------------+----------+-----------------+------------------+------------+---------------------------------------------------------------------------------------------+

    * Resolution URL: docs.amd.com/access/sources/dita/topic?Doc_Version=2025.2%20English&url=ug1448-hls-guidance&resourceid=XXX-YYY.html (replace XXX-YYY with column value)

================================================================
== Bind Op Report
================================================================
+-----------------------------------------------------------------------------------------------+-----+--------+----------------------+-----------+--------------------------+---------+
| Name                                                                                          | DSP | Pragma | Variable             | Op        | Impl                     | Latency |
+-----------------------------------------------------------------------------------------------+-----+--------+----------------------+-----------+--------------------------+---------+
| + arith_encode                                                                                | 48  |        |                      |           |                          |         |
|   add_ln61_fu_404_p2                                                                          |     |        | add_ln61             | add       | fabric                   | 0       |
|   sub_ln61_fu_418_p2                                                                          |     |        | sub_ln61             | sub       | fabric                   | 0       |
|   sub_ln61_1_fu_438_p2                                                                        |     |        | sub_ln61_1           | sub       | fabric                   | 0       |
|   chunk_fu_458_p3                                                                             |     |        | chunk                | select    | auto_sel                 | 0       |
|   icmp_ln63_fu_490_p2                                                                         |     |        | icmp_ln63            | seteq     | auto                     | 0       |
|   add_ln63_1_fu_496_p2                                                                        |     |        | add_ln63_1           | add       | fabric                   | 0       |
|   mul_4ns_30s_33_1_1_U115                                                                     |     |        | mul_ln63             | mul       | auto                     | 0       |
|   add_ln63_fu_611_p2                                                                          |     |        | add_ln63             | add       | fabric                   | 0       |
|   sub_ln65_fu_616_p2                                                                          |     |        | sub_ln65             | sub       | fabric                   | 0       |
|   icmp_ln65_fu_621_p2                                                                         |     |        | icmp_ln65            | setgt     | auto                     | 0       |
|   len_8_fu_630_p3                                                                             |     |        | len_8                | select    | auto_sel                 | 0       |
|   len_9_fu_649_p3                                                                             |     |        | len_9                | select    | auto_sel                 | 0       |
|   empty_59_fu_657_p2                                                                          |     |        | empty_59             | setgt     | auto                     | 0       |
|   smax_fu_673_p3                                                                              |     |        | smax                 | select    | auto_sel                 | 0       |
|   clen_8_fu_682_p2                                                                            |     |        | clen_8               | xor       | auto                     | 0       |
|   len_fu_539_p2                                                                               |     |        | len                  | xor       | auto                     | 0       |
|   len_10_fu_546_p2                                                                            |     |        | len_10               | xor       | auto                     | 0       |
|   len_11_fu_553_p2                                                                            |     |        | len_11               | xor       | auto                     | 0       |
|   len_12_fu_560_p2                                                                            |     |        | len_12               | xor       | auto                     | 0       |
|   len_13_fu_567_p2                                                                            |     |        | len_13               | xor       | auto                     | 0       |
|   len_14_fu_574_p2                                                                            |     |        | len_14               | xor       | auto                     | 0       |
|   len_15_fu_581_p2                                                                            |     |        | len_15               | xor       | auto                     | 0       |
|   len_16_fu_588_p2                                                                            |     |        | len_16               | xor       | auto                     | 0       |
|   icmp_ln88_fu_816_p2                                                                         |     |        | icmp_ln88            | seteq     | auto                     | 0       |
|   add_ln88_fu_822_p2                                                                          |     |        | add_ln88             | add       | fabric                   | 0       |
|   sparsemux_17_3_32_1_1_U116                                                                  |     |        | tmp_9                | sparsemux | compactencoding_dontcare | 0       |
|   icmp_ln89_fu_866_p2                                                                         |     |        | icmp_ln89            | setgt     | auto                     | 0       |
|   oi_6_fu_872_p2                                                                              |     |        | oi_6                 | add       | fabric                   | 0       |
|   select_ln88_fu_878_p3                                                                       |     |        | select_ln88          | select    | auto_sel                 | 0       |
|  + encode_chunk (grp_encode_chunk_fu_264)                                                     | 6   |        |                      |           |                          |         |
|    icmp_ln21_fu_528_p2                                                                        |     |        | icmp_ln21            | setlt     | auto                     | 0       |
|    add_ln21_fu_533_p2                                                                         |     |        | add_ln21             | add       | fabric                   | 0       |
|    lshr_ln25_fu_604_p2                                                                        |     |        | lshr_ln25            | lshr      | auto_pipe                | 0       |
|    j_1_fu_630_p2                                                                              |     |        | j_1                  | add       | fabric                   | 0       |
|    pending_2_fu_714_p2                                                                        |     |        | pending_2            | add       | fabric                   | 0       |
|    icmp_ln32_fu_730_p2                                                                        |     |        | icmp_ln32            | seteq     | auto                     | 0       |
|    nb_fu_740_p2                                                                               |     |        | nb                   | add       | fabric                   | 0       |
|    icmp_ln34_fu_753_p2                                                                        |     |        | icmp_ln34            | seteq     | auto                     | 0       |
|    grp_fu_433_p2                                                                              |     |        | oi_4                 | add       | fabric                   | 0       |
|    grp_fu_433_p2                                                                              |     |        | oi_3                 | add       | fabric                   | 0       |
|    icmp_ln34_1_fu_793_p2                                                                      |     |        | icmp_ln34_1          | setgt     | auto                     | 0       |
|    sub_ln34_fu_799_p2                                                                         |     |        | sub_ln34             | sub       | fabric                   | 0       |
|    shl_ln34_fu_809_p2                                                                         |     |        | shl_ln34             | shl       | auto_pipe                | 0       |
|    oi_5_fu_816_p2                                                                             |     |        | oi_5                 | add       | fabric                   | 0       |
|   + encode_chunk_Pipeline_VITIS_LOOP_17_1 (grp_encode_chunk_Pipeline_VITIS_LOOP_17_1_fu_319)  | 0   |        |                      |           |                          |         |
|     icmp_ln17_fu_56_p2                                                                        |     |        | icmp_ln17            | seteq     | auto                     | 0       |
|     add_ln17_fu_62_p2                                                                         |     |        | add_ln17             | add       | fabric                   | 0       |
|   + encode_bit (grp_encode_bit_fu_325)                                                        | 3   |        |                      |           |                          |         |
|     mul_32s_32s_32_1_1_U30                                                                    | 3   |        | mul_ln42             | mul       | auto                     | 0       |
|     add_ln44_fu_432_p2                                                                        |     |        | add_ln44             | add       | fabric                   | 0       |
|     add_ln43_fu_437_p2                                                                        |     |        | add_ln43             | add       | fabric                   | 0       |
|     low_write_assign_ph_fu_443_p3                                                             |     |        | low_write_assign_ph  | select    | auto_sel                 | 0       |
|     high_write_assign_ph_fu_451_p3                                                            |     |        | high_write_assign_ph | select    | auto_sel                 | 0       |
|     p_ph_fu_459_p3                                                                            |     |        | p_ph                 | select    | auto_sel                 | 0       |
|     p_ph7_fu_466_p3                                                                           |     |        | p_ph7                | select    | auto_sel                 | 0       |
|     r_3_fu_508_p2                                                                             |     |        | r_3                  | add       | fabric                   | 0       |
|     icmp_ln48_fu_538_p2                                                                       |     |        | icmp_ln48            | seteq     | auto                     | 0       |
|     icmp_ln51_fu_554_p2                                                                       |     |        | icmp_ln51            | seteq     | auto                     | 0       |
|     grp_fu_348_p2                                                                             |     |        | add_ln33_2           | add       | fabric                   | 0       |
|     grp_fu_354_p2                                                                             |     |        | icmp_ln34_3          | seteq     | auto                     | 0       |
|     grp_fu_360_p2                                                                             |     |        | add_ln34_2           | add       | fabric                   | 0       |
|     icmp_ln55_fu_603_p2                                                                       |     |        | icmp_ln55            | setne     | auto                     | 0       |
|     icmp_ln55_2_fu_609_p2                                                                     |     |        | icmp_ln55_2          | setlt     | auto                     | 0       |
|     and_ln55_fu_615_p2                                                                        |     |        | and_ln55             | and       | auto                     | 0       |
|     add_ln56_fu_621_p2                                                                        |     |        | add_ln56             | add       | fabric                   | 0       |
|     xor_ln56_3_fu_635_p2                                                                      |     |        | xor_ln56_3           | xor       | auto                     | 0       |
|     xor_ln56_fu_661_p2                                                                        |     |        | xor_ln56             | xor       | auto                     | 0       |
|     grp_fu_348_p2                                                                             |     |        | add_ln33             | add       | fabric                   | 0       |
|     grp_fu_354_p2                                                                             |     |        | icmp_ln34            | seteq     | auto                     | 0       |
|     grp_fu_360_p2                                                                             |     |        | add_ln34             | add       | fabric                   | 0       |
|     sub_ln63_fu_727_p2                                                                        |     |        | sub_ln63             | sub       | fabric                   | 0       |
|     sub_ln62_fu_732_p2                                                                        |     |        | sub_ln62             | sub       | fabric                   | 0       |
|     add_ln62_fu_751_p2                                                                        |     |        | add_ln62             | add       | fabric                   | 0       |
|     select_ln62_fu_756_p3                                                                     |     |        | select_ln62          | select    | auto_sel                 | 0       |
|    + encode_bit_Pipeline_VITIS_LOOP_53_2 (grp_encode_bit_Pipeline_VITIS_LOOP_53_2_fu_305)     | 0   |        |                      |           |                          |         |
|      icmp_ln53_fu_107_p2                                                                      |     |        | icmp_ln53            | seteq     | auto                     | 0       |
|      add_ln33_fu_142_p2                                                                       |     |        | add_ln33             | add       | fabric                   | 0       |
|      icmp_ln34_fu_148_p2                                                                      |     |        | icmp_ln34            | seteq     | auto                     | 0       |
|      add_ln34_fu_179_p2                                                                       |     |        | add_ln34             | add       | fabric                   | 0       |
|      add_ln53_fu_113_p2                                                                       |     |        | add_ln53             | add       | fabric                   | 0       |
|    + encode_bit_Pipeline_VITIS_LOOP_50_1 (grp_encode_bit_Pipeline_VITIS_LOOP_50_1_fu_321)     | 0   |        |                      |           |                          |         |
|      icmp_ln50_fu_109_p2                                                                      |     |        | icmp_ln50            | seteq     | auto                     | 0       |
|      add_ln33_fu_150_p2                                                                       |     |        | add_ln33             | add       | fabric                   | 0       |
|      icmp_ln34_fu_156_p2                                                                      |     |        | icmp_ln34            | seteq     | auto                     | 0       |
|      add_ln34_fu_187_p2                                                                       |     |        | add_ln34             | add       | fabric                   | 0       |
|      add_ln50_fu_115_p2                                                                       |     |        | add_ln50             | add       | fabric                   | 0       |
|   + encode_bit_1 (grp_encode_bit_1_fu_343)                                                    | 3   |        |                      |           |                          |         |
|     mul_32s_32s_32_1_1_U59                                                                    | 3   |        | mul_ln42             | mul       | auto                     | 0       |
|     add_ln43_fu_408_p2                                                                        |     |        | add_ln43             | add       | fabric                   | 0       |
|     add_ln43_1_fu_413_p2                                                                      |     |        | add_ln43_1           | add       | fabric                   | 0       |
|     select_ln43_fu_419_p3                                                                     |     |        | select_ln43          | select    | auto_sel                 | 0       |
|     select_ln43_1_fu_426_p3                                                                   |     |        | select_ln43_1        | select    | auto_sel                 | 0       |
|     r_2_fu_458_p2                                                                             |     |        | r_2                  | add       | fabric                   | 0       |
|     icmp_ln48_fu_488_p2                                                                       |     |        | icmp_ln48            | seteq     | auto                     | 0       |
|     icmp_ln51_fu_504_p2                                                                       |     |        | icmp_ln51            | seteq     | auto                     | 0       |
|     grp_fu_324_p2                                                                             |     |        | add_ln33_1           | add       | fabric                   | 0       |
|     grp_fu_330_p2                                                                             |     |        | icmp_ln34_2          | seteq     | auto                     | 0       |
|     grp_fu_336_p2                                                                             |     |        | add_ln34_1           | add       | fabric                   | 0       |
|     icmp_ln55_fu_553_p2                                                                       |     |        | icmp_ln55            | setne     | auto                     | 0       |
|     icmp_ln55_1_fu_559_p2                                                                     |     |        | icmp_ln55_1          | setlt     | auto                     | 0       |
|     and_ln55_fu_565_p2                                                                        |     |        | and_ln55             | and       | auto                     | 0       |
|     add_ln56_fu_571_p2                                                                        |     |        | add_ln56             | add       | fabric                   | 0       |
|     xor_ln56_2_fu_585_p2                                                                      |     |        | xor_ln56_2           | xor       | auto                     | 0       |
|     xor_ln56_fu_611_p2                                                                        |     |        | xor_ln56             | xor       | auto                     | 0       |
|     grp_fu_324_p2                                                                             |     |        | add_ln33             | add       | fabric                   | 0       |
|     grp_fu_330_p2                                                                             |     |        | icmp_ln34            | seteq     | auto                     | 0       |
|     grp_fu_336_p2                                                                             |     |        | add_ln34             | add       | fabric                   | 0       |
|     sub_ln63_fu_677_p2                                                                        |     |        | sub_ln63             | sub       | fabric                   | 0       |
|     sub_ln62_fu_682_p2                                                                        |     |        | sub_ln62             | sub       | fabric                   | 0       |
|     add_ln62_fu_701_p2                                                                        |     |        | add_ln62             | add       | fabric                   | 0       |
|     select_ln62_fu_706_p3                                                                     |     |        | select_ln62          | select    | auto_sel                 | 0       |
|    + encode_bit_1_Pipeline_VITIS_LOOP_53_2 (grp_encode_bit_1_Pipeline_VITIS_LOOP_53_2_fu_281) | 0   |        |                      |           |                          |         |
|      icmp_ln53_fu_107_p2                                                                      |     |        | icmp_ln53            | seteq     | auto                     | 0       |
|      add_ln33_fu_142_p2                                                                       |     |        | add_ln33             | add       | fabric                   | 0       |
|      icmp_ln34_fu_148_p2                                                                      |     |        | icmp_ln34            | seteq     | auto                     | 0       |
|      add_ln34_fu_179_p2                                                                       |     |        | add_ln34             | add       | fabric                   | 0       |
|      add_ln53_fu_113_p2                                                                       |     |        | add_ln53             | add       | fabric                   | 0       |
|    + encode_bit_1_Pipeline_VITIS_LOOP_50_1 (grp_encode_bit_1_Pipeline_VITIS_LOOP_50_1_fu_297) | 0   |        |                      |           |                          |         |
|      icmp_ln50_fu_109_p2                                                                      |     |        | icmp_ln50            | seteq     | auto                     | 0       |
|      add_ln33_fu_150_p2                                                                       |     |        | add_ln33             | add       | fabric                   | 0       |
|      icmp_ln34_fu_156_p2                                                                      |     |        | icmp_ln34            | seteq     | auto                     | 0       |
|      add_ln34_fu_187_p2                                                                       |     |        | add_ln34             | add       | fabric                   | 0       |
|      add_ln50_fu_115_p2                                                                       |     |        | add_ln50             | add       | fabric                   | 0       |
|   + encode_chunk_Pipeline_VITIS_LOOP_33_5 (grp_encode_chunk_Pipeline_VITIS_LOOP_33_5_fu_357)  | 0   |        |                      |           |                          |         |
|     icmp_ln33_fu_143_p2                                                                       |     |        | icmp_ln33            | seteq     | auto                     | 0       |
|     nb_fu_173_p2                                                                              |     |        | nb                   | add       | fabric                   | 0       |
|     icmp_ln34_fu_179_p2                                                                       |     |        | icmp_ln34            | seteq     | auto                     | 0       |
|     oi_fu_198_p2                                                                              |     |        | oi                   | add       | fabric                   | 0       |
|     pending_fu_149_p2                                                                         |     |        | pending              | add       | fabric                   | 0       |
|   + encode_chunk_Pipeline_VITIS_LOOP_32_4 (grp_encode_chunk_Pipeline_VITIS_LOOP_32_4_fu_373)  | 0   |        |                      |           |                          |         |
|     icmp_ln32_fu_145_p2                                                                       |     |        | icmp_ln32            | seteq     | auto                     | 0       |
|     nb_fu_181_p2                                                                              |     |        | nb                   | add       | fabric                   | 0       |
|     icmp_ln34_fu_187_p2                                                                       |     |        | icmp_ln34            | seteq     | auto                     | 0       |
|     oi_fu_206_p2                                                                              |     |        | oi                   | add       | fabric                   | 0       |
|     pending_fu_151_p2                                                                         |     |        | pending              | add       | fabric                   | 0       |
|  + encode_chunk (grp_encode_chunk_fu_273)                                                     | 6   |        |                      |           |                          |         |
|    icmp_ln21_fu_528_p2                                                                        |     |        | icmp_ln21            | setlt     | auto                     | 0       |
|    add_ln21_fu_533_p2                                                                         |     |        | add_ln21             | add       | fabric                   | 0       |
|    lshr_ln25_fu_604_p2                                                                        |     |        | lshr_ln25            | lshr      | auto_pipe                | 0       |
|    j_1_fu_630_p2                                                                              |     |        | j_1                  | add       | fabric                   | 0       |
|    pending_2_fu_714_p2                                                                        |     |        | pending_2            | add       | fabric                   | 0       |
|    icmp_ln32_fu_730_p2                                                                        |     |        | icmp_ln32            | seteq     | auto                     | 0       |
|    nb_fu_740_p2                                                                               |     |        | nb                   | add       | fabric                   | 0       |
|    icmp_ln34_fu_753_p2                                                                        |     |        | icmp_ln34            | seteq     | auto                     | 0       |
|    grp_fu_433_p2                                                                              |     |        | oi_4                 | add       | fabric                   | 0       |
|    grp_fu_433_p2                                                                              |     |        | oi_3                 | add       | fabric                   | 0       |
|    icmp_ln34_1_fu_793_p2                                                                      |     |        | icmp_ln34_1          | setgt     | auto                     | 0       |
|    sub_ln34_fu_799_p2                                                                         |     |        | sub_ln34             | sub       | fabric                   | 0       |
|    shl_ln34_fu_809_p2                                                                         |     |        | shl_ln34             | shl       | auto_pipe                | 0       |
|    oi_5_fu_816_p2                                                                             |     |        | oi_5                 | add       | fabric                   | 0       |
|   + encode_chunk_Pipeline_VITIS_LOOP_17_1 (grp_encode_chunk_Pipeline_VITIS_LOOP_17_1_fu_319)  | 0   |        |                      |           |                          |         |
|     icmp_ln17_fu_56_p2                                                                        |     |        | icmp_ln17            | seteq     | auto                     | 0       |
|     add_ln17_fu_62_p2                                                                         |     |        | add_ln17             | add       | fabric                   | 0       |
|   + encode_bit (grp_encode_bit_fu_325)                                                        | 3   |        |                      |           |                          |         |
|     mul_32s_32s_32_1_1_U30                                                                    | 3   |        | mul_ln42             | mul       | auto                     | 0       |
|     add_ln44_fu_432_p2                                                                        |     |        | add_ln44             | add       | fabric                   | 0       |
|     add_ln43_fu_437_p2                                                                        |     |        | add_ln43             | add       | fabric                   | 0       |
|     low_write_assign_ph_fu_443_p3                                                             |     |        | low_write_assign_ph  | select    | auto_sel                 | 0       |
|     high_write_assign_ph_fu_451_p3                                                            |     |        | high_write_assign_ph | select    | auto_sel                 | 0       |
|     p_ph_fu_459_p3                                                                            |     |        | p_ph                 | select    | auto_sel                 | 0       |
|     p_ph7_fu_466_p3                                                                           |     |        | p_ph7                | select    | auto_sel                 | 0       |
|     r_3_fu_508_p2                                                                             |     |        | r_3                  | add       | fabric                   | 0       |
|     icmp_ln48_fu_538_p2                                                                       |     |        | icmp_ln48            | seteq     | auto                     | 0       |
|     icmp_ln51_fu_554_p2                                                                       |     |        | icmp_ln51            | seteq     | auto                     | 0       |
|     grp_fu_348_p2                                                                             |     |        | add_ln33_2           | add       | fabric                   | 0       |
|     grp_fu_354_p2                                                                             |     |        | icmp_ln34_3          | seteq     | auto                     | 0       |
|     grp_fu_360_p2                                                                             |     |        | add_ln34_2           | add       | fabric                   | 0       |
|     icmp_ln55_fu_603_p2                                                                       |     |        | icmp_ln55            | setne     | auto                     | 0       |
|     icmp_ln55_2_fu_609_p2                                                                     |     |        | icmp_ln55_2          | setlt     | auto                     | 0       |
|     and_ln55_fu_615_p2                                                                        |     |        | and_ln55             | and       | auto                     | 0       |
|     add_ln56_fu_621_p2                                                                        |     |        | add_ln56             | add       | fabric                   | 0       |
|     xor_ln56_3_fu_635_p2                                                                      |     |        | xor_ln56_3           | xor       | auto                     | 0       |
|     xor_ln56_fu_661_p2                                                                        |     |        | xor_ln56             | xor       | auto                     | 0       |
|     grp_fu_348_p2                                                                             |     |        | add_ln33             | add       | fabric                   | 0       |
|     grp_fu_354_p2                                                                             |     |        | icmp_ln34            | seteq     | auto                     | 0       |
|     grp_fu_360_p2                                                                             |     |        | add_ln34             | add       | fabric                   | 0       |
|     sub_ln63_fu_727_p2                                                                        |     |        | sub_ln63             | sub       | fabric                   | 0       |
|     sub_ln62_fu_732_p2                                                                        |     |        | sub_ln62             | sub       | fabric                   | 0       |
|     add_ln62_fu_751_p2                                                                        |     |        | add_ln62             | add       | fabric                   | 0       |
|     select_ln62_fu_756_p3                                                                     |     |        | select_ln62          | select    | auto_sel                 | 0       |
|    + encode_bit_Pipeline_VITIS_LOOP_53_2 (grp_encode_bit_Pipeline_VITIS_LOOP_53_2_fu_305)     | 0   |        |                      |           |                          |         |
|      icmp_ln53_fu_107_p2                                                                      |     |        | icmp_ln53            | seteq     | auto                     | 0       |
|      add_ln33_fu_142_p2                                                                       |     |        | add_ln33             | add       | fabric                   | 0       |
|      icmp_ln34_fu_148_p2                                                                      |     |        | icmp_ln34            | seteq     | auto                     | 0       |
|      add_ln34_fu_179_p2                                                                       |     |        | add_ln34             | add       | fabric                   | 0       |
|      add_ln53_fu_113_p2                                                                       |     |        | add_ln53             | add       | fabric                   | 0       |
|    + encode_bit_Pipeline_VITIS_LOOP_50_1 (grp_encode_bit_Pipeline_VITIS_LOOP_50_1_fu_321)     | 0   |        |                      |           |                          |         |
|      icmp_ln50_fu_109_p2                                                                      |     |        | icmp_ln50            | seteq     | auto                     | 0       |
|      add_ln33_fu_150_p2                                                                       |     |        | add_ln33             | add       | fabric                   | 0       |
|      icmp_ln34_fu_156_p2                                                                      |     |        | icmp_ln34            | seteq     | auto                     | 0       |
|      add_ln34_fu_187_p2                                                                       |     |        | add_ln34             | add       | fabric                   | 0       |
|      add_ln50_fu_115_p2                                                                       |     |        | add_ln50             | add       | fabric                   | 0       |
|   + encode_bit_1 (grp_encode_bit_1_fu_343)                                                    | 3   |        |                      |           |                          |         |
|     mul_32s_32s_32_1_1_U59                                                                    | 3   |        | mul_ln42             | mul       | auto                     | 0       |
|     add_ln43_fu_408_p2                                                                        |     |        | add_ln43             | add       | fabric                   | 0       |
|     add_ln43_1_fu_413_p2                                                                      |     |        | add_ln43_1           | add       | fabric                   | 0       |
|     select_ln43_fu_419_p3                                                                     |     |        | select_ln43          | select    | auto_sel                 | 0       |
|     select_ln43_1_fu_426_p3                                                                   |     |        | select_ln43_1        | select    | auto_sel                 | 0       |
|     r_2_fu_458_p2                                                                             |     |        | r_2                  | add       | fabric                   | 0       |
|     icmp_ln48_fu_488_p2                                                                       |     |        | icmp_ln48            | seteq     | auto                     | 0       |
|     icmp_ln51_fu_504_p2                                                                       |     |        | icmp_ln51            | seteq     | auto                     | 0       |
|     grp_fu_324_p2                                                                             |     |        | add_ln33_1           | add       | fabric                   | 0       |
|     grp_fu_330_p2                                                                             |     |        | icmp_ln34_2          | seteq     | auto                     | 0       |
|     grp_fu_336_p2                                                                             |     |        | add_ln34_1           | add       | fabric                   | 0       |
|     icmp_ln55_fu_553_p2                                                                       |     |        | icmp_ln55            | setne     | auto                     | 0       |
|     icmp_ln55_1_fu_559_p2                                                                     |     |        | icmp_ln55_1          | setlt     | auto                     | 0       |
|     and_ln55_fu_565_p2                                                                        |     |        | and_ln55             | and       | auto                     | 0       |
|     add_ln56_fu_571_p2                                                                        |     |        | add_ln56             | add       | fabric                   | 0       |
|     xor_ln56_2_fu_585_p2                                                                      |     |        | xor_ln56_2           | xor       | auto                     | 0       |
|     xor_ln56_fu_611_p2                                                                        |     |        | xor_ln56             | xor       | auto                     | 0       |
|     grp_fu_324_p2                                                                             |     |        | add_ln33             | add       | fabric                   | 0       |
|     grp_fu_330_p2                                                                             |     |        | icmp_ln34            | seteq     | auto                     | 0       |
|     grp_fu_336_p2                                                                             |     |        | add_ln34             | add       | fabric                   | 0       |
|     sub_ln63_fu_677_p2                                                                        |     |        | sub_ln63             | sub       | fabric                   | 0       |
|     sub_ln62_fu_682_p2                                                                        |     |        | sub_ln62             | sub       | fabric                   | 0       |
|     add_ln62_fu_701_p2                                                                        |     |        | add_ln62             | add       | fabric                   | 0       |
|     select_ln62_fu_706_p3                                                                     |     |        | select_ln62          | select    | auto_sel                 | 0       |
|    + encode_bit_1_Pipeline_VITIS_LOOP_53_2 (grp_encode_bit_1_Pipeline_VITIS_LOOP_53_2_fu_281) | 0   |        |                      |           |                          |         |
|      icmp_ln53_fu_107_p2                                                                      |     |        | icmp_ln53            | seteq     | auto                     | 0       |
|      add_ln33_fu_142_p2                                                                       |     |        | add_ln33             | add       | fabric                   | 0       |
|      icmp_ln34_fu_148_p2                                                                      |     |        | icmp_ln34            | seteq     | auto                     | 0       |
|      add_ln34_fu_179_p2                                                                       |     |        | add_ln34             | add       | fabric                   | 0       |
|      add_ln53_fu_113_p2                                                                       |     |        | add_ln53             | add       | fabric                   | 0       |
|    + encode_bit_1_Pipeline_VITIS_LOOP_50_1 (grp_encode_bit_1_Pipeline_VITIS_LOOP_50_1_fu_297) | 0   |        |                      |           |                          |         |
|      icmp_ln50_fu_109_p2                                                                      |     |        | icmp_ln50            | seteq     | auto                     | 0       |
|      add_ln33_fu_150_p2                                                                       |     |        | add_ln33             | add       | fabric                   | 0       |
|      icmp_ln34_fu_156_p2                                                                      |     |        | icmp_ln34            | seteq     | auto                     | 0       |
|      add_ln34_fu_187_p2                                                                       |     |        | add_ln34             | add       | fabric                   | 0       |
|      add_ln50_fu_115_p2                                                                       |     |        | add_ln50             | add       | fabric                   | 0       |
|   + encode_chunk_Pipeline_VITIS_LOOP_33_5 (grp_encode_chunk_Pipeline_VITIS_LOOP_33_5_fu_357)  | 0   |        |                      |           |                          |         |
|     icmp_ln33_fu_143_p2                                                                       |     |        | icmp_ln33            | seteq     | auto                     | 0       |
|     nb_fu_173_p2                                                                              |     |        | nb                   | add       | fabric                   | 0       |
|     icmp_ln34_fu_179_p2                                                                       |     |        | icmp_ln34            | seteq     | auto                     | 0       |
|     oi_fu_198_p2                                                                              |     |        | oi                   | add       | fabric                   | 0       |
|     pending_fu_149_p2                                                                         |     |        | pending              | add       | fabric                   | 0       |
|   + encode_chunk_Pipeline_VITIS_LOOP_32_4 (grp_encode_chunk_Pipeline_VITIS_LOOP_32_4_fu_373)  | 0   |        |                      |           |                          |         |
|     icmp_ln32_fu_145_p2                                                                       |     |        | icmp_ln32            | seteq     | auto                     | 0       |
|     nb_fu_181_p2                                                                              |     |        | nb                   | add       | fabric                   | 0       |
|     icmp_ln34_fu_187_p2                                                                       |     |        | icmp_ln34            | seteq     | auto                     | 0       |
|     oi_fu_206_p2                                                                              |     |        | oi                   | add       | fabric                   | 0       |
|     pending_fu_151_p2                                                                         |     |        | pending              | add       | fabric                   | 0       |
|  + encode_chunk (grp_encode_chunk_fu_282)                                                     | 6   |        |                      |           |                          |         |
|    icmp_ln21_fu_528_p2                                                                        |     |        | icmp_ln21            | setlt     | auto                     | 0       |
|    add_ln21_fu_533_p2                                                                         |     |        | add_ln21             | add       | fabric                   | 0       |
|    lshr_ln25_fu_604_p2                                                                        |     |        | lshr_ln25            | lshr      | auto_pipe                | 0       |
|    j_1_fu_630_p2                                                                              |     |        | j_1                  | add       | fabric                   | 0       |
|    pending_2_fu_714_p2                                                                        |     |        | pending_2            | add       | fabric                   | 0       |
|    icmp_ln32_fu_730_p2                                                                        |     |        | icmp_ln32            | seteq     | auto                     | 0       |
|    nb_fu_740_p2                                                                               |     |        | nb                   | add       | fabric                   | 0       |
|    icmp_ln34_fu_753_p2                                                                        |     |        | icmp_ln34            | seteq     | auto                     | 0       |
|    grp_fu_433_p2                                                                              |     |        | oi_4                 | add       | fabric                   | 0       |
|    grp_fu_433_p2                                                                              |     |        | oi_3                 | add       | fabric                   | 0       |
|    icmp_ln34_1_fu_793_p2                                                                      |     |        | icmp_ln34_1          | setgt     | auto                     | 0       |
|    sub_ln34_fu_799_p2                                                                         |     |        | sub_ln34             | sub       | fabric                   | 0       |
|    shl_ln34_fu_809_p2                                                                         |     |        | shl_ln34             | shl       | auto_pipe                | 0       |
|    oi_5_fu_816_p2                                                                             |     |        | oi_5                 | add       | fabric                   | 0       |
|   + encode_chunk_Pipeline_VITIS_LOOP_17_1 (grp_encode_chunk_Pipeline_VITIS_LOOP_17_1_fu_319)  | 0   |        |                      |           |                          |         |
|     icmp_ln17_fu_56_p2                                                                        |     |        | icmp_ln17            | seteq     | auto                     | 0       |
|     add_ln17_fu_62_p2                                                                         |     |        | add_ln17             | add       | fabric                   | 0       |
|   + encode_bit (grp_encode_bit_fu_325)                                                        | 3   |        |                      |           |                          |         |
|     mul_32s_32s_32_1_1_U30                                                                    | 3   |        | mul_ln42             | mul       | auto                     | 0       |
|     add_ln44_fu_432_p2                                                                        |     |        | add_ln44             | add       | fabric                   | 0       |
|     add_ln43_fu_437_p2                                                                        |     |        | add_ln43             | add       | fabric                   | 0       |
|     low_write_assign_ph_fu_443_p3                                                             |     |        | low_write_assign_ph  | select    | auto_sel                 | 0       |
|     high_write_assign_ph_fu_451_p3                                                            |     |        | high_write_assign_ph | select    | auto_sel                 | 0       |
|     p_ph_fu_459_p3                                                                            |     |        | p_ph                 | select    | auto_sel                 | 0       |
|     p_ph7_fu_466_p3                                                                           |     |        | p_ph7                | select    | auto_sel                 | 0       |
|     r_3_fu_508_p2                                                                             |     |        | r_3                  | add       | fabric                   | 0       |
|     icmp_ln48_fu_538_p2                                                                       |     |        | icmp_ln48            | seteq     | auto                     | 0       |
|     icmp_ln51_fu_554_p2                                                                       |     |        | icmp_ln51            | seteq     | auto                     | 0       |
|     grp_fu_348_p2                                                                             |     |        | add_ln33_2           | add       | fabric                   | 0       |
|     grp_fu_354_p2                                                                             |     |        | icmp_ln34_3          | seteq     | auto                     | 0       |
|     grp_fu_360_p2                                                                             |     |        | add_ln34_2           | add       | fabric                   | 0       |
|     icmp_ln55_fu_603_p2                                                                       |     |        | icmp_ln55            | setne     | auto                     | 0       |
|     icmp_ln55_2_fu_609_p2                                                                     |     |        | icmp_ln55_2          | setlt     | auto                     | 0       |
|     and_ln55_fu_615_p2                                                                        |     |        | and_ln55             | and       | auto                     | 0       |
|     add_ln56_fu_621_p2                                                                        |     |        | add_ln56             | add       | fabric                   | 0       |
|     xor_ln56_3_fu_635_p2                                                                      |     |        | xor_ln56_3           | xor       | auto                     | 0       |
|     xor_ln56_fu_661_p2                                                                        |     |        | xor_ln56             | xor       | auto                     | 0       |
|     grp_fu_348_p2                                                                             |     |        | add_ln33             | add       | fabric                   | 0       |
|     grp_fu_354_p2                                                                             |     |        | icmp_ln34            | seteq     | auto                     | 0       |
|     grp_fu_360_p2                                                                             |     |        | add_ln34             | add       | fabric                   | 0       |
|     sub_ln63_fu_727_p2                                                                        |     |        | sub_ln63             | sub       | fabric                   | 0       |
|     sub_ln62_fu_732_p2                                                                        |     |        | sub_ln62             | sub       | fabric                   | 0       |
|     add_ln62_fu_751_p2                                                                        |     |        | add_ln62             | add       | fabric                   | 0       |
|     select_ln62_fu_756_p3                                                                     |     |        | select_ln62          | select    | auto_sel                 | 0       |
|    + encode_bit_Pipeline_VITIS_LOOP_53_2 (grp_encode_bit_Pipeline_VITIS_LOOP_53_2_fu_305)     | 0   |        |                      |           |                          |         |
|      icmp_ln53_fu_107_p2                                                                      |     |        | icmp_ln53            | seteq     | auto                     | 0       |
|      add_ln33_fu_142_p2                                                                       |     |        | add_ln33             | add       | fabric                   | 0       |
|      icmp_ln34_fu_148_p2                                                                      |     |        | icmp_ln34            | seteq     | auto                     | 0       |
|      add_ln34_fu_179_p2                                                                       |     |        | add_ln34             | add       | fabric                   | 0       |
|      add_ln53_fu_113_p2                                                                       |     |        | add_ln53             | add       | fabric                   | 0       |
|    + encode_bit_Pipeline_VITIS_LOOP_50_1 (grp_encode_bit_Pipeline_VITIS_LOOP_50_1_fu_321)     | 0   |        |                      |           |                          |         |
|      icmp_ln50_fu_109_p2                                                                      |     |        | icmp_ln50            | seteq     | auto                     | 0       |
|      add_ln33_fu_150_p2                                                                       |     |        | add_ln33             | add       | fabric                   | 0       |
|      icmp_ln34_fu_156_p2                                                                      |     |        | icmp_ln34            | seteq     | auto                     | 0       |
|      add_ln34_fu_187_p2                                                                       |     |        | add_ln34             | add       | fabric                   | 0       |
|      add_ln50_fu_115_p2                                                                       |     |        | add_ln50             | add       | fabric                   | 0       |
|   + encode_bit_1 (grp_encode_bit_1_fu_343)                                                    | 3   |        |                      |           |                          |         |
|     mul_32s_32s_32_1_1_U59                                                                    | 3   |        | mul_ln42             | mul       | auto                     | 0       |
|     add_ln43_fu_408_p2                                                                        |     |        | add_ln43             | add       | fabric                   | 0       |
|     add_ln43_1_fu_413_p2                                                                      |     |        | add_ln43_1           | add       | fabric                   | 0       |
|     select_ln43_fu_419_p3                                                                     |     |        | select_ln43          | select    | auto_sel                 | 0       |
|     select_ln43_1_fu_426_p3                                                                   |     |        | select_ln43_1        | select    | auto_sel                 | 0       |
|     r_2_fu_458_p2                                                                             |     |        | r_2                  | add       | fabric                   | 0       |
|     icmp_ln48_fu_488_p2                                                                       |     |        | icmp_ln48            | seteq     | auto                     | 0       |
|     icmp_ln51_fu_504_p2                                                                       |     |        | icmp_ln51            | seteq     | auto                     | 0       |
|     grp_fu_324_p2                                                                             |     |        | add_ln33_1           | add       | fabric                   | 0       |
|     grp_fu_330_p2                                                                             |     |        | icmp_ln34_2          | seteq     | auto                     | 0       |
|     grp_fu_336_p2                                                                             |     |        | add_ln34_1           | add       | fabric                   | 0       |
|     icmp_ln55_fu_553_p2                                                                       |     |        | icmp_ln55            | setne     | auto                     | 0       |
|     icmp_ln55_1_fu_559_p2                                                                     |     |        | icmp_ln55_1          | setlt     | auto                     | 0       |
|     and_ln55_fu_565_p2                                                                        |     |        | and_ln55             | and       | auto                     | 0       |
|     add_ln56_fu_571_p2                                                                        |     |        | add_ln56             | add       | fabric                   | 0       |
|     xor_ln56_2_fu_585_p2                                                                      |     |        | xor_ln56_2           | xor       | auto                     | 0       |
|     xor_ln56_fu_611_p2                                                                        |     |        | xor_ln56             | xor       | auto                     | 0       |
|     grp_fu_324_p2                                                                             |     |        | add_ln33             | add       | fabric                   | 0       |
|     grp_fu_330_p2                                                                             |     |        | icmp_ln34            | seteq     | auto                     | 0       |
|     grp_fu_336_p2                                                                             |     |        | add_ln34             | add       | fabric                   | 0       |
|     sub_ln63_fu_677_p2                                                                        |     |        | sub_ln63             | sub       | fabric                   | 0       |
|     sub_ln62_fu_682_p2                                                                        |     |        | sub_ln62             | sub       | fabric                   | 0       |
|     add_ln62_fu_701_p2                                                                        |     |        | add_ln62             | add       | fabric                   | 0       |
|     select_ln62_fu_706_p3                                                                     |     |        | select_ln62          | select    | auto_sel                 | 0       |
|    + encode_bit_1_Pipeline_VITIS_LOOP_53_2 (grp_encode_bit_1_Pipeline_VITIS_LOOP_53_2_fu_281) | 0   |        |                      |           |                          |         |
|      icmp_ln53_fu_107_p2                                                                      |     |        | icmp_ln53            | seteq     | auto                     | 0       |
|      add_ln33_fu_142_p2                                                                       |     |        | add_ln33             | add       | fabric                   | 0       |
|      icmp_ln34_fu_148_p2                                                                      |     |        | icmp_ln34            | seteq     | auto                     | 0       |
|      add_ln34_fu_179_p2                                                                       |     |        | add_ln34             | add       | fabric                   | 0       |
|      add_ln53_fu_113_p2                                                                       |     |        | add_ln53             | add       | fabric                   | 0       |
|    + encode_bit_1_Pipeline_VITIS_LOOP_50_1 (grp_encode_bit_1_Pipeline_VITIS_LOOP_50_1_fu_297) | 0   |        |                      |           |                          |         |
|      icmp_ln50_fu_109_p2                                                                      |     |        | icmp_ln50            | seteq     | auto                     | 0       |
|      add_ln33_fu_150_p2                                                                       |     |        | add_ln33             | add       | fabric                   | 0       |
|      icmp_ln34_fu_156_p2                                                                      |     |        | icmp_ln34            | seteq     | auto                     | 0       |
|      add_ln34_fu_187_p2                                                                       |     |        | add_ln34             | add       | fabric                   | 0       |
|      add_ln50_fu_115_p2                                                                       |     |        | add_ln50             | add       | fabric                   | 0       |
|   + encode_chunk_Pipeline_VITIS_LOOP_33_5 (grp_encode_chunk_Pipeline_VITIS_LOOP_33_5_fu_357)  | 0   |        |                      |           |                          |         |
|     icmp_ln33_fu_143_p2                                                                       |     |        | icmp_ln33            | seteq     | auto                     | 0       |
|     nb_fu_173_p2                                                                              |     |        | nb                   | add       | fabric                   | 0       |
|     icmp_ln34_fu_179_p2                                                                       |     |        | icmp_ln34            | seteq     | auto                     | 0       |
|     oi_fu_198_p2                                                                              |     |        | oi                   | add       | fabric                   | 0       |
|     pending_fu_149_p2                                                                         |     |        | pending              | add       | fabric                   | 0       |
|   + encode_chunk_Pipeline_VITIS_LOOP_32_4 (grp_encode_chunk_Pipeline_VITIS_LOOP_32_4_fu_373)  | 0   |        |                      |           |                          |         |
|     icmp_ln32_fu_145_p2                                                                       |     |        | icmp_ln32            | seteq     | auto                     | 0       |
|     nb_fu_181_p2                                                                              |     |        | nb                   | add       | fabric                   | 0       |
|     icmp_ln34_fu_187_p2                                                                       |     |        | icmp_ln34            | seteq     | auto                     | 0       |
|     oi_fu_206_p2                                                                              |     |        | oi                   | add       | fabric                   | 0       |
|     pending_fu_151_p2                                                                         |     |        | pending              | add       | fabric                   | 0       |
|  + encode_chunk (grp_encode_chunk_fu_291)                                                     | 6   |        |                      |           |                          |         |
|    icmp_ln21_fu_528_p2                                                                        |     |        | icmp_ln21            | setlt     | auto                     | 0       |
|    add_ln21_fu_533_p2                                                                         |     |        | add_ln21             | add       | fabric                   | 0       |
|    lshr_ln25_fu_604_p2                                                                        |     |        | lshr_ln25            | lshr      | auto_pipe                | 0       |
|    j_1_fu_630_p2                                                                              |     |        | j_1                  | add       | fabric                   | 0       |
|    pending_2_fu_714_p2                                                                        |     |        | pending_2            | add       | fabric                   | 0       |
|    icmp_ln32_fu_730_p2                                                                        |     |        | icmp_ln32            | seteq     | auto                     | 0       |
|    nb_fu_740_p2                                                                               |     |        | nb                   | add       | fabric                   | 0       |
|    icmp_ln34_fu_753_p2                                                                        |     |        | icmp_ln34            | seteq     | auto                     | 0       |
|    grp_fu_433_p2                                                                              |     |        | oi_4                 | add       | fabric                   | 0       |
|    grp_fu_433_p2                                                                              |     |        | oi_3                 | add       | fabric                   | 0       |
|    icmp_ln34_1_fu_793_p2                                                                      |     |        | icmp_ln34_1          | setgt     | auto                     | 0       |
|    sub_ln34_fu_799_p2                                                                         |     |        | sub_ln34             | sub       | fabric                   | 0       |
|    shl_ln34_fu_809_p2                                                                         |     |        | shl_ln34             | shl       | auto_pipe                | 0       |
|    oi_5_fu_816_p2                                                                             |     |        | oi_5                 | add       | fabric                   | 0       |
|   + encode_chunk_Pipeline_VITIS_LOOP_17_1 (grp_encode_chunk_Pipeline_VITIS_LOOP_17_1_fu_319)  | 0   |        |                      |           |                          |         |
|     icmp_ln17_fu_56_p2                                                                        |     |        | icmp_ln17            | seteq     | auto                     | 0       |
|     add_ln17_fu_62_p2                                                                         |     |        | add_ln17             | add       | fabric                   | 0       |
|   + encode_bit (grp_encode_bit_fu_325)                                                        | 3   |        |                      |           |                          |         |
|     mul_32s_32s_32_1_1_U30                                                                    | 3   |        | mul_ln42             | mul       | auto                     | 0       |
|     add_ln44_fu_432_p2                                                                        |     |        | add_ln44             | add       | fabric                   | 0       |
|     add_ln43_fu_437_p2                                                                        |     |        | add_ln43             | add       | fabric                   | 0       |
|     low_write_assign_ph_fu_443_p3                                                             |     |        | low_write_assign_ph  | select    | auto_sel                 | 0       |
|     high_write_assign_ph_fu_451_p3                                                            |     |        | high_write_assign_ph | select    | auto_sel                 | 0       |
|     p_ph_fu_459_p3                                                                            |     |        | p_ph                 | select    | auto_sel                 | 0       |
|     p_ph7_fu_466_p3                                                                           |     |        | p_ph7                | select    | auto_sel                 | 0       |
|     r_3_fu_508_p2                                                                             |     |        | r_3                  | add       | fabric                   | 0       |
|     icmp_ln48_fu_538_p2                                                                       |     |        | icmp_ln48            | seteq     | auto                     | 0       |
|     icmp_ln51_fu_554_p2                                                                       |     |        | icmp_ln51            | seteq     | auto                     | 0       |
|     grp_fu_348_p2                                                                             |     |        | add_ln33_2           | add       | fabric                   | 0       |
|     grp_fu_354_p2                                                                             |     |        | icmp_ln34_3          | seteq     | auto                     | 0       |
|     grp_fu_360_p2                                                                             |     |        | add_ln34_2           | add       | fabric                   | 0       |
|     icmp_ln55_fu_603_p2                                                                       |     |        | icmp_ln55            | setne     | auto                     | 0       |
|     icmp_ln55_2_fu_609_p2                                                                     |     |        | icmp_ln55_2          | setlt     | auto                     | 0       |
|     and_ln55_fu_615_p2                                                                        |     |        | and_ln55             | and       | auto                     | 0       |
|     add_ln56_fu_621_p2                                                                        |     |        | add_ln56             | add       | fabric                   | 0       |
|     xor_ln56_3_fu_635_p2                                                                      |     |        | xor_ln56_3           | xor       | auto                     | 0       |
|     xor_ln56_fu_661_p2                                                                        |     |        | xor_ln56             | xor       | auto                     | 0       |
|     grp_fu_348_p2                                                                             |     |        | add_ln33             | add       | fabric                   | 0       |
|     grp_fu_354_p2                                                                             |     |        | icmp_ln34            | seteq     | auto                     | 0       |
|     grp_fu_360_p2                                                                             |     |        | add_ln34             | add       | fabric                   | 0       |
|     sub_ln63_fu_727_p2                                                                        |     |        | sub_ln63             | sub       | fabric                   | 0       |
|     sub_ln62_fu_732_p2                                                                        |     |        | sub_ln62             | sub       | fabric                   | 0       |
|     add_ln62_fu_751_p2                                                                        |     |        | add_ln62             | add       | fabric                   | 0       |
|     select_ln62_fu_756_p3                                                                     |     |        | select_ln62          | select    | auto_sel                 | 0       |
|    + encode_bit_Pipeline_VITIS_LOOP_53_2 (grp_encode_bit_Pipeline_VITIS_LOOP_53_2_fu_305)     | 0   |        |                      |           |                          |         |
|      icmp_ln53_fu_107_p2                                                                      |     |        | icmp_ln53            | seteq     | auto                     | 0       |
|      add_ln33_fu_142_p2                                                                       |     |        | add_ln33             | add       | fabric                   | 0       |
|      icmp_ln34_fu_148_p2                                                                      |     |        | icmp_ln34            | seteq     | auto                     | 0       |
|      add_ln34_fu_179_p2                                                                       |     |        | add_ln34             | add       | fabric                   | 0       |
|      add_ln53_fu_113_p2                                                                       |     |        | add_ln53             | add       | fabric                   | 0       |
|    + encode_bit_Pipeline_VITIS_LOOP_50_1 (grp_encode_bit_Pipeline_VITIS_LOOP_50_1_fu_321)     | 0   |        |                      |           |                          |         |
|      icmp_ln50_fu_109_p2                                                                      |     |        | icmp_ln50            | seteq     | auto                     | 0       |
|      add_ln33_fu_150_p2                                                                       |     |        | add_ln33             | add       | fabric                   | 0       |
|      icmp_ln34_fu_156_p2                                                                      |     |        | icmp_ln34            | seteq     | auto                     | 0       |
|      add_ln34_fu_187_p2                                                                       |     |        | add_ln34             | add       | fabric                   | 0       |
|      add_ln50_fu_115_p2                                                                       |     |        | add_ln50             | add       | fabric                   | 0       |
|   + encode_bit_1 (grp_encode_bit_1_fu_343)                                                    | 3   |        |                      |           |                          |         |
|     mul_32s_32s_32_1_1_U59                                                                    | 3   |        | mul_ln42             | mul       | auto                     | 0       |
|     add_ln43_fu_408_p2                                                                        |     |        | add_ln43             | add       | fabric                   | 0       |
|     add_ln43_1_fu_413_p2                                                                      |     |        | add_ln43_1           | add       | fabric                   | 0       |
|     select_ln43_fu_419_p3                                                                     |     |        | select_ln43          | select    | auto_sel                 | 0       |
|     select_ln43_1_fu_426_p3                                                                   |     |        | select_ln43_1        | select    | auto_sel                 | 0       |
|     r_2_fu_458_p2                                                                             |     |        | r_2                  | add       | fabric                   | 0       |
|     icmp_ln48_fu_488_p2                                                                       |     |        | icmp_ln48            | seteq     | auto                     | 0       |
|     icmp_ln51_fu_504_p2                                                                       |     |        | icmp_ln51            | seteq     | auto                     | 0       |
|     grp_fu_324_p2                                                                             |     |        | add_ln33_1           | add       | fabric                   | 0       |
|     grp_fu_330_p2                                                                             |     |        | icmp_ln34_2          | seteq     | auto                     | 0       |
|     grp_fu_336_p2                                                                             |     |        | add_ln34_1           | add       | fabric                   | 0       |
|     icmp_ln55_fu_553_p2                                                                       |     |        | icmp_ln55            | setne     | auto                     | 0       |
|     icmp_ln55_1_fu_559_p2                                                                     |     |        | icmp_ln55_1          | setlt     | auto                     | 0       |
|     and_ln55_fu_565_p2                                                                        |     |        | and_ln55             | and       | auto                     | 0       |
|     add_ln56_fu_571_p2                                                                        |     |        | add_ln56             | add       | fabric                   | 0       |
|     xor_ln56_2_fu_585_p2                                                                      |     |        | xor_ln56_2           | xor       | auto                     | 0       |
|     xor_ln56_fu_611_p2                                                                        |     |        | xor_ln56             | xor       | auto                     | 0       |
|     grp_fu_324_p2                                                                             |     |        | add_ln33             | add       | fabric                   | 0       |
|     grp_fu_330_p2                                                                             |     |        | icmp_ln34            | seteq     | auto                     | 0       |
|     grp_fu_336_p2                                                                             |     |        | add_ln34             | add       | fabric                   | 0       |
|     sub_ln63_fu_677_p2                                                                        |     |        | sub_ln63             | sub       | fabric                   | 0       |
|     sub_ln62_fu_682_p2                                                                        |     |        | sub_ln62             | sub       | fabric                   | 0       |
|     add_ln62_fu_701_p2                                                                        |     |        | add_ln62             | add       | fabric                   | 0       |
|     select_ln62_fu_706_p3                                                                     |     |        | select_ln62          | select    | auto_sel                 | 0       |
|    + encode_bit_1_Pipeline_VITIS_LOOP_53_2 (grp_encode_bit_1_Pipeline_VITIS_LOOP_53_2_fu_281) | 0   |        |                      |           |                          |         |
|      icmp_ln53_fu_107_p2                                                                      |     |        | icmp_ln53            | seteq     | auto                     | 0       |
|      add_ln33_fu_142_p2                                                                       |     |        | add_ln33             | add       | fabric                   | 0       |
|      icmp_ln34_fu_148_p2                                                                      |     |        | icmp_ln34            | seteq     | auto                     | 0       |
|      add_ln34_fu_179_p2                                                                       |     |        | add_ln34             | add       | fabric                   | 0       |
|      add_ln53_fu_113_p2                                                                       |     |        | add_ln53             | add       | fabric                   | 0       |
|    + encode_bit_1_Pipeline_VITIS_LOOP_50_1 (grp_encode_bit_1_Pipeline_VITIS_LOOP_50_1_fu_297) | 0   |        |                      |           |                          |         |
|      icmp_ln50_fu_109_p2                                                                      |     |        | icmp_ln50            | seteq     | auto                     | 0       |
|      add_ln33_fu_150_p2                                                                       |     |        | add_ln33             | add       | fabric                   | 0       |
|      icmp_ln34_fu_156_p2                                                                      |     |        | icmp_ln34            | seteq     | auto                     | 0       |
|      add_ln34_fu_187_p2                                                                       |     |        | add_ln34             | add       | fabric                   | 0       |
|      add_ln50_fu_115_p2                                                                       |     |        | add_ln50             | add       | fabric                   | 0       |
|   + encode_chunk_Pipeline_VITIS_LOOP_33_5 (grp_encode_chunk_Pipeline_VITIS_LOOP_33_5_fu_357)  | 0   |        |                      |           |                          |         |
|     icmp_ln33_fu_143_p2                                                                       |     |        | icmp_ln33            | seteq     | auto                     | 0       |
|     nb_fu_173_p2                                                                              |     |        | nb                   | add       | fabric                   | 0       |
|     icmp_ln34_fu_179_p2                                                                       |     |        | icmp_ln34            | seteq     | auto                     | 0       |
|     oi_fu_198_p2                                                                              |     |        | oi                   | add       | fabric                   | 0       |
|     pending_fu_149_p2                                                                         |     |        | pending              | add       | fabric                   | 0       |
|   + encode_chunk_Pipeline_VITIS_LOOP_32_4 (grp_encode_chunk_Pipeline_VITIS_LOOP_32_4_fu_373)  | 0   |        |                      |           |                          |         |
|     icmp_ln32_fu_145_p2                                                                       |     |        | icmp_ln32            | seteq     | auto                     | 0       |
|     nb_fu_181_p2                                                                              |     |        | nb                   | add       | fabric                   | 0       |
|     icmp_ln34_fu_187_p2                                                                       |     |        | icmp_ln34            | seteq     | auto                     | 0       |
|     oi_fu_206_p2                                                                              |     |        | oi                   | add       | fabric                   | 0       |
|     pending_fu_151_p2                                                                         |     |        | pending              | add       | fabric                   | 0       |
|  + encode_chunk (grp_encode_chunk_fu_300)                                                     | 6   |        |                      |           |                          |         |
|    icmp_ln21_fu_528_p2                                                                        |     |        | icmp_ln21            | setlt     | auto                     | 0       |
|    add_ln21_fu_533_p2                                                                         |     |        | add_ln21             | add       | fabric                   | 0       |
|    lshr_ln25_fu_604_p2                                                                        |     |        | lshr_ln25            | lshr      | auto_pipe                | 0       |
|    j_1_fu_630_p2                                                                              |     |        | j_1                  | add       | fabric                   | 0       |
|    pending_2_fu_714_p2                                                                        |     |        | pending_2            | add       | fabric                   | 0       |
|    icmp_ln32_fu_730_p2                                                                        |     |        | icmp_ln32            | seteq     | auto                     | 0       |
|    nb_fu_740_p2                                                                               |     |        | nb                   | add       | fabric                   | 0       |
|    icmp_ln34_fu_753_p2                                                                        |     |        | icmp_ln34            | seteq     | auto                     | 0       |
|    grp_fu_433_p2                                                                              |     |        | oi_4                 | add       | fabric                   | 0       |
|    grp_fu_433_p2                                                                              |     |        | oi_3                 | add       | fabric                   | 0       |
|    icmp_ln34_1_fu_793_p2                                                                      |     |        | icmp_ln34_1          | setgt     | auto                     | 0       |
|    sub_ln34_fu_799_p2                                                                         |     |        | sub_ln34             | sub       | fabric                   | 0       |
|    shl_ln34_fu_809_p2                                                                         |     |        | shl_ln34             | shl       | auto_pipe                | 0       |
|    oi_5_fu_816_p2                                                                             |     |        | oi_5                 | add       | fabric                   | 0       |
|   + encode_chunk_Pipeline_VITIS_LOOP_17_1 (grp_encode_chunk_Pipeline_VITIS_LOOP_17_1_fu_319)  | 0   |        |                      |           |                          |         |
|     icmp_ln17_fu_56_p2                                                                        |     |        | icmp_ln17            | seteq     | auto                     | 0       |
|     add_ln17_fu_62_p2                                                                         |     |        | add_ln17             | add       | fabric                   | 0       |
|   + encode_bit (grp_encode_bit_fu_325)                                                        | 3   |        |                      |           |                          |         |
|     mul_32s_32s_32_1_1_U30                                                                    | 3   |        | mul_ln42             | mul       | auto                     | 0       |
|     add_ln44_fu_432_p2                                                                        |     |        | add_ln44             | add       | fabric                   | 0       |
|     add_ln43_fu_437_p2                                                                        |     |        | add_ln43             | add       | fabric                   | 0       |
|     low_write_assign_ph_fu_443_p3                                                             |     |        | low_write_assign_ph  | select    | auto_sel                 | 0       |
|     high_write_assign_ph_fu_451_p3                                                            |     |        | high_write_assign_ph | select    | auto_sel                 | 0       |
|     p_ph_fu_459_p3                                                                            |     |        | p_ph                 | select    | auto_sel                 | 0       |
|     p_ph7_fu_466_p3                                                                           |     |        | p_ph7                | select    | auto_sel                 | 0       |
|     r_3_fu_508_p2                                                                             |     |        | r_3                  | add       | fabric                   | 0       |
|     icmp_ln48_fu_538_p2                                                                       |     |        | icmp_ln48            | seteq     | auto                     | 0       |
|     icmp_ln51_fu_554_p2                                                                       |     |        | icmp_ln51            | seteq     | auto                     | 0       |
|     grp_fu_348_p2                                                                             |     |        | add_ln33_2           | add       | fabric                   | 0       |
|     grp_fu_354_p2                                                                             |     |        | icmp_ln34_3          | seteq     | auto                     | 0       |
|     grp_fu_360_p2                                                                             |     |        | add_ln34_2           | add       | fabric                   | 0       |
|     icmp_ln55_fu_603_p2                                                                       |     |        | icmp_ln55            | setne     | auto                     | 0       |
|     icmp_ln55_2_fu_609_p2                                                                     |     |        | icmp_ln55_2          | setlt     | auto                     | 0       |
|     and_ln55_fu_615_p2                                                                        |     |        | and_ln55             | and       | auto                     | 0       |
|     add_ln56_fu_621_p2                                                                        |     |        | add_ln56             | add       | fabric                   | 0       |
|     xor_ln56_3_fu_635_p2                                                                      |     |        | xor_ln56_3           | xor       | auto                     | 0       |
|     xor_ln56_fu_661_p2                                                                        |     |        | xor_ln56             | xor       | auto                     | 0       |
|     grp_fu_348_p2                                                                             |     |        | add_ln33             | add       | fabric                   | 0       |
|     grp_fu_354_p2                                                                             |     |        | icmp_ln34            | seteq     | auto                     | 0       |
|     grp_fu_360_p2                                                                             |     |        | add_ln34             | add       | fabric                   | 0       |
|     sub_ln63_fu_727_p2                                                                        |     |        | sub_ln63             | sub       | fabric                   | 0       |
|     sub_ln62_fu_732_p2                                                                        |     |        | sub_ln62             | sub       | fabric                   | 0       |
|     add_ln62_fu_751_p2                                                                        |     |        | add_ln62             | add       | fabric                   | 0       |
|     select_ln62_fu_756_p3                                                                     |     |        | select_ln62          | select    | auto_sel                 | 0       |
|    + encode_bit_Pipeline_VITIS_LOOP_53_2 (grp_encode_bit_Pipeline_VITIS_LOOP_53_2_fu_305)     | 0   |        |                      |           |                          |         |
|      icmp_ln53_fu_107_p2                                                                      |     |        | icmp_ln53            | seteq     | auto                     | 0       |
|      add_ln33_fu_142_p2                                                                       |     |        | add_ln33             | add       | fabric                   | 0       |
|      icmp_ln34_fu_148_p2                                                                      |     |        | icmp_ln34            | seteq     | auto                     | 0       |
|      add_ln34_fu_179_p2                                                                       |     |        | add_ln34             | add       | fabric                   | 0       |
|      add_ln53_fu_113_p2                                                                       |     |        | add_ln53             | add       | fabric                   | 0       |
|    + encode_bit_Pipeline_VITIS_LOOP_50_1 (grp_encode_bit_Pipeline_VITIS_LOOP_50_1_fu_321)     | 0   |        |                      |           |                          |         |
|      icmp_ln50_fu_109_p2                                                                      |     |        | icmp_ln50            | seteq     | auto                     | 0       |
|      add_ln33_fu_150_p2                                                                       |     |        | add_ln33             | add       | fabric                   | 0       |
|      icmp_ln34_fu_156_p2                                                                      |     |        | icmp_ln34            | seteq     | auto                     | 0       |
|      add_ln34_fu_187_p2                                                                       |     |        | add_ln34             | add       | fabric                   | 0       |
|      add_ln50_fu_115_p2                                                                       |     |        | add_ln50             | add       | fabric                   | 0       |
|   + encode_bit_1 (grp_encode_bit_1_fu_343)                                                    | 3   |        |                      |           |                          |         |
|     mul_32s_32s_32_1_1_U59                                                                    | 3   |        | mul_ln42             | mul       | auto                     | 0       |
|     add_ln43_fu_408_p2                                                                        |     |        | add_ln43             | add       | fabric                   | 0       |
|     add_ln43_1_fu_413_p2                                                                      |     |        | add_ln43_1           | add       | fabric                   | 0       |
|     select_ln43_fu_419_p3                                                                     |     |        | select_ln43          | select    | auto_sel                 | 0       |
|     select_ln43_1_fu_426_p3                                                                   |     |        | select_ln43_1        | select    | auto_sel                 | 0       |
|     r_2_fu_458_p2                                                                             |     |        | r_2                  | add       | fabric                   | 0       |
|     icmp_ln48_fu_488_p2                                                                       |     |        | icmp_ln48            | seteq     | auto                     | 0       |
|     icmp_ln51_fu_504_p2                                                                       |     |        | icmp_ln51            | seteq     | auto                     | 0       |
|     grp_fu_324_p2                                                                             |     |        | add_ln33_1           | add       | fabric                   | 0       |
|     grp_fu_330_p2                                                                             |     |        | icmp_ln34_2          | seteq     | auto                     | 0       |
|     grp_fu_336_p2                                                                             |     |        | add_ln34_1           | add       | fabric                   | 0       |
|     icmp_ln55_fu_553_p2                                                                       |     |        | icmp_ln55            | setne     | auto                     | 0       |
|     icmp_ln55_1_fu_559_p2                                                                     |     |        | icmp_ln55_1          | setlt     | auto                     | 0       |
|     and_ln55_fu_565_p2                                                                        |     |        | and_ln55             | and       | auto                     | 0       |
|     add_ln56_fu_571_p2                                                                        |     |        | add_ln56             | add       | fabric                   | 0       |
|     xor_ln56_2_fu_585_p2                                                                      |     |        | xor_ln56_2           | xor       | auto                     | 0       |
|     xor_ln56_fu_611_p2                                                                        |     |        | xor_ln56             | xor       | auto                     | 0       |
|     grp_fu_324_p2                                                                             |     |        | add_ln33             | add       | fabric                   | 0       |
|     grp_fu_330_p2                                                                             |     |        | icmp_ln34            | seteq     | auto                     | 0       |
|     grp_fu_336_p2                                                                             |     |        | add_ln34             | add       | fabric                   | 0       |
|     sub_ln63_fu_677_p2                                                                        |     |        | sub_ln63             | sub       | fabric                   | 0       |
|     sub_ln62_fu_682_p2                                                                        |     |        | sub_ln62             | sub       | fabric                   | 0       |
|     add_ln62_fu_701_p2                                                                        |     |        | add_ln62             | add       | fabric                   | 0       |
|     select_ln62_fu_706_p3                                                                     |     |        | select_ln62          | select    | auto_sel                 | 0       |
|    + encode_bit_1_Pipeline_VITIS_LOOP_53_2 (grp_encode_bit_1_Pipeline_VITIS_LOOP_53_2_fu_281) | 0   |        |                      |           |                          |         |
|      icmp_ln53_fu_107_p2                                                                      |     |        | icmp_ln53            | seteq     | auto                     | 0       |
|      add_ln33_fu_142_p2                                                                       |     |        | add_ln33             | add       | fabric                   | 0       |
|      icmp_ln34_fu_148_p2                                                                      |     |        | icmp_ln34            | seteq     | auto                     | 0       |
|      add_ln34_fu_179_p2                                                                       |     |        | add_ln34             | add       | fabric                   | 0       |
|      add_ln53_fu_113_p2                                                                       |     |        | add_ln53             | add       | fabric                   | 0       |
|    + encode_bit_1_Pipeline_VITIS_LOOP_50_1 (grp_encode_bit_1_Pipeline_VITIS_LOOP_50_1_fu_297) | 0   |        |                      |           |                          |         |
|      icmp_ln50_fu_109_p2                                                                      |     |        | icmp_ln50            | seteq     | auto                     | 0       |
|      add_ln33_fu_150_p2                                                                       |     |        | add_ln33             | add       | fabric                   | 0       |
|      icmp_ln34_fu_156_p2                                                                      |     |        | icmp_ln34            | seteq     | auto                     | 0       |
|      add_ln34_fu_187_p2                                                                       |     |        | add_ln34             | add       | fabric                   | 0       |
|      add_ln50_fu_115_p2                                                                       |     |        | add_ln50             | add       | fabric                   | 0       |
|   + encode_chunk_Pipeline_VITIS_LOOP_33_5 (grp_encode_chunk_Pipeline_VITIS_LOOP_33_5_fu_357)  | 0   |        |                      |           |                          |         |
|     icmp_ln33_fu_143_p2                                                                       |     |        | icmp_ln33            | seteq     | auto                     | 0       |
|     nb_fu_173_p2                                                                              |     |        | nb                   | add       | fabric                   | 0       |
|     icmp_ln34_fu_179_p2                                                                       |     |        | icmp_ln34            | seteq     | auto                     | 0       |
|     oi_fu_198_p2                                                                              |     |        | oi                   | add       | fabric                   | 0       |
|     pending_fu_149_p2                                                                         |     |        | pending              | add       | fabric                   | 0       |
|   + encode_chunk_Pipeline_VITIS_LOOP_32_4 (grp_encode_chunk_Pipeline_VITIS_LOOP_32_4_fu_373)  | 0   |        |                      |           |                          |         |
|     icmp_ln32_fu_145_p2                                                                       |     |        | icmp_ln32            | seteq     | auto                     | 0       |
|     nb_fu_181_p2                                                                              |     |        | nb                   | add       | fabric                   | 0       |
|     icmp_ln34_fu_187_p2                                                                       |     |        | icmp_ln34            | seteq     | auto                     | 0       |
|     oi_fu_206_p2                                                                              |     |        | oi                   | add       | fabric                   | 0       |
|     pending_fu_151_p2                                                                         |     |        | pending              | add       | fabric                   | 0       |
|  + encode_chunk (grp_encode_chunk_fu_309)                                                     | 6   |        |                      |           |                          |         |
|    icmp_ln21_fu_528_p2                                                                        |     |        | icmp_ln21            | setlt     | auto                     | 0       |
|    add_ln21_fu_533_p2                                                                         |     |        | add_ln21             | add       | fabric                   | 0       |
|    lshr_ln25_fu_604_p2                                                                        |     |        | lshr_ln25            | lshr      | auto_pipe                | 0       |
|    j_1_fu_630_p2                                                                              |     |        | j_1                  | add       | fabric                   | 0       |
|    pending_2_fu_714_p2                                                                        |     |        | pending_2            | add       | fabric                   | 0       |
|    icmp_ln32_fu_730_p2                                                                        |     |        | icmp_ln32            | seteq     | auto                     | 0       |
|    nb_fu_740_p2                                                                               |     |        | nb                   | add       | fabric                   | 0       |
|    icmp_ln34_fu_753_p2                                                                        |     |        | icmp_ln34            | seteq     | auto                     | 0       |
|    grp_fu_433_p2                                                                              |     |        | oi_4                 | add       | fabric                   | 0       |
|    grp_fu_433_p2                                                                              |     |        | oi_3                 | add       | fabric                   | 0       |
|    icmp_ln34_1_fu_793_p2                                                                      |     |        | icmp_ln34_1          | setgt     | auto                     | 0       |
|    sub_ln34_fu_799_p2                                                                         |     |        | sub_ln34             | sub       | fabric                   | 0       |
|    shl_ln34_fu_809_p2                                                                         |     |        | shl_ln34             | shl       | auto_pipe                | 0       |
|    oi_5_fu_816_p2                                                                             |     |        | oi_5                 | add       | fabric                   | 0       |
|   + encode_chunk_Pipeline_VITIS_LOOP_17_1 (grp_encode_chunk_Pipeline_VITIS_LOOP_17_1_fu_319)  | 0   |        |                      |           |                          |         |
|     icmp_ln17_fu_56_p2                                                                        |     |        | icmp_ln17            | seteq     | auto                     | 0       |
|     add_ln17_fu_62_p2                                                                         |     |        | add_ln17             | add       | fabric                   | 0       |
|   + encode_bit (grp_encode_bit_fu_325)                                                        | 3   |        |                      |           |                          |         |
|     mul_32s_32s_32_1_1_U30                                                                    | 3   |        | mul_ln42             | mul       | auto                     | 0       |
|     add_ln44_fu_432_p2                                                                        |     |        | add_ln44             | add       | fabric                   | 0       |
|     add_ln43_fu_437_p2                                                                        |     |        | add_ln43             | add       | fabric                   | 0       |
|     low_write_assign_ph_fu_443_p3                                                             |     |        | low_write_assign_ph  | select    | auto_sel                 | 0       |
|     high_write_assign_ph_fu_451_p3                                                            |     |        | high_write_assign_ph | select    | auto_sel                 | 0       |
|     p_ph_fu_459_p3                                                                            |     |        | p_ph                 | select    | auto_sel                 | 0       |
|     p_ph7_fu_466_p3                                                                           |     |        | p_ph7                | select    | auto_sel                 | 0       |
|     r_3_fu_508_p2                                                                             |     |        | r_3                  | add       | fabric                   | 0       |
|     icmp_ln48_fu_538_p2                                                                       |     |        | icmp_ln48            | seteq     | auto                     | 0       |
|     icmp_ln51_fu_554_p2                                                                       |     |        | icmp_ln51            | seteq     | auto                     | 0       |
|     grp_fu_348_p2                                                                             |     |        | add_ln33_2           | add       | fabric                   | 0       |
|     grp_fu_354_p2                                                                             |     |        | icmp_ln34_3          | seteq     | auto                     | 0       |
|     grp_fu_360_p2                                                                             |     |        | add_ln34_2           | add       | fabric                   | 0       |
|     icmp_ln55_fu_603_p2                                                                       |     |        | icmp_ln55            | setne     | auto                     | 0       |
|     icmp_ln55_2_fu_609_p2                                                                     |     |        | icmp_ln55_2          | setlt     | auto                     | 0       |
|     and_ln55_fu_615_p2                                                                        |     |        | and_ln55             | and       | auto                     | 0       |
|     add_ln56_fu_621_p2                                                                        |     |        | add_ln56             | add       | fabric                   | 0       |
|     xor_ln56_3_fu_635_p2                                                                      |     |        | xor_ln56_3           | xor       | auto                     | 0       |
|     xor_ln56_fu_661_p2                                                                        |     |        | xor_ln56             | xor       | auto                     | 0       |
|     grp_fu_348_p2                                                                             |     |        | add_ln33             | add       | fabric                   | 0       |
|     grp_fu_354_p2                                                                             |     |        | icmp_ln34            | seteq     | auto                     | 0       |
|     grp_fu_360_p2                                                                             |     |        | add_ln34             | add       | fabric                   | 0       |
|     sub_ln63_fu_727_p2                                                                        |     |        | sub_ln63             | sub       | fabric                   | 0       |
|     sub_ln62_fu_732_p2                                                                        |     |        | sub_ln62             | sub       | fabric                   | 0       |
|     add_ln62_fu_751_p2                                                                        |     |        | add_ln62             | add       | fabric                   | 0       |
|     select_ln62_fu_756_p3                                                                     |     |        | select_ln62          | select    | auto_sel                 | 0       |
|    + encode_bit_Pipeline_VITIS_LOOP_53_2 (grp_encode_bit_Pipeline_VITIS_LOOP_53_2_fu_305)     | 0   |        |                      |           |                          |         |
|      icmp_ln53_fu_107_p2                                                                      |     |        | icmp_ln53            | seteq     | auto                     | 0       |
|      add_ln33_fu_142_p2                                                                       |     |        | add_ln33             | add       | fabric                   | 0       |
|      icmp_ln34_fu_148_p2                                                                      |     |        | icmp_ln34            | seteq     | auto                     | 0       |
|      add_ln34_fu_179_p2                                                                       |     |        | add_ln34             | add       | fabric                   | 0       |
|      add_ln53_fu_113_p2                                                                       |     |        | add_ln53             | add       | fabric                   | 0       |
|    + encode_bit_Pipeline_VITIS_LOOP_50_1 (grp_encode_bit_Pipeline_VITIS_LOOP_50_1_fu_321)     | 0   |        |                      |           |                          |         |
|      icmp_ln50_fu_109_p2                                                                      |     |        | icmp_ln50            | seteq     | auto                     | 0       |
|      add_ln33_fu_150_p2                                                                       |     |        | add_ln33             | add       | fabric                   | 0       |
|      icmp_ln34_fu_156_p2                                                                      |     |        | icmp_ln34            | seteq     | auto                     | 0       |
|      add_ln34_fu_187_p2                                                                       |     |        | add_ln34             | add       | fabric                   | 0       |
|      add_ln50_fu_115_p2                                                                       |     |        | add_ln50             | add       | fabric                   | 0       |
|   + encode_bit_1 (grp_encode_bit_1_fu_343)                                                    | 3   |        |                      |           |                          |         |
|     mul_32s_32s_32_1_1_U59                                                                    | 3   |        | mul_ln42             | mul       | auto                     | 0       |
|     add_ln43_fu_408_p2                                                                        |     |        | add_ln43             | add       | fabric                   | 0       |
|     add_ln43_1_fu_413_p2                                                                      |     |        | add_ln43_1           | add       | fabric                   | 0       |
|     select_ln43_fu_419_p3                                                                     |     |        | select_ln43          | select    | auto_sel                 | 0       |
|     select_ln43_1_fu_426_p3                                                                   |     |        | select_ln43_1        | select    | auto_sel                 | 0       |
|     r_2_fu_458_p2                                                                             |     |        | r_2                  | add       | fabric                   | 0       |
|     icmp_ln48_fu_488_p2                                                                       |     |        | icmp_ln48            | seteq     | auto                     | 0       |
|     icmp_ln51_fu_504_p2                                                                       |     |        | icmp_ln51            | seteq     | auto                     | 0       |
|     grp_fu_324_p2                                                                             |     |        | add_ln33_1           | add       | fabric                   | 0       |
|     grp_fu_330_p2                                                                             |     |        | icmp_ln34_2          | seteq     | auto                     | 0       |
|     grp_fu_336_p2                                                                             |     |        | add_ln34_1           | add       | fabric                   | 0       |
|     icmp_ln55_fu_553_p2                                                                       |     |        | icmp_ln55            | setne     | auto                     | 0       |
|     icmp_ln55_1_fu_559_p2                                                                     |     |        | icmp_ln55_1          | setlt     | auto                     | 0       |
|     and_ln55_fu_565_p2                                                                        |     |        | and_ln55             | and       | auto                     | 0       |
|     add_ln56_fu_571_p2                                                                        |     |        | add_ln56             | add       | fabric                   | 0       |
|     xor_ln56_2_fu_585_p2                                                                      |     |        | xor_ln56_2           | xor       | auto                     | 0       |
|     xor_ln56_fu_611_p2                                                                        |     |        | xor_ln56             | xor       | auto                     | 0       |
|     grp_fu_324_p2                                                                             |     |        | add_ln33             | add       | fabric                   | 0       |
|     grp_fu_330_p2                                                                             |     |        | icmp_ln34            | seteq     | auto                     | 0       |
|     grp_fu_336_p2                                                                             |     |        | add_ln34             | add       | fabric                   | 0       |
|     sub_ln63_fu_677_p2                                                                        |     |        | sub_ln63             | sub       | fabric                   | 0       |
|     sub_ln62_fu_682_p2                                                                        |     |        | sub_ln62             | sub       | fabric                   | 0       |
|     add_ln62_fu_701_p2                                                                        |     |        | add_ln62             | add       | fabric                   | 0       |
|     select_ln62_fu_706_p3                                                                     |     |        | select_ln62          | select    | auto_sel                 | 0       |
|    + encode_bit_1_Pipeline_VITIS_LOOP_53_2 (grp_encode_bit_1_Pipeline_VITIS_LOOP_53_2_fu_281) | 0   |        |                      |           |                          |         |
|      icmp_ln53_fu_107_p2                                                                      |     |        | icmp_ln53            | seteq     | auto                     | 0       |
|      add_ln33_fu_142_p2                                                                       |     |        | add_ln33             | add       | fabric                   | 0       |
|      icmp_ln34_fu_148_p2                                                                      |     |        | icmp_ln34            | seteq     | auto                     | 0       |
|      add_ln34_fu_179_p2                                                                       |     |        | add_ln34             | add       | fabric                   | 0       |
|      add_ln53_fu_113_p2                                                                       |     |        | add_ln53             | add       | fabric                   | 0       |
|    + encode_bit_1_Pipeline_VITIS_LOOP_50_1 (grp_encode_bit_1_Pipeline_VITIS_LOOP_50_1_fu_297) | 0   |        |                      |           |                          |         |
|      icmp_ln50_fu_109_p2                                                                      |     |        | icmp_ln50            | seteq     | auto                     | 0       |
|      add_ln33_fu_150_p2                                                                       |     |        | add_ln33             | add       | fabric                   | 0       |
|      icmp_ln34_fu_156_p2                                                                      |     |        | icmp_ln34            | seteq     | auto                     | 0       |
|      add_ln34_fu_187_p2                                                                       |     |        | add_ln34             | add       | fabric                   | 0       |
|      add_ln50_fu_115_p2                                                                       |     |        | add_ln50             | add       | fabric                   | 0       |
|   + encode_chunk_Pipeline_VITIS_LOOP_33_5 (grp_encode_chunk_Pipeline_VITIS_LOOP_33_5_fu_357)  | 0   |        |                      |           |                          |         |
|     icmp_ln33_fu_143_p2                                                                       |     |        | icmp_ln33            | seteq     | auto                     | 0       |
|     nb_fu_173_p2                                                                              |     |        | nb                   | add       | fabric                   | 0       |
|     icmp_ln34_fu_179_p2                                                                       |     |        | icmp_ln34            | seteq     | auto                     | 0       |
|     oi_fu_198_p2                                                                              |     |        | oi                   | add       | fabric                   | 0       |
|     pending_fu_149_p2                                                                         |     |        | pending              | add       | fabric                   | 0       |
|   + encode_chunk_Pipeline_VITIS_LOOP_32_4 (grp_encode_chunk_Pipeline_VITIS_LOOP_32_4_fu_373)  | 0   |        |                      |           |                          |         |
|     icmp_ln32_fu_145_p2                                                                       |     |        | icmp_ln32            | seteq     | auto                     | 0       |
|     nb_fu_181_p2                                                                              |     |        | nb                   | add       | fabric                   | 0       |
|     icmp_ln34_fu_187_p2                                                                       |     |        | icmp_ln34            | seteq     | auto                     | 0       |
|     oi_fu_206_p2                                                                              |     |        | oi                   | add       | fabric                   | 0       |
|     pending_fu_151_p2                                                                         |     |        | pending              | add       | fabric                   | 0       |
|  + encode_chunk (grp_encode_chunk_fu_318)                                                     | 6   |        |                      |           |                          |         |
|    icmp_ln21_fu_528_p2                                                                        |     |        | icmp_ln21            | setlt     | auto                     | 0       |
|    add_ln21_fu_533_p2                                                                         |     |        | add_ln21             | add       | fabric                   | 0       |
|    lshr_ln25_fu_604_p2                                                                        |     |        | lshr_ln25            | lshr      | auto_pipe                | 0       |
|    j_1_fu_630_p2                                                                              |     |        | j_1                  | add       | fabric                   | 0       |
|    pending_2_fu_714_p2                                                                        |     |        | pending_2            | add       | fabric                   | 0       |
|    icmp_ln32_fu_730_p2                                                                        |     |        | icmp_ln32            | seteq     | auto                     | 0       |
|    nb_fu_740_p2                                                                               |     |        | nb                   | add       | fabric                   | 0       |
|    icmp_ln34_fu_753_p2                                                                        |     |        | icmp_ln34            | seteq     | auto                     | 0       |
|    grp_fu_433_p2                                                                              |     |        | oi_4                 | add       | fabric                   | 0       |
|    grp_fu_433_p2                                                                              |     |        | oi_3                 | add       | fabric                   | 0       |
|    icmp_ln34_1_fu_793_p2                                                                      |     |        | icmp_ln34_1          | setgt     | auto                     | 0       |
|    sub_ln34_fu_799_p2                                                                         |     |        | sub_ln34             | sub       | fabric                   | 0       |
|    shl_ln34_fu_809_p2                                                                         |     |        | shl_ln34             | shl       | auto_pipe                | 0       |
|    oi_5_fu_816_p2                                                                             |     |        | oi_5                 | add       | fabric                   | 0       |
|   + encode_chunk_Pipeline_VITIS_LOOP_17_1 (grp_encode_chunk_Pipeline_VITIS_LOOP_17_1_fu_319)  | 0   |        |                      |           |                          |         |
|     icmp_ln17_fu_56_p2                                                                        |     |        | icmp_ln17            | seteq     | auto                     | 0       |
|     add_ln17_fu_62_p2                                                                         |     |        | add_ln17             | add       | fabric                   | 0       |
|   + encode_bit (grp_encode_bit_fu_325)                                                        | 3   |        |                      |           |                          |         |
|     mul_32s_32s_32_1_1_U30                                                                    | 3   |        | mul_ln42             | mul       | auto                     | 0       |
|     add_ln44_fu_432_p2                                                                        |     |        | add_ln44             | add       | fabric                   | 0       |
|     add_ln43_fu_437_p2                                                                        |     |        | add_ln43             | add       | fabric                   | 0       |
|     low_write_assign_ph_fu_443_p3                                                             |     |        | low_write_assign_ph  | select    | auto_sel                 | 0       |
|     high_write_assign_ph_fu_451_p3                                                            |     |        | high_write_assign_ph | select    | auto_sel                 | 0       |
|     p_ph_fu_459_p3                                                                            |     |        | p_ph                 | select    | auto_sel                 | 0       |
|     p_ph7_fu_466_p3                                                                           |     |        | p_ph7                | select    | auto_sel                 | 0       |
|     r_3_fu_508_p2                                                                             |     |        | r_3                  | add       | fabric                   | 0       |
|     icmp_ln48_fu_538_p2                                                                       |     |        | icmp_ln48            | seteq     | auto                     | 0       |
|     icmp_ln51_fu_554_p2                                                                       |     |        | icmp_ln51            | seteq     | auto                     | 0       |
|     grp_fu_348_p2                                                                             |     |        | add_ln33_2           | add       | fabric                   | 0       |
|     grp_fu_354_p2                                                                             |     |        | icmp_ln34_3          | seteq     | auto                     | 0       |
|     grp_fu_360_p2                                                                             |     |        | add_ln34_2           | add       | fabric                   | 0       |
|     icmp_ln55_fu_603_p2                                                                       |     |        | icmp_ln55            | setne     | auto                     | 0       |
|     icmp_ln55_2_fu_609_p2                                                                     |     |        | icmp_ln55_2          | setlt     | auto                     | 0       |
|     and_ln55_fu_615_p2                                                                        |     |        | and_ln55             | and       | auto                     | 0       |
|     add_ln56_fu_621_p2                                                                        |     |        | add_ln56             | add       | fabric                   | 0       |
|     xor_ln56_3_fu_635_p2                                                                      |     |        | xor_ln56_3           | xor       | auto                     | 0       |
|     xor_ln56_fu_661_p2                                                                        |     |        | xor_ln56             | xor       | auto                     | 0       |
|     grp_fu_348_p2                                                                             |     |        | add_ln33             | add       | fabric                   | 0       |
|     grp_fu_354_p2                                                                             |     |        | icmp_ln34            | seteq     | auto                     | 0       |
|     grp_fu_360_p2                                                                             |     |        | add_ln34             | add       | fabric                   | 0       |
|     sub_ln63_fu_727_p2                                                                        |     |        | sub_ln63             | sub       | fabric                   | 0       |
|     sub_ln62_fu_732_p2                                                                        |     |        | sub_ln62             | sub       | fabric                   | 0       |
|     add_ln62_fu_751_p2                                                                        |     |        | add_ln62             | add       | fabric                   | 0       |
|     select_ln62_fu_756_p3                                                                     |     |        | select_ln62          | select    | auto_sel                 | 0       |
|    + encode_bit_Pipeline_VITIS_LOOP_53_2 (grp_encode_bit_Pipeline_VITIS_LOOP_53_2_fu_305)     | 0   |        |                      |           |                          |         |
|      icmp_ln53_fu_107_p2                                                                      |     |        | icmp_ln53            | seteq     | auto                     | 0       |
|      add_ln33_fu_142_p2                                                                       |     |        | add_ln33             | add       | fabric                   | 0       |
|      icmp_ln34_fu_148_p2                                                                      |     |        | icmp_ln34            | seteq     | auto                     | 0       |
|      add_ln34_fu_179_p2                                                                       |     |        | add_ln34             | add       | fabric                   | 0       |
|      add_ln53_fu_113_p2                                                                       |     |        | add_ln53             | add       | fabric                   | 0       |
|    + encode_bit_Pipeline_VITIS_LOOP_50_1 (grp_encode_bit_Pipeline_VITIS_LOOP_50_1_fu_321)     | 0   |        |                      |           |                          |         |
|      icmp_ln50_fu_109_p2                                                                      |     |        | icmp_ln50            | seteq     | auto                     | 0       |
|      add_ln33_fu_150_p2                                                                       |     |        | add_ln33             | add       | fabric                   | 0       |
|      icmp_ln34_fu_156_p2                                                                      |     |        | icmp_ln34            | seteq     | auto                     | 0       |
|      add_ln34_fu_187_p2                                                                       |     |        | add_ln34             | add       | fabric                   | 0       |
|      add_ln50_fu_115_p2                                                                       |     |        | add_ln50             | add       | fabric                   | 0       |
|   + encode_bit_1 (grp_encode_bit_1_fu_343)                                                    | 3   |        |                      |           |                          |         |
|     mul_32s_32s_32_1_1_U59                                                                    | 3   |        | mul_ln42             | mul       | auto                     | 0       |
|     add_ln43_fu_408_p2                                                                        |     |        | add_ln43             | add       | fabric                   | 0       |
|     add_ln43_1_fu_413_p2                                                                      |     |        | add_ln43_1           | add       | fabric                   | 0       |
|     select_ln43_fu_419_p3                                                                     |     |        | select_ln43          | select    | auto_sel                 | 0       |
|     select_ln43_1_fu_426_p3                                                                   |     |        | select_ln43_1        | select    | auto_sel                 | 0       |
|     r_2_fu_458_p2                                                                             |     |        | r_2                  | add       | fabric                   | 0       |
|     icmp_ln48_fu_488_p2                                                                       |     |        | icmp_ln48            | seteq     | auto                     | 0       |
|     icmp_ln51_fu_504_p2                                                                       |     |        | icmp_ln51            | seteq     | auto                     | 0       |
|     grp_fu_324_p2                                                                             |     |        | add_ln33_1           | add       | fabric                   | 0       |
|     grp_fu_330_p2                                                                             |     |        | icmp_ln34_2          | seteq     | auto                     | 0       |
|     grp_fu_336_p2                                                                             |     |        | add_ln34_1           | add       | fabric                   | 0       |
|     icmp_ln55_fu_553_p2                                                                       |     |        | icmp_ln55            | setne     | auto                     | 0       |
|     icmp_ln55_1_fu_559_p2                                                                     |     |        | icmp_ln55_1          | setlt     | auto                     | 0       |
|     and_ln55_fu_565_p2                                                                        |     |        | and_ln55             | and       | auto                     | 0       |
|     add_ln56_fu_571_p2                                                                        |     |        | add_ln56             | add       | fabric                   | 0       |
|     xor_ln56_2_fu_585_p2                                                                      |     |        | xor_ln56_2           | xor       | auto                     | 0       |
|     xor_ln56_fu_611_p2                                                                        |     |        | xor_ln56             | xor       | auto                     | 0       |
|     grp_fu_324_p2                                                                             |     |        | add_ln33             | add       | fabric                   | 0       |
|     grp_fu_330_p2                                                                             |     |        | icmp_ln34            | seteq     | auto                     | 0       |
|     grp_fu_336_p2                                                                             |     |        | add_ln34             | add       | fabric                   | 0       |
|     sub_ln63_fu_677_p2                                                                        |     |        | sub_ln63             | sub       | fabric                   | 0       |
|     sub_ln62_fu_682_p2                                                                        |     |        | sub_ln62             | sub       | fabric                   | 0       |
|     add_ln62_fu_701_p2                                                                        |     |        | add_ln62             | add       | fabric                   | 0       |
|     select_ln62_fu_706_p3                                                                     |     |        | select_ln62          | select    | auto_sel                 | 0       |
|    + encode_bit_1_Pipeline_VITIS_LOOP_53_2 (grp_encode_bit_1_Pipeline_VITIS_LOOP_53_2_fu_281) | 0   |        |                      |           |                          |         |
|      icmp_ln53_fu_107_p2                                                                      |     |        | icmp_ln53            | seteq     | auto                     | 0       |
|      add_ln33_fu_142_p2                                                                       |     |        | add_ln33             | add       | fabric                   | 0       |
|      icmp_ln34_fu_148_p2                                                                      |     |        | icmp_ln34            | seteq     | auto                     | 0       |
|      add_ln34_fu_179_p2                                                                       |     |        | add_ln34             | add       | fabric                   | 0       |
|      add_ln53_fu_113_p2                                                                       |     |        | add_ln53             | add       | fabric                   | 0       |
|    + encode_bit_1_Pipeline_VITIS_LOOP_50_1 (grp_encode_bit_1_Pipeline_VITIS_LOOP_50_1_fu_297) | 0   |        |                      |           |                          |         |
|      icmp_ln50_fu_109_p2                                                                      |     |        | icmp_ln50            | seteq     | auto                     | 0       |
|      add_ln33_fu_150_p2                                                                       |     |        | add_ln33             | add       | fabric                   | 0       |
|      icmp_ln34_fu_156_p2                                                                      |     |        | icmp_ln34            | seteq     | auto                     | 0       |
|      add_ln34_fu_187_p2                                                                       |     |        | add_ln34             | add       | fabric                   | 0       |
|      add_ln50_fu_115_p2                                                                       |     |        | add_ln50             | add       | fabric                   | 0       |
|   + encode_chunk_Pipeline_VITIS_LOOP_33_5 (grp_encode_chunk_Pipeline_VITIS_LOOP_33_5_fu_357)  | 0   |        |                      |           |                          |         |
|     icmp_ln33_fu_143_p2                                                                       |     |        | icmp_ln33            | seteq     | auto                     | 0       |
|     nb_fu_173_p2                                                                              |     |        | nb                   | add       | fabric                   | 0       |
|     icmp_ln34_fu_179_p2                                                                       |     |        | icmp_ln34            | seteq     | auto                     | 0       |
|     oi_fu_198_p2                                                                              |     |        | oi                   | add       | fabric                   | 0       |
|     pending_fu_149_p2                                                                         |     |        | pending              | add       | fabric                   | 0       |
|   + encode_chunk_Pipeline_VITIS_LOOP_32_4 (grp_encode_chunk_Pipeline_VITIS_LOOP_32_4_fu_373)  | 0   |        |                      |           |                          |         |
|     icmp_ln32_fu_145_p2                                                                       |     |        | icmp_ln32            | seteq     | auto                     | 0       |
|     nb_fu_181_p2                                                                              |     |        | nb                   | add       | fabric                   | 0       |
|     icmp_ln34_fu_187_p2                                                                       |     |        | icmp_ln34            | seteq     | auto                     | 0       |
|     oi_fu_206_p2                                                                              |     |        | oi                   | add       | fabric                   | 0       |
|     pending_fu_151_p2                                                                         |     |        | pending              | add       | fabric                   | 0       |
|  + encode_chunk (grp_encode_chunk_fu_327)                                                     | 6   |        |                      |           |                          |         |
|    icmp_ln21_fu_528_p2                                                                        |     |        | icmp_ln21            | setlt     | auto                     | 0       |
|    add_ln21_fu_533_p2                                                                         |     |        | add_ln21             | add       | fabric                   | 0       |
|    lshr_ln25_fu_604_p2                                                                        |     |        | lshr_ln25            | lshr      | auto_pipe                | 0       |
|    j_1_fu_630_p2                                                                              |     |        | j_1                  | add       | fabric                   | 0       |
|    pending_2_fu_714_p2                                                                        |     |        | pending_2            | add       | fabric                   | 0       |
|    icmp_ln32_fu_730_p2                                                                        |     |        | icmp_ln32            | seteq     | auto                     | 0       |
|    nb_fu_740_p2                                                                               |     |        | nb                   | add       | fabric                   | 0       |
|    icmp_ln34_fu_753_p2                                                                        |     |        | icmp_ln34            | seteq     | auto                     | 0       |
|    grp_fu_433_p2                                                                              |     |        | oi_4                 | add       | fabric                   | 0       |
|    grp_fu_433_p2                                                                              |     |        | oi_3                 | add       | fabric                   | 0       |
|    icmp_ln34_1_fu_793_p2                                                                      |     |        | icmp_ln34_1          | setgt     | auto                     | 0       |
|    sub_ln34_fu_799_p2                                                                         |     |        | sub_ln34             | sub       | fabric                   | 0       |
|    shl_ln34_fu_809_p2                                                                         |     |        | shl_ln34             | shl       | auto_pipe                | 0       |
|    oi_5_fu_816_p2                                                                             |     |        | oi_5                 | add       | fabric                   | 0       |
|   + encode_chunk_Pipeline_VITIS_LOOP_17_1 (grp_encode_chunk_Pipeline_VITIS_LOOP_17_1_fu_319)  | 0   |        |                      |           |                          |         |
|     icmp_ln17_fu_56_p2                                                                        |     |        | icmp_ln17            | seteq     | auto                     | 0       |
|     add_ln17_fu_62_p2                                                                         |     |        | add_ln17             | add       | fabric                   | 0       |
|   + encode_bit (grp_encode_bit_fu_325)                                                        | 3   |        |                      |           |                          |         |
|     mul_32s_32s_32_1_1_U30                                                                    | 3   |        | mul_ln42             | mul       | auto                     | 0       |
|     add_ln44_fu_432_p2                                                                        |     |        | add_ln44             | add       | fabric                   | 0       |
|     add_ln43_fu_437_p2                                                                        |     |        | add_ln43             | add       | fabric                   | 0       |
|     low_write_assign_ph_fu_443_p3                                                             |     |        | low_write_assign_ph  | select    | auto_sel                 | 0       |
|     high_write_assign_ph_fu_451_p3                                                            |     |        | high_write_assign_ph | select    | auto_sel                 | 0       |
|     p_ph_fu_459_p3                                                                            |     |        | p_ph                 | select    | auto_sel                 | 0       |
|     p_ph7_fu_466_p3                                                                           |     |        | p_ph7                | select    | auto_sel                 | 0       |
|     r_3_fu_508_p2                                                                             |     |        | r_3                  | add       | fabric                   | 0       |
|     icmp_ln48_fu_538_p2                                                                       |     |        | icmp_ln48            | seteq     | auto                     | 0       |
|     icmp_ln51_fu_554_p2                                                                       |     |        | icmp_ln51            | seteq     | auto                     | 0       |
|     grp_fu_348_p2                                                                             |     |        | add_ln33_2           | add       | fabric                   | 0       |
|     grp_fu_354_p2                                                                             |     |        | icmp_ln34_3          | seteq     | auto                     | 0       |
|     grp_fu_360_p2                                                                             |     |        | add_ln34_2           | add       | fabric                   | 0       |
|     icmp_ln55_fu_603_p2                                                                       |     |        | icmp_ln55            | setne     | auto                     | 0       |
|     icmp_ln55_2_fu_609_p2                                                                     |     |        | icmp_ln55_2          | setlt     | auto                     | 0       |
|     and_ln55_fu_615_p2                                                                        |     |        | and_ln55             | and       | auto                     | 0       |
|     add_ln56_fu_621_p2                                                                        |     |        | add_ln56             | add       | fabric                   | 0       |
|     xor_ln56_3_fu_635_p2                                                                      |     |        | xor_ln56_3           | xor       | auto                     | 0       |
|     xor_ln56_fu_661_p2                                                                        |     |        | xor_ln56             | xor       | auto                     | 0       |
|     grp_fu_348_p2                                                                             |     |        | add_ln33             | add       | fabric                   | 0       |
|     grp_fu_354_p2                                                                             |     |        | icmp_ln34            | seteq     | auto                     | 0       |
|     grp_fu_360_p2                                                                             |     |        | add_ln34             | add       | fabric                   | 0       |
|     sub_ln63_fu_727_p2                                                                        |     |        | sub_ln63             | sub       | fabric                   | 0       |
|     sub_ln62_fu_732_p2                                                                        |     |        | sub_ln62             | sub       | fabric                   | 0       |
|     add_ln62_fu_751_p2                                                                        |     |        | add_ln62             | add       | fabric                   | 0       |
|     select_ln62_fu_756_p3                                                                     |     |        | select_ln62          | select    | auto_sel                 | 0       |
|    + encode_bit_Pipeline_VITIS_LOOP_53_2 (grp_encode_bit_Pipeline_VITIS_LOOP_53_2_fu_305)     | 0   |        |                      |           |                          |         |
|      icmp_ln53_fu_107_p2                                                                      |     |        | icmp_ln53            | seteq     | auto                     | 0       |
|      add_ln33_fu_142_p2                                                                       |     |        | add_ln33             | add       | fabric                   | 0       |
|      icmp_ln34_fu_148_p2                                                                      |     |        | icmp_ln34            | seteq     | auto                     | 0       |
|      add_ln34_fu_179_p2                                                                       |     |        | add_ln34             | add       | fabric                   | 0       |
|      add_ln53_fu_113_p2                                                                       |     |        | add_ln53             | add       | fabric                   | 0       |
|    + encode_bit_Pipeline_VITIS_LOOP_50_1 (grp_encode_bit_Pipeline_VITIS_LOOP_50_1_fu_321)     | 0   |        |                      |           |                          |         |
|      icmp_ln50_fu_109_p2                                                                      |     |        | icmp_ln50            | seteq     | auto                     | 0       |
|      add_ln33_fu_150_p2                                                                       |     |        | add_ln33             | add       | fabric                   | 0       |
|      icmp_ln34_fu_156_p2                                                                      |     |        | icmp_ln34            | seteq     | auto                     | 0       |
|      add_ln34_fu_187_p2                                                                       |     |        | add_ln34             | add       | fabric                   | 0       |
|      add_ln50_fu_115_p2                                                                       |     |        | add_ln50             | add       | fabric                   | 0       |
|   + encode_bit_1 (grp_encode_bit_1_fu_343)                                                    | 3   |        |                      |           |                          |         |
|     mul_32s_32s_32_1_1_U59                                                                    | 3   |        | mul_ln42             | mul       | auto                     | 0       |
|     add_ln43_fu_408_p2                                                                        |     |        | add_ln43             | add       | fabric                   | 0       |
|     add_ln43_1_fu_413_p2                                                                      |     |        | add_ln43_1           | add       | fabric                   | 0       |
|     select_ln43_fu_419_p3                                                                     |     |        | select_ln43          | select    | auto_sel                 | 0       |
|     select_ln43_1_fu_426_p3                                                                   |     |        | select_ln43_1        | select    | auto_sel                 | 0       |
|     r_2_fu_458_p2                                                                             |     |        | r_2                  | add       | fabric                   | 0       |
|     icmp_ln48_fu_488_p2                                                                       |     |        | icmp_ln48            | seteq     | auto                     | 0       |
|     icmp_ln51_fu_504_p2                                                                       |     |        | icmp_ln51            | seteq     | auto                     | 0       |
|     grp_fu_324_p2                                                                             |     |        | add_ln33_1           | add       | fabric                   | 0       |
|     grp_fu_330_p2                                                                             |     |        | icmp_ln34_2          | seteq     | auto                     | 0       |
|     grp_fu_336_p2                                                                             |     |        | add_ln34_1           | add       | fabric                   | 0       |
|     icmp_ln55_fu_553_p2                                                                       |     |        | icmp_ln55            | setne     | auto                     | 0       |
|     icmp_ln55_1_fu_559_p2                                                                     |     |        | icmp_ln55_1          | setlt     | auto                     | 0       |
|     and_ln55_fu_565_p2                                                                        |     |        | and_ln55             | and       | auto                     | 0       |
|     add_ln56_fu_571_p2                                                                        |     |        | add_ln56             | add       | fabric                   | 0       |
|     xor_ln56_2_fu_585_p2                                                                      |     |        | xor_ln56_2           | xor       | auto                     | 0       |
|     xor_ln56_fu_611_p2                                                                        |     |        | xor_ln56             | xor       | auto                     | 0       |
|     grp_fu_324_p2                                                                             |     |        | add_ln33             | add       | fabric                   | 0       |
|     grp_fu_330_p2                                                                             |     |        | icmp_ln34            | seteq     | auto                     | 0       |
|     grp_fu_336_p2                                                                             |     |        | add_ln34             | add       | fabric                   | 0       |
|     sub_ln63_fu_677_p2                                                                        |     |        | sub_ln63             | sub       | fabric                   | 0       |
|     sub_ln62_fu_682_p2                                                                        |     |        | sub_ln62             | sub       | fabric                   | 0       |
|     add_ln62_fu_701_p2                                                                        |     |        | add_ln62             | add       | fabric                   | 0       |
|     select_ln62_fu_706_p3                                                                     |     |        | select_ln62          | select    | auto_sel                 | 0       |
|    + encode_bit_1_Pipeline_VITIS_LOOP_53_2 (grp_encode_bit_1_Pipeline_VITIS_LOOP_53_2_fu_281) | 0   |        |                      |           |                          |         |
|      icmp_ln53_fu_107_p2                                                                      |     |        | icmp_ln53            | seteq     | auto                     | 0       |
|      add_ln33_fu_142_p2                                                                       |     |        | add_ln33             | add       | fabric                   | 0       |
|      icmp_ln34_fu_148_p2                                                                      |     |        | icmp_ln34            | seteq     | auto                     | 0       |
|      add_ln34_fu_179_p2                                                                       |     |        | add_ln34             | add       | fabric                   | 0       |
|      add_ln53_fu_113_p2                                                                       |     |        | add_ln53             | add       | fabric                   | 0       |
|    + encode_bit_1_Pipeline_VITIS_LOOP_50_1 (grp_encode_bit_1_Pipeline_VITIS_LOOP_50_1_fu_297) | 0   |        |                      |           |                          |         |
|      icmp_ln50_fu_109_p2                                                                      |     |        | icmp_ln50            | seteq     | auto                     | 0       |
|      add_ln33_fu_150_p2                                                                       |     |        | add_ln33             | add       | fabric                   | 0       |
|      icmp_ln34_fu_156_p2                                                                      |     |        | icmp_ln34            | seteq     | auto                     | 0       |
|      add_ln34_fu_187_p2                                                                       |     |        | add_ln34             | add       | fabric                   | 0       |
|      add_ln50_fu_115_p2                                                                       |     |        | add_ln50             | add       | fabric                   | 0       |
|   + encode_chunk_Pipeline_VITIS_LOOP_33_5 (grp_encode_chunk_Pipeline_VITIS_LOOP_33_5_fu_357)  | 0   |        |                      |           |                          |         |
|     icmp_ln33_fu_143_p2                                                                       |     |        | icmp_ln33            | seteq     | auto                     | 0       |
|     nb_fu_173_p2                                                                              |     |        | nb                   | add       | fabric                   | 0       |
|     icmp_ln34_fu_179_p2                                                                       |     |        | icmp_ln34            | seteq     | auto                     | 0       |
|     oi_fu_198_p2                                                                              |     |        | oi                   | add       | fabric                   | 0       |
|     pending_fu_149_p2                                                                         |     |        | pending              | add       | fabric                   | 0       |
|   + encode_chunk_Pipeline_VITIS_LOOP_32_4 (grp_encode_chunk_Pipeline_VITIS_LOOP_32_4_fu_373)  | 0   |        |                      |           |                          |         |
|     icmp_ln32_fu_145_p2                                                                       |     |        | icmp_ln32            | seteq     | auto                     | 0       |
|     nb_fu_181_p2                                                                              |     |        | nb                   | add       | fabric                   | 0       |
|     icmp_ln34_fu_187_p2                                                                       |     |        | icmp_ln34            | seteq     | auto                     | 0       |
|     oi_fu_206_p2                                                                              |     |        | oi                   | add       | fabric                   | 0       |
|     pending_fu_151_p2                                                                         |     |        | pending              | add       | fabric                   | 0       |
|  + arith_encode_Pipeline_VITIS_LOOP_66_1                                                      | 0   |        |                      |           |                          |         |
|    icmp_ln66_fu_229_p2                                                                        |     |        | icmp_ln66            | seteq     | auto                     | 0       |
|    add_ln66_fu_235_p2                                                                         |     |        | add_ln66             | add       | fabric                   | 0       |
|  + arith_encode_Pipeline_Header                                                               | 0   |        |                      |           |                          |         |
|    icmp_ln83_fu_152_p2                                                                        |     |        | icmp_ln83            | seteq     | auto                     | 0       |
|    add_ln83_fu_158_p2                                                                         |     |        | add_ln83             | add       | fabric                   | 0       |
|    sparsemux_17_3_16_1_1_U89                                                                  |     |        | tmp                  | sparsemux | compactencoding_dontcare | 0       |
|  + arith_encode_Pipeline_VITIS_LOOP_89_2                                                      | 0   |        |                      |           |                          |         |
|    icmp_ln89_fu_271_p2                                                                        |     |        | icmp_ln89            | setlt     | auto                     | 0       |
|    add_ln89_2_fu_277_p2                                                                       |     |        | add_ln89_2           | add       | fabric                   | 0       |
|    sparsemux_17_3_8_1_1_U100                                                                  |     |        | tmp_s                | sparsemux | compactencoding_dontcare | 0       |
|    add_ln89_fu_299_p2                                                                         |     |        | add_ln89             | add       | fabric                   | 0       |
|    add_ln89_1_fu_309_p2                                                                       |     |        | add_ln89_1           | add       | fabric                   | 0       |
|    shl_ln89_fu_380_p2                                                                         |     |        | shl_ln89             | shl       | auto_pipe                | 0       |
|    shl_ln89_2_fu_397_p2                                                                       |     |        | shl_ln89_2           | shl       | auto_pipe                | 0       |
+-----------------------------------------------------------------------------------------------+-----+--------+----------------------+-----------+--------------------------+---------+


================================================================
== Storage Report
================================================================
+----------------------------------------------------------------+--------------+-----------+------+------+--------+------------------------------------------------------------+------+---------+------------------+
| Name                                                           | Usage        | Type      | BRAM | URAM | Pragma | Variable                                                   | Impl | Latency | Bitwidth, Depth, |
|                                                                |              |           |      |      |        |                                                            |      |         | Banks            |
+----------------------------------------------------------------+--------------+-----------+------+------+--------+------------------------------------------------------------+------+---------+------------------+
| + arith_encode                                                 |              |           | 26   | 0    |        |                                                            |      |         |                  |
|   control_s_axi_U                                              | interface    | s_axilite |      |      |        |                                                            |      |         |                  |
|   gmem0_m_axi_U                                                | interface    | m_axi     | 2    |      |        |                                                            |      |         |                  |
|   gmem1_m_axi_U                                                | interface    | m_axi     |      |      |        |                                                            |      |         |                  |
|   arith_encode_unsigned_char_const_int_unsigned_char_buf_U     | ram_1p       |           | 1    |      |        | arith_encode_unsigned_char_const_int_unsigned_char_buf     | auto | 1       | 8, 576, 1        |
|   arith_encode_unsigned_char_const_int_unsigned_char_buf_2_U   | ram_1p       |           | 1    |      |        | arith_encode_unsigned_char_const_int_unsigned_char_buf_2   | auto | 1       | 8, 576, 1        |
|   arith_encode_unsigned_char_const_int_unsigned_char_buf_3_U   | ram_1p       |           | 1    |      |        | arith_encode_unsigned_char_const_int_unsigned_char_buf_3   | auto | 1       | 8, 576, 1        |
|   arith_encode_unsigned_char_const_int_unsigned_char_buf_4_U   | ram_1p       |           | 1    |      |        | arith_encode_unsigned_char_const_int_unsigned_char_buf_4   | auto | 1       | 8, 576, 1        |
|   arith_encode_unsigned_char_const_int_unsigned_char_buf_5_U   | ram_1p       |           | 1    |      |        | arith_encode_unsigned_char_const_int_unsigned_char_buf_5   | auto | 1       | 8, 576, 1        |
|   arith_encode_unsigned_char_const_int_unsigned_char_buf_6_U   | ram_1p       |           | 1    |      |        | arith_encode_unsigned_char_const_int_unsigned_char_buf_6   | auto | 1       | 8, 576, 1        |
|   arith_encode_unsigned_char_const_int_unsigned_char_buf_7_U   | ram_1p       |           | 1    |      |        | arith_encode_unsigned_char_const_int_unsigned_char_buf_7   | auto | 1       | 8, 576, 1        |
|   arith_encode_unsigned_char_const_int_unsigned_char_buf_8_U   | ram_1p       |           | 1    |      |        | arith_encode_unsigned_char_const_int_unsigned_char_buf_8   | auto | 1       | 8, 576, 1        |
|   arith_encode_unsigned_char_const_int_unsigned_char_cout_U    | ram_1p       |           | 1    |      |        | arith_encode_unsigned_char_const_int_unsigned_char_cout    | auto | 1       | 8, 576, 1        |
|   arith_encode_unsigned_char_const_int_unsigned_char_cout_9_U  | ram_1p       |           | 1    |      |        | arith_encode_unsigned_char_const_int_unsigned_char_cout_9  | auto | 1       | 8, 576, 1        |
|   arith_encode_unsigned_char_const_int_unsigned_char_cout_10_U | ram_1p       |           | 1    |      |        | arith_encode_unsigned_char_const_int_unsigned_char_cout_10 | auto | 1       | 8, 576, 1        |
|   arith_encode_unsigned_char_const_int_unsigned_char_cout_11_U | ram_1p       |           | 1    |      |        | arith_encode_unsigned_char_const_int_unsigned_char_cout_11 | auto | 1       | 8, 576, 1        |
|   arith_encode_unsigned_char_const_int_unsigned_char_cout_12_U | ram_1p       |           | 1    |      |        | arith_encode_unsigned_char_const_int_unsigned_char_cout_12 | auto | 1       | 8, 576, 1        |
|   arith_encode_unsigned_char_const_int_unsigned_char_cout_13_U | ram_1p       |           | 1    |      |        | arith_encode_unsigned_char_const_int_unsigned_char_cout_13 | auto | 1       | 8, 576, 1        |
|   arith_encode_unsigned_char_const_int_unsigned_char_cout_14_U | ram_1p       |           | 1    |      |        | arith_encode_unsigned_char_const_int_unsigned_char_cout_14 | auto | 1       | 8, 576, 1        |
|   arith_encode_unsigned_char_const_int_unsigned_char_cout_15_U | ram_1p       |           | 1    |      |        | arith_encode_unsigned_char_const_int_unsigned_char_cout_15 | auto | 1       | 8, 576, 1        |
|  + encode_chunk (grp_encode_chunk_fu_264)                      |              |           | 1    | 0    |        |                                                            |      |         |                  |
|    tree_U                                                      | ram_1p array |           | 1    |      |        | tree                                                       | auto | 1       | 32, 256, 1       |
|  + encode_chunk (grp_encode_chunk_fu_273)                      |              |           | 1    | 0    |        |                                                            |      |         |                  |
|    tree_U                                                      | ram_1p array |           | 1    |      |        | tree                                                       | auto | 1       | 32, 256, 1       |
|  + encode_chunk (grp_encode_chunk_fu_282)                      |              |           | 1    | 0    |        |                                                            |      |         |                  |
|    tree_U                                                      | ram_1p array |           | 1    |      |        | tree                                                       | auto | 1       | 32, 256, 1       |
|  + encode_chunk (grp_encode_chunk_fu_291)                      |              |           | 1    | 0    |        |                                                            |      |         |                  |
|    tree_U                                                      | ram_1p array |           | 1    |      |        | tree                                                       | auto | 1       | 32, 256, 1       |
|  + encode_chunk (grp_encode_chunk_fu_300)                      |              |           | 1    | 0    |        |                                                            |      |         |                  |
|    tree_U                                                      | ram_1p array |           | 1    |      |        | tree                                                       | auto | 1       | 32, 256, 1       |
|  + encode_chunk (grp_encode_chunk_fu_309)                      |              |           | 1    | 0    |        |                                                            |      |         |                  |
|    tree_U                                                      | ram_1p array |           | 1    |      |        | tree                                                       | auto | 1       | 32, 256, 1       |
|  + encode_chunk (grp_encode_chunk_fu_318)                      |              |           | 1    | 0    |        |                                                            |      |         |                  |
|    tree_U                                                      | ram_1p array |           | 1    |      |        | tree                                                       | auto | 1       | 32, 256, 1       |
|  + encode_chunk (grp_encode_chunk_fu_327)                      |              |           | 1    | 0    |        |                                                            |      |         |                  |
|    tree_U                                                      | ram_1p array |           | 1    |      |        | tree                                                       | auto | 1       | 32, 256, 1       |
+----------------------------------------------------------------+--------------+-----------+------+------+--------+------------------------------------------------------------+------+---------+------------------+


================================================================
== Pragma Report
================================================================
* Inferred Pragmas
+----------+---------+--------------------------------------------------------------------------+-------------------------------+
| Type     | Options | Location                                                                 | Inferred From                 |
+----------+---------+--------------------------------------------------------------------------+-------------------------------+
| PIPELINE |         | loop VITIS_LOOP_50_1 (./arith3.h:50:30) in encode_bit (arith3.h:50)      | syn.compile.pipeline_loops=64 |
| PIPELINE |         | loop VITIS_LOOP_53_2 (./arith3.h:53:30) in encode_bit (arith3.h:53)      | syn.compile.pipeline_loops=64 |
| PIPELINE |         | loop VITIS_LOOP_17_1 (arith5.cpp:17:22) in encode_chunk (arith5.cpp:17)  | syn.compile.pipeline_loops=64 |
| PIPELINE |         | loop VITIS_LOOP_33_5 (arith5.cpp:33:58) in encode_chunk (arith5.cpp:33)  | syn.compile.pipeline_loops=64 |
| PIPELINE |         | loop VITIS_LOOP_32_4 (arith5.cpp:32:105) in encode_chunk (arith5.cpp:32) | syn.compile.pipeline_loops=64 |
| PIPELINE |         | loop VITIS_LOOP_66_1 (arith5.cpp:66:26) in arith_encode (arith5.cpp:66)  | syn.compile.pipeline_loops=64 |
| PIPELINE |         | loop Header (arith5.cpp:83:5) in arith_encode (arith5.cpp:83)            | syn.compile.pipeline_loops=64 |
| PIPELINE |         | loop VITIS_LOOP_89_2 (arith5.cpp:89:26) in arith_encode (arith5.cpp:89)  | syn.compile.pipeline_loops=64 |
+----------+---------+--------------------------------------------------------------------------+-------------------------------+

* Valid Pragma Syntax
+-----------------+------------------------------------------+---------------------------------+
| Type            | Options                                  | Location                        |
+-----------------+------------------------------------------+---------------------------------+
| INTERFACE       | m_axi port=in offset=slave bundle=gmem0  | in arith_encode (arith5.cpp:41) |
| INTERFACE       | m_axi port=out offset=slave bundle=gmem1 | in arith_encode (arith5.cpp:44) |
| ARRAY_PARTITION | variable=buf dim=1 complete              | in arith_encode (arith5.cpp:50) |
| ARRAY_PARTITION | variable=cout dim=1 complete             | in arith_encode (arith5.cpp:54) |
| ARRAY_PARTITION | variable=clen dim=1 complete             | in arith_encode (arith5.cpp:58) |
| UNROLL          |                                          | in arith_encode (arith5.cpp:74) |
+-----------------+------------------------------------------+---------------------------------+


